Fecha de ingreso;Fecha de alta;Día de la semana en la fecha del ingreso;Día de la semana en la fecha del alta;Zona Básica de Salud del Paciente;Ámbito de procedencia;Hospital;Área;Provincia;Edad;Sexo
2025-12-30T02:49:00+01:00;2025-12-30T21:51:00+01:00;Martes;Martes;ZBS Soria Rural;Rural;C.A. Soria;Soria;Soria;71;Hombre
2025-12-29T20:58:00+01:00;2025-12-31T15:21:00+01:00;Lunes;Miércoles;ZBS San Juan;Urbano;C.A.U. Salamanca;Salamanca;Salamanca;50;Hombre
2025-12-29T14:02:00+01:00;2025-12-31T12:28:00+01:00;Lunes;Miércoles;ZBS Eras de Renueva;Urbano;C.A.U. León;León;León;87;Mujer
2025-12-29T11:50:00+01:00;2025-12-31T16:59:00+01:00;Lunes;Miércoles;ZBS Aranda Norte;Urbano;C.A.U. Burgos;Burgos;Burgos;66;Hombre
2025-12-29T08:57:00+01:00;2025-12-29T15:37:00+01:00;Lunes;Lunes;ZBS Valladolid Rural II;Rural;H.U. Río Hortega;Valladolid Oeste;Valladolid;59;Mujer
2025-12-29T07:35:00+01:00;2025-12-30T17:19:00+01:00;Lunes;Martes;ZBS Matallana de Torio;Rural;C.A.U. León;León;León;74;Mujer
2025-12-29T02:21:00+01:00;2025-12-29T15:48:00+01:00;Lunes;Lunes;ZBS Delicias II;Urbano;H.C.U. Valladolid;Valladolid Este;Valladolid;37;Hombre
2025-12-28T22:17:00+01:00;2025-12-31T14:49:00+01:00;Domingo;Miércoles;ZBS Boñar;Rural;C.A.U. León;León;León;85;Mujer
2025-12-28T21:33:00+01:00;2025-12-30T18:36:00+01:00;Domingo;Martes;ZBS San Leonardo de Yagüe;Rural;C.A.U. Burgos;Burgos;Burgos;86;Mujer
2025-12-28T20:18:00+01:00;2025-12-30T20:14:00+01:00;Domingo;Martes;ZBS Villamuriel de Cerrato;Urbano;C.A.U. Palencia;Palencia;Palencia;62;Mujer
2025-12-27T18:19:00+01:00;2025-12-29T22:43:00+01:00;Sábado;Lunes;ZBS Ólvega;Rural;C.A. Soria;Soria;Soria;80;Hombre
2025-12-27T17:26:00+01:00;2025-12-30T00:30:00+01:00;Sábado;Lunes;ZBS Soria Sur;Urbano;C.A.U. Burgos;Burgos;Burgos;88;Hombre
2025-12-27T13:55:00+01:00;2025-12-27T16:30:00+01:00;Sábado;Sábado;ZBS Soria Sur;Urbano;C.A. Soria;Soria;Soria;88;Hombre
2025-12-27T08:18:00+01:00;2025-12-28T20:29:00+01:00;Sábado;Domingo;ZBS Miguel Armijo;Urbano;C.A.U. Salamanca;Salamanca;Salamanca;54;Mujer
2025-12-27T03:45:00+01:00;2025-12-30T16:33:00+01:00;Sábado;Martes;ZBS Eras de Renueva;Urbano;C.A.U. León;León;León;67;Mujer
2025-12-27T01:04:00+01:00;2025-12-30T18:55:00+01:00;Sábado;Martes;ZBS Roa de Duero;Rural;C.A.U. Burgos;Burgos;Burgos;85;Hombre
2025-12-26T22:13:00+01:00;2025-12-27T15:40:00+01:00;Viernes;Sábado;Zona Desconocida;Otra;C.A.U. León;León;León;77;Mujer
2025-12-26T19:32:00+01:00;2025-12-30T16:32:00+01:00;Viernes;Martes;ZBS Cistierna;Rural;C.A.U. León;León;León;98;Hombre
2025-12-26T19:26:00+01:00;2025-12-29T16:22:00+01:00;Viernes;Lunes;ZBS Benavente Norte;Urbano;C.A. Zamora;Zamora;Zamora;77;Mujer
2025-12-26T18:54:00+01:00;2025-12-29T20:55:00+01:00;Viernes;Lunes;ZBS Arenas de San Pedro;Rural;C.A.U. Salamanca;Salamanca;Salamanca;81;Hombre
2025-12-26T18:07:00+01:00;2025-12-30T16:20:00+01:00;Viernes;Martes;ZBS Parquesol;Urbano;H.U. Río Hortega;Valladolid Oeste;Valladolid;76;Hombre
2025-12-26T17:47:00+01:00;2025-12-29T19:54:00+01:00;Viernes;Lunes;Zona Desconocida;Otra;C.A.U. León;León;León;78;Hombre
2025-12-26T12:19:00+01:00;2025-12-30T19:47:00+01:00;Viernes;Martes;ZBS Miguel Armijo;Urbano;C.A.U. Salamanca;Salamanca;Salamanca;76;Mujer
2025-12-26T07:12:00+01:00;2025-12-28T19:59:00+01:00;Viernes;Domingo;ZBS Pilarica;Urbano;H.C.U. Valladolid;Valladolid Este;Valladolid;86;Mujer
2025-12-26T06:17:00+01:00;2025-12-28T01:20:00+01:00;Viernes;Domingo;ZBS Bermillo de Sayago;Rural;C.A.U. Salamanca;Salamanca;Salamanca;51;Hombre
2025-12-26T01:23:00+01:00;2025-12-30T15:14:00+01:00;Viernes;Martes;ZBS Ponferrada IV;Urbano;H. El Bierzo;Bierzo;León;64;Hombre
2025-12-26T00:49:00+01:00;2025-12-30T18:30:00+01:00;Jueves;Martes;ZBS Eras del Bosque;Urbano;C.A.U. Palencia;Palencia;Palencia;72;Hombre
2025-12-25T18:33:00+01:00;2025-12-29T16:52:00+01:00;Jueves;Lunes;ZBS Tordesillas;Rural;H.C.U. Valladolid;Valladolid Este;Valladolid;59;Hombre
2025-12-25T14:32:00+01:00;2025-12-30T19:53:00+01:00;Jueves;Martes;ZBS Santa Marta de Tormes;Rural;C.A.U. Salamanca;Salamanca;Salamanca;79;Hombre
2025-12-24T23:14:00+01:00;2025-12-29T17:28:00+01:00;Miércoles;Lunes;ZBS Villacastín;Rural;C.A. Segovia;Segovia;Segovia;79;Hombre
2025-12-24T21:54:00+01:00;2025-12-26T20:50:00+01:00;Miércoles;Viernes;ZBS Arenas de San Pedro;Rural;C.A. Ávila;Ávila;Ávila;81;Hombre
2025-12-24T20:37:00+01:00;2025-12-26T17:29:00+01:00;Miércoles;Viernes;ZBS Condesa;Urbano;C.A.U. León;León;León;92;Mujer
2025-12-24T19:27:00+01:00;2025-12-25T13:00:00+01:00;Miércoles;Jueves;ZBS Bañeza II;Rural;C.A.U. León;León;León;82;Hombre
2025-12-24T16:29:00+01:00;2025-12-28T14:10:00+01:00;Miércoles;Domingo;ZBS Alaejos;Rural;H. Medina del Campo;Valladolid Este;Valladolid;90;Hombre
2025-12-24T15:12:00+01:00;2025-12-26T17:18:00+01:00;Miércoles;Viernes;ZBS Cristobal Acosta;Urbano;C.A.U. Burgos;Burgos;Burgos;72;Hombre
2025-12-24T13:18:00+01:00;2025-12-29T14:31:00+01:00;Miércoles;Lunes;ZBS Crucero;Urbano;C.A.U. León;León;León;61;Mujer
2025-12-24T05:07:00+01:00;2025-12-26T19:26:00+01:00;Miércoles;Viernes;ZBS Cervera de Pisuerga;Rural;C.A.U. Palencia;Palencia;Palencia;99;Hombre
2025-12-24T01:24:00+01:00;2025-12-29T14:58:00+01:00;Miércoles;Lunes;ZBS Cacabelos;Rural;H. El Bierzo;Bierzo;León;83;Mujer
2025-12-23T18:41:00+01:00;2025-12-26T15:11:00+01:00;Martes;Viernes;ZBS Parquesol;Urbano;H.U. Río Hortega;Valladolid Oeste;Valladolid;60;Hombre
2025-12-23T17:50:00+01:00;2025-12-30T15:13:00+01:00;Martes;Martes;ZBS Ponferrada IV;Urbano;H. El Bierzo;Bierzo;León;91;Hombre
2025-12-23T17:23:00+01:00;2025-12-30T16:39:00+01:00;Martes;Martes;ZBS Gamonal Antigua;Urbano;C.A.U. Burgos;Burgos;Burgos;76;Hombre
2025-12-23T16:48:00+01:00;2025-12-26T19:43:00+01:00;Martes;Viernes;ZBS Benavente Norte;Urbano;C.A.U. León;León;León;77;Mujer
2025-12-23T16:44:00+01:00;2025-12-25T22:05:00+01:00;Martes;Jueves;ZBS Capuchinos;Urbano;C.A.U. Salamanca;Salamanca;Salamanca;81;Mujer
2025-12-23T16:40:00+01:00;2025-12-27T17:04:00+01:00;Martes;Sábado;ZBS Las Huelgas;Urbano;C.A.U. Burgos;Burgos;Burgos;66;Hombre
2025-12-23T16:08:00+01:00;2025-12-26T19:43:00+01:00;Martes;Viernes;ZBS Eras de Renueva;Urbano;C.A.U. León;León;León;79;Mujer
2025-12-23T14:38:00+01:00;2025-12-27T14:48:00+01:00;Martes;Sábado;ZBS Garrido Norte;Urbano;C.A.U. Salamanca;Salamanca;Salamanca;77;Mujer
2025-12-23T12:50:00+01:00;2025-12-24T14:49:00+01:00;Martes;Miércoles;ZBS Parquesol;Urbano;H.C.U. Valladolid;Valladolid Este;Valladolid;79;Hombre
2025-12-22T23:53:00+01:00;2025-12-30T17:29:00+01:00;Lunes;Martes;ZBS Arturo Eyries;Urbano;H.U. Río Hortega;Valladolid Oeste;Valladolid;64;Hombre
2025-12-22T23:43:00+01:00;2025-12-26T17:51:00+01:00;Lunes;Viernes;ZBS Plaza del Ejército;Urbano;H.C.U. Valladolid;Valladolid Este;Valladolid;76;Mujer
2025-12-22T20:55:00+01:00;2025-12-26T13:35:00+01:00;Lunes;Viernes;ZBS Zamora Norte;Rural;C.A. Zamora;Zamora;Zamora;85;Hombre
2025-12-22T20:07:00+01:00;2025-12-22T22:26:00+01:00;Lunes;Lunes;ZBS Plaza del Ejército;Urbano;H.U. Río Hortega;Valladolid Oeste;Valladolid;76;Mujer
2025-12-22T18:47:00+01:00;2025-12-25T15:06:00+01:00;Lunes;Jueves;ZBS Jardinillos;Urbano;C.A.U. Palencia;Palencia;Palencia;87;Mujer
2025-12-22T17:48:00+01:00;2025-12-24T16:44:00+01:00;Lunes;Miércoles;ZBS Trobajo del Camino;Rural;C.A.U. León;León;León;89;Mujer
2025-12-22T16:29:00+01:00;2025-12-24T16:35:00+01:00;Lunes;Miércoles;ZBS Eras de Renueva;Urbano;C.A.U. León;León;León;68;Mujer
2025-12-22T14:18:00+01:00;2025-12-26T15:58:00+01:00;Lunes;Viernes;ZBS Ávila Rural;Rural;C.A. Ávila;Ávila;Ávila;83;Hombre
2025-12-22T13:56:00+01:00;2025-12-30T21:15:00+01:00;Lunes;Martes;ZBS Benavente Sur;Urbano;C.A.U. León;León;León;66;Mujer
2025-12-22T13:31:00+01:00;2025-12-23T19:11:00+01:00;Lunes;Martes;ZBS Parquesol;Urbano;H.C.U. Valladolid;Valladolid Este;Valladolid;60;Hombre
2025-12-22T12:49:00+01:00;2025-12-29T17:48:00+01:00;Lunes;Lunes;ZBS Ávila Sur Oeste;Urbano;C.A. Ávila;Ávila;Ávila;70;Hombre
2025-12-22T08:44:00+01:00;2025-12-30T18:00:00+01:00;Lunes;Martes;ZBS El Espinar;Rural;C.A. Segovia;Segovia;Segovia;97;Hombre
2025-12-22T01:54:00+01:00;2025-12-27T14:21:00+01:00;Lunes;Sábado;ZBS Astorga I;Urbano;C.A.U. León;León;León;76;Mujer
2025-12-22T00:09:00+01:00;2025-12-29T17:22:00+01:00;Domingo;Lunes;ZBS Jardinillos;Urbano;H.C.U. Valladolid;Valladolid Este;Valladolid;38;Hombre
2025-12-21T23:16:00+01:00;2025-12-29T14:31:00+01:00;Domingo;Lunes;ZBS Condesa;Urbano;C.A.U. León;León;León;61;Mujer
2025-12-21T17:37:00+01:00;2025-12-23T15:10:00+01:00;Domingo;Martes;Zona Desconocida;Otra;C.A.U. Burgos;Burgos;Burgos;81;Mujer
2025-12-21T16:23:00+01:00;2025-12-26T00:22:00+01:00;Domingo;Jueves;ZBS Santa Marta de Tormes;Rural;C.A.U. Salamanca;Salamanca;Salamanca;95;Mujer
2025-12-21T15:28:00+01:00;2025-12-25T23:57:00+01:00;Domingo;Jueves;Zona Desconocida;Otra;C.A.U. Burgos;Burgos;Burgos;65;Mujer
2025-12-21T15:07:00+01:00;2025-12-31T11:10:00+01:00;Domingo;Miércoles;ZBS Tordesillas;Rural;H.U. Río Hortega;Valladolid Oeste;Valladolid;91;Hombre
2025-12-21T14:56:00+01:00;2025-12-23T20:28:00+01:00;Domingo;Martes;ZBS Puerta Nueva;Urbano;C.A.U. Salamanca;Salamanca;Salamanca;82;Hombre
2025-12-21T14:40:00+01:00;2025-12-24T14:04:00+01:00;Domingo;Miércoles;ZBS Aranda Norte;Urbano;C.A.U. Burgos;Burgos;Burgos;80;Hombre
2025-12-21T13:23:00+01:00;2025-12-21T13:45:00+01:00;Domingo;Domingo;Zona Desconocida;Otra;C.A. Soria;Soria;Soria;81;Mujer
2025-12-21T07:11:00+01:00;2025-12-29T16:57:00+01:00;Domingo;Lunes;ZBS Ávila Sur Oeste;Urbano;C.A. Ávila;Ávila;Ávila;48;Mujer
2025-12-20T23:12:00+01:00;2025-12-29T17:22:00+01:00;Sábado;Lunes;ZBS San Pablo;Urbano;H.C.U. Valladolid;Valladolid Este;Valladolid;50;Hombre
2025-12-20T19:11:00+01:00;2025-12-30T12:39:00+01:00;Sábado;Martes;ZBS Parquesol;Urbano;H.C.U. Valladolid;Valladolid Este;Valladolid;61;Hombre
2025-12-20T16:55:00+01:00;2025-12-29T19:30:00+01:00;Sábado;Lunes;ZBS Cistierna;Rural;C.A.U. León;León;León;77;Mujer
2025-12-20T15:00:00+01:00;2025-12-29T16:42:00+01:00;Sábado;Lunes;ZBS Alamedilla;Urbano;C.A.U. Salamanca;Salamanca;Salamanca;83;Hombre
2025-12-20T15:00:00+01:00;2025-12-22T13:17:00+01:00;Sábado;Lunes;ZBS Parquesol;Urbano;H.U. Río Hortega;Valladolid Oeste;Valladolid;59;Hombre
2025-12-20T01:14:00+01:00;2025-12-30T18:48:00+01:00;Sábado;Martes;ZBS Alcañices;Rural;C.A.U. Salamanca;Salamanca;Salamanca;67;Hombre
2025-12-20T01:11:00+01:00;2025-12-22T21:05:00+01:00;Sábado;Lunes;ZBS Fabero;Rural;H. El Bierzo;Bierzo;León;78;Mujer
2025-12-19T22:14:00+01:00;2025-12-22T17:32:00+01:00;Viernes;Lunes;ZBS Casa del Barco;Urbano;H.U. Río Hortega;Valladolid Oeste;Valladolid;93;Mujer
2025-12-19T21:59:00+01:00;2025-12-22T16:03:00+01:00;Viernes;Lunes;ZBS Benavente Norte;Urbano;C.A.U. León;León;León;60;Hombre
2025-12-19T18:53:00+01:00;2025-12-20T16:38:00+01:00;Viernes;Sábado;ZBS Casa del Barco;Urbano;H.U. Río Hortega;Valladolid Oeste;Valladolid;79;Mujer
2025-12-19T18:11:00+01:00;2025-12-24T17:56:00+01:00;Viernes;Miércoles;ZBS Las Huelgas;Urbano;C.A.U. Burgos;Burgos;Burgos;93;Mujer
2025-12-19T14:15:00+01:00;2025-12-23T15:53:00+01:00;Viernes;Martes;ZBS Valladolid Rural I;Rural;H.C.U. Valladolid;Valladolid Este;Valladolid;67;Hombre
2025-12-19T01:41:00+01:00;2025-12-29T21:00:00+01:00;Viernes;Lunes;ZBS Soria Sur;Urbano;C.A. Soria;Soria;Soria;80;Hombre
2025-12-19T00:54:00+01:00;2025-12-19T17:00:00+01:00;Jueves;Viernes;ZBS Villarcayo;Rural;C.A.U. Burgos;Burgos;Burgos;73;Mujer
2025-12-19T00:36:00+01:00;2025-12-19T08:11:00+01:00;Jueves;Viernes;ZBS Ávila Sur Oeste;Urbano;C.A. Ávila;Ávila;Ávila;76;Mujer
2025-12-18T23:30:00+01:00;2025-12-22T17:33:00+01:00;Jueves;Lunes;ZBS Aldeadávila de la Ribera;Rural;C.A.U. Salamanca;Salamanca;Salamanca;91;Mujer
2025-12-18T22:58:00+01:00;2025-12-22T17:12:00+01:00;Jueves;Lunes;ZBS Crucero;Urbano;C.A.U. León;León;León;12;Mujer
2025-12-18T21:42:00+01:00;2025-12-22T14:39:00+01:00;Jueves;Lunes;ZBS Periurbana Norte;Rural;C.A.U. Salamanca;Salamanca;Salamanca;94;Mujer
2025-12-18T21:16:00+01:00;2025-12-30T17:51:00+01:00;Jueves;Martes;ZBS De la Puebla;Urbano;C.A.U. Palencia;Palencia;Palencia;80;Mujer
2025-12-18T18:08:00+01:00;2025-12-22T18:05:00+01:00;Jueves;Lunes;ZBS Guijuelo;Rural;C.A.U. Salamanca;Salamanca;Salamanca;91;Mujer
2025-12-18T15:59:00+01:00;2025-12-22T18:15:00+01:00;Jueves;Lunes;ZBS Ávila Sur Oeste;Urbano;C.A.U. Salamanca;Salamanca;Salamanca;70;Hombre
2025-12-18T14:28:00+01:00;2025-12-21T16:56:00+01:00;Jueves;Domingo;ZBS Garrido Sur;Urbano;C.A.U. Salamanca;Salamanca;Salamanca;71;Hombre
2025-12-18T10:52:00+01:00;2025-12-26T14:22:00+01:00;Jueves;Viernes;ZBS Laguna de Duero;Rural;H.U. Río Hortega;Valladolid Oeste;Valladolid;41;Mujer
2025-12-18T00:21:00+01:00;2025-12-23T15:23:00+01:00;Miércoles;Martes;ZBS Medina del Campo Rural;Rural;H.C.U. Valladolid;Valladolid Este;Valladolid;82;Mujer
2025-12-17T21:28:00+01:00;2025-12-20T14:23:00+01:00;Miércoles;Sábado;ZBS Plaza del Ejército;Urbano;H.U. Río Hortega;Valladolid Oeste;Valladolid;95;Mujer
2025-12-17T20:26:00+01:00;2025-12-23T14:41:00+01:00;Miércoles;Martes;ZBS De la Puebla;Urbano;C.A.U. Palencia;Palencia;Palencia;85;Hombre
2025-12-17T18:30:00+01:00;2025-12-31T14:12:00+01:00;Miércoles;Miércoles;ZBS Alba de Tormes;Rural;C.A.U. Salamanca;Salamanca;Salamanca;84;Hombre
2025-12-17T17:35:00+01:00;2025-12-22T18:20:00+01:00;Miércoles;Lunes;ZBS Cuenca del Bernesga;Rural;C.A.U. León;León;León;64;Mujer
2025-12-17T02:40:00+01:00;2025-12-22T11:35:00+01:00;Miércoles;Lunes;ZBS Huerta del Rey;Urbano;H.U. Río Hortega;Valladolid Oeste;Valladolid;85;Mujer
2025-12-16T21:48:00+01:00;2025-12-23T15:59:00+01:00;Martes;Martes;ZBS Bañeza II;Rural;C.A.U. León;León;León;73;Hombre
2025-12-16T19:57:00+01:00;2025-12-22T16:27:00+01:00;Martes;Lunes;ZBS Puerta Nueva;Urbano;C.A.U. Salamanca;Salamanca;Salamanca;90;Hombre
2025-12-16T19:30:00+01:00;2025-12-18T08:36:00+01:00;Martes;Jueves;ZBS Circular;Urbano;H.C.U. Valladolid;Valladolid Este;Valladolid;92;Mujer
2025-12-16T19:27:00+01:00;2025-12-22T15:16:00+01:00;Martes;Lunes;ZBS San Antonio;Urbano;H. El Bierzo;Bierzo;León;57;Mujer
2025-12-16T19:14:00+01:00;2025-12-23T11:52:00+01:00;Martes;Martes;ZBS Puerta Nueva;Urbano;C.A. Zamora;Zamora;Zamora;90;Mujer
2025-12-16T18:57:00+01:00;2025-12-20T15:45:00+01:00;Martes;Sábado;ZBS Periurbana Norte;Rural;C.A.U. Salamanca;Salamanca;Salamanca;62;Hombre
2025-12-16T18:50:00+01:00;2025-12-18T17:19:00+01:00;Martes;Jueves;ZBS Medina de Rioseco;Rural;H.C.U. Valladolid;Valladolid Este;Valladolid;83;Mujer
2025-12-16T18:32:00+01:00;2025-12-30T21:16:00+01:00;Martes;Martes;ZBS Lerma;Rural;C.A.U. Burgos;Burgos;Burgos;83;Hombre
2025-12-16T18:17:00+01:00;2025-12-19T15:52:00+01:00;Martes;Viernes;ZBS José Aguado II;Urbano;C.A.U. León;León;León;69;Hombre
2025-12-16T17:02:00+01:00;2025-12-23T16:00:00+01:00;Martes;Martes;ZBS Periurbana Norte;Rural;C.A.U. Salamanca;Salamanca;Salamanca;79;Mujer
2025-12-16T16:59:00+01:00;2025-12-22T15:17:00+01:00;Martes;Lunes;ZBS Bierzo;Urbano;H. El Bierzo;Bierzo;León;77;Hombre
2025-12-16T15:30:00+01:00;2025-12-23T16:18:00+01:00;Martes;Martes;ZBS Riaza;Rural;C.A. Segovia;Segovia;Segovia;82;Hombre
2025-12-16T14:27:00+01:00;2025-12-22T18:37:00+01:00;Martes;Lunes;ZBS Puerta Nueva;Urbano;C.A.U. Salamanca;Salamanca;Salamanca;79;Mujer
2025-12-16T14:19:00+01:00;2025-12-23T15:44:00+01:00;Martes;Martes;ZBS San Andrés del Rabanedo;Rural;C.A.U. León;León;León;59;Hombre
2025-12-16T04:28:00+01:00;2025-12-19T15:06:00+01:00;Martes;Viernes;ZBS Ávila Sur Este;Urbano;C.A. Ávila;Ávila;Ávila;86;Mujer
2025-12-16T04:24:00+01:00;2025-12-22T18:10:00+01:00;Martes;Lunes;ZBS Jardinillos;Urbano;H.U. Río Hortega;Valladolid Oeste;Valladolid;87;Mujer
2025-12-16T03:20:00+01:00;2025-12-16T12:38:00+01:00;Martes;Martes;ZBS Puerta Nueva;Urbano;C.A. Zamora;Zamora;Zamora;79;Mujer
2025-12-16T02:15:00+01:00;2025-12-25T22:25:00+01:00;Martes;Jueves;ZBS La Victoria;Urbano;H.C.U. Valladolid;Valladolid Este;Valladolid;78;Mujer
2025-12-16T00:50:00+01:00;2025-12-19T16:22:00+01:00;Lunes;Viernes;ZBS Rondilla II;Urbano;H.C.U. Valladolid;Valladolid Este;Valladolid;79;Hombre
2025-12-16T00:47:00+01:00;2025-12-18T19:54:00+01:00;Lunes;Jueves;ZBS Miranda Este;Urbano;C.A.U. Burgos;Burgos;Burgos;72;Hombre
2025-12-16T00:18:00+01:00;2025-12-19T17:54:00+01:00;Lunes;Viernes;ZBS Soria Sur;Urbano;C.A. Soria;Soria;Soria;48;Hombre
2025-12-15T22:08:00+01:00;2025-12-22T18:31:00+01:00;Lunes;Lunes;ZBS San Agustín;Urbano;C.A.U. Burgos;Burgos;Burgos;88;Mujer
2025-12-15T21:08:00+01:00;2025-12-19T19:45:00+01:00;Lunes;Viernes;ZBS San Andrés del Rabanedo;Rural;C.A.U. León;León;León;78;Mujer
2025-12-15T20:53:00+01:00;2025-12-19T17:54:00+01:00;Lunes;Viernes;ZBS Ólvega;Rural;C.A. Soria;Soria;Soria;59;Hombre
2025-12-15T20:06:00+01:00;2025-12-30T15:45:00+01:00;Lunes;Martes;ZBS Gamazo;Urbano;H.C.U. Valladolid;Valladolid Este;Valladolid;80;Mujer
2025-12-15T19:34:00+01:00;2025-12-19T16:16:00+01:00;Lunes;Viernes;ZBS Zamora Sur;Rural;C.A. Zamora;Zamora;Zamora;55;Mujer
2025-12-15T18:47:00+01:00;2025-12-18T15:58:00+01:00;Lunes;Jueves;ZBS Toro;Urbano;C.A.U. Salamanca;Salamanca;Salamanca;73;Hombre
2025-12-15T16:52:00+01:00;2025-12-19T19:54:00+01:00;Lunes;Viernes;ZBS Aranda Norte;Urbano;H. Santos Reyes;Burgos;Burgos;94;Mujer
2025-12-15T14:04:00+01:00;2025-12-22T15:17:00+01:00;Lunes;Lunes;ZBS Bierzo;Urbano;H. El Bierzo;Bierzo;León;49;Hombre
2025-12-15T12:40:00+01:00;2025-12-20T15:20:00+01:00;Lunes;Sábado;ZBS Segovia III;Urbano;C.A. Segovia;Segovia;Segovia;66;Hombre
2025-12-15T04:03:00+01:00;2025-12-16T19:45:00+01:00;Lunes;Martes;ZBS Parque Alameda-Covaresa;Urbano;H.U. Río Hortega;Valladolid Oeste;Valladolid;45;Hombre
2025-12-15T01:59:00+01:00;2025-12-15T21:22:00+01:00;Lunes;Lunes;ZBS Soria Sur;Urbano;C.A. Soria;Soria;Soria;84;Mujer
2025-12-15T00:56:00+01:00;2025-12-24T19:26:00+01:00;Domingo;Miércoles;Zona Desconocida;Otra;C.A.U. León;León;León;64;Mujer
2025-12-14T22:21:00+01:00;2025-12-18T19:52:00+01:00;Domingo;Jueves;ZBS Aguilar de Campoo;Rural;C.A.U. Burgos;Burgos;Burgos;80;Hombre
2025-12-14T20:36:00+01:00;2025-12-27T15:34:00+01:00;Domingo;Sábado;ZBS La Palomera;Urbano;C.A.U. León;León;León;55;Mujer
2025-12-14T20:33:00+01:00;2025-12-24T13:42:00+01:00;Domingo;Miércoles;ZBS Santa Clara;Urbano;C.A.U. Burgos;Burgos;Burgos;59;Hombre
2025-12-14T20:21:00+01:00;2025-12-19T14:56:00+01:00;Domingo;Viernes;ZBS San Antonio;Urbano;H. El Bierzo;Bierzo;León;56;Hombre
2025-12-14T16:21:00+01:00;2025-12-16T15:45:00+01:00;Domingo;Martes;ZBS Ávila Norte;Urbano;C.A. Ávila;Ávila;Ávila;85;Hombre
2025-12-14T15:28:00+01:00;2025-12-26T17:27:00+01:00;Domingo;Viernes;ZBS La Palomera;Urbano;C.A.U. León;León;León;44;Hombre
2025-12-14T08:02:00+01:00;2025-12-18T17:01:00+01:00;Domingo;Jueves;ZBS Eras de Renueva;Urbano;C.A.U. León;León;León;63;Hombre
2025-12-14T03:31:00+01:00;2025-12-26T17:18:00+01:00;Domingo;Viernes;ZBS Aranda Norte;Urbano;C.A.U. Burgos;Burgos;Burgos;75;Hombre
2025-12-14T00:55:00+01:00;2025-12-15T17:22:00+01:00;Sábado;Lunes;ZBS San Andrés del Rabanedo;Rural;C.A.U. León;León;León;78;Mujer
2025-12-14T00:09:00+01:00;2025-12-19T20:34:00+01:00;Sábado;Viernes;ZBS Rondilla I;Urbano;H.C.U. Valladolid;Valladolid Este;Valladolid;70;Mujer
2025-12-13T21:51:00+01:00;2025-12-17T19:09:00+01:00;Sábado;Miércoles;ZBS Bañeza II;Rural;C.A.U. León;León;León;86;Mujer
2025-12-13T21:44:00+01:00;2025-12-15T21:35:00+01:00;Sábado;Lunes;ZBS Ólvega;Rural;C.A.U. Burgos;Burgos;Burgos;59;Hombre
2025-12-13T21:16:00+01:00;2025-12-18T17:16:00+01:00;Sábado;Jueves;ZBS Canterac;Urbano;H.C.U. Valladolid;Valladolid Este;Valladolid;85;Mujer
2025-12-13T20:25:00+01:00;2025-12-15T19:27:00+01:00;Sábado;Lunes;ZBS Zamora Sur;Rural;C.A.U. Salamanca;Salamanca;Salamanca;55;Mujer
2025-12-13T16:18:00+01:00;2025-12-17T19:20:00+01:00;Sábado;Miércoles;ZBS Capuchinos;Urbano;C.A.U. Salamanca;Salamanca;Salamanca;94;Hombre
2025-12-13T13:20:00+01:00;2025-12-18T19:53:00+01:00;Sábado;Jueves;ZBS Santa Clara;Urbano;C.A.U. Burgos;Burgos;Burgos;72;Hombre
2025-12-13T10:48:00+01:00;2025-12-26T19:27:00+01:00;Sábado;Viernes;ZBS Barrio España;Urbano;H.C.U. Valladolid;Valladolid Este;Valladolid;77;Hombre
2025-12-13T06:42:00+01:00;2025-12-24T00:13:00+01:00;Sábado;Martes;ZBS Arévalo;Urbano;C.A. Ávila;Ávila;Ávila;86;Mujer
2025-12-13T06:26:00+01:00;2025-12-16T18:55:00+01:00;Sábado;Martes;ZBS Segovia I;Urbano;C.A. Segovia;Segovia;Segovia;88;Hombre
2025-12-13T04:50:00+01:00;2025-12-18T21:45:00+01:00;Sábado;Jueves;ZBS Ávila Estación;Urbano;C.A.U. Salamanca;Salamanca;Salamanca;78;Hombre
2025-12-12T23:33:00+01:00;2025-12-30T18:35:00+01:00;Viernes;Martes;ZBS I. López Sáiz;Urbano;C.A.U. Burgos;Burgos;Burgos;98;Hombre
2025-12-12T22:14:00+01:00;2025-12-17T14:32:00+01:00;Viernes;Miércoles;ZBS Tórtola;Urbano;H.C.U. Valladolid;Valladolid Este;Valladolid;82;Hombre
2025-12-12T21:18:00+01:00;2025-12-18T13:46:00+01:00;Viernes;Jueves;ZBS Bierzo;Urbano;H. El Bierzo;Bierzo;León;85;Hombre
2025-12-12T18:06:00+01:00;2025-12-23T15:57:00+01:00;Viernes;Martes;ZBS Villafranca del Bierzo;Rural;H. El Bierzo;Bierzo;León;98;Hombre
2025-12-12T16:58:00+01:00;2025-12-18T15:26:00+01:00;Viernes;Jueves;ZBS Sahagún de Campos;Rural;C.A.U. León;León;León;70;Hombre
2025-12-12T15:34:00+01:00;2025-12-28T04:15:00+01:00;Viernes;Domingo;ZBS Canterac;Urbano;H.C.U. Valladolid;Valladolid Este;Valladolid;84;Hombre
2025-12-12T12:43:00+01:00;2025-12-18T19:10:00+01:00;Viernes;Jueves;Zona Desconocida;Otra;C.A.U. Salamanca;Salamanca;Salamanca;54;Mujer
2025-12-12T11:58:00+01:00;2025-12-14T21:57:00+01:00;Viernes;Domingo;ZBS Ponferrada III;Urbano;H. El Bierzo;Bierzo;León;72;Hombre
2025-12-12T11:41:00+01:00;2025-12-18T19:53:00+01:00;Viernes;Jueves;ZBS Peñafiel;Rural;C.A.U. Burgos;Burgos;Burgos;59;Hombre
2025-12-12T06:10:00+01:00;2025-12-30T21:13:00+01:00;Viernes;Martes;ZBS Aranda Sur;Urbano;C.A.U. Burgos;Burgos;Burgos;61;Mujer
2025-12-12T02:55:00+01:00;2025-12-30T13:31:00+01:00;Viernes;Martes;ZBS Zamora Norte;Rural;C.A. Zamora;Zamora;Zamora;84;Mujer
2025-12-12T02:22:00+01:00;2025-12-22T19:38:00+01:00;Viernes;Lunes;ZBS Segovia II;Urbano;C.A. Segovia;Segovia;Segovia;80;Mujer
2025-12-12T00:58:00+01:00;2025-12-17T15:15:00+01:00;Jueves;Miércoles;ZBS Fabero;Rural;H. El Bierzo;Bierzo;León;59;Hombre
2025-12-11T22:32:00+01:00;2025-12-12T15:15:00+01:00;Jueves;Viernes;ZBS Santa Clara;Urbano;C.A.U. Burgos;Burgos;Burgos;85;Hombre
2025-12-11T20:45:00+01:00;2025-12-14T08:31:00+01:00;Jueves;Domingo;ZBS José Luis Santamaría;Urbano;C.A.U. Burgos;Burgos;Burgos;85;Hombre
2025-12-11T20:35:00+01:00;2025-12-19T16:33:00+01:00;Jueves;Viernes;ZBS Armunia;Rural;C.A.U. León;León;León;76;Hombre
2025-12-11T15:43:00+01:00;2025-12-16T17:03:00+01:00;Jueves;Martes;ZBS Melgar Fernamental;Rural;C.A.U. Burgos;Burgos;Burgos;58;Mujer
2025-12-11T15:43:00+01:00;2025-12-17T18:54:00+01:00;Jueves;Miércoles;ZBS Ávila Norte;Urbano;C.A.U. Salamanca;Salamanca;Salamanca;74;Hombre
2025-12-11T15:18:00+01:00;2025-12-13T03:46:00+01:00;Jueves;Sábado;ZBS I. López Sáiz;Urbano;C.A.U. Burgos;Burgos;Burgos;75;Mujer
2025-12-11T13:57:00+01:00;2025-12-15T09:37:00+01:00;Jueves;Lunes;ZBS Lerma;Rural;C.A.U. Burgos;Burgos;Burgos;90;Hombre
2025-12-11T09:11:00+01:00;2025-12-11T21:39:00+01:00;Jueves;Jueves;ZBS Aranda Norte;Urbano;H. Santos Reyes;Burgos;Burgos;82;Hombre
2025-12-11T04:47:00+01:00;2025-12-13T13:15:00+01:00;Jueves;Sábado;ZBS Pisuerga;Rural;C.A.U. Salamanca;Salamanca;Salamanca;83;Hombre
2025-12-11T02:28:00+01:00;2025-12-17T20:53:00+01:00;Jueves;Miércoles;ZBS Cantalejo;Rural;H.C.U. Valladolid;Valladolid Este;Valladolid;75;Mujer
2025-12-10T23:20:00+01:00;2025-12-16T18:55:00+01:00;Miércoles;Martes;ZBS Ponferrada IV;Urbano;C.A.U. León;León;León;75;Hombre
2025-12-10T22:44:00+01:00;2025-12-16T16:54:00+01:00;Miércoles;Martes;ZBS Serrada;Rural;H.C.U. Valladolid;Valladolid Este;Valladolid;80;Mujer
2025-12-10T21:23:00+01:00;2025-12-13T22:28:00+01:00;Miércoles;Sábado;ZBS Santa Elena;Urbano;C.A. Zamora;Zamora;Zamora;91;Mujer
2025-12-10T21:00:00+01:00;2025-12-26T17:21:00+01:00;Miércoles;Viernes;ZBS Los Comuneros;Urbano;C.A.U. Burgos;Burgos;Burgos;89;Mujer
2025-12-10T19:56:00+01:00;2025-12-30T18:00:00+01:00;Miércoles;Martes;ZBS Crucero;Urbano;C.A.U. León;León;León;81;Mujer
2025-12-10T18:55:00+01:00;2025-12-19T15:47:00+01:00;Miércoles;Viernes;ZBS Valladolid Rural II;Rural;H.U. Río Hortega;Valladolid Oeste;Valladolid;59;Mujer
2025-12-10T18:43:00+01:00;2025-12-24T13:48:00+01:00;Miércoles;Miércoles;ZBS Benavente Sur;Urbano;C.A.U. León;León;León;77;Hombre
2025-12-10T17:34:00+01:00;2025-12-12T14:54:00+01:00;Miércoles;Viernes;ZBS Santa Elena;Urbano;C.A. Zamora;Zamora;Zamora;75;Mujer
2025-12-10T17:28:00+01:00;2025-12-13T13:43:00+01:00;Miércoles;Sábado;Zona Desconocida;Otra;C.A. Soria;Soria;Soria;63;Hombre
2025-12-10T12:48:00+01:00;2025-12-11T16:27:00+01:00;Miércoles;Jueves;ZBS Pedrosillo el Ralo;Rural;C.A.U. Salamanca;Salamanca;Salamanca;75;Mujer
2025-12-10T11:11:00+01:00;2025-12-22T13:21:00+01:00;Miércoles;Lunes;ZBS Pisuerga;Rural;H.U. Río Hortega;Valladolid Oeste;Valladolid;84;Hombre
2025-12-10T07:05:00+01:00;2025-12-16T05:55:00+01:00;Miércoles;Martes;ZBS Periurbana Norte;Rural;C.A.U. Salamanca;Salamanca;Salamanca;78;Hombre
2025-12-10T05:06:00+01:00;2025-12-15T19:29:00+01:00;Miércoles;Lunes;ZBS Cacabelos;Rural;C.A.U. León;León;León;73;Mujer
2025-12-10T04:13:00+01:00;2025-12-13T13:30:00+01:00;Miércoles;Sábado;ZBS Zamora Sur;Rural;C.A.U. Salamanca;Salamanca;Salamanca;88;Mujer
2025-12-10T02:42:00+01:00;2025-12-12T17:02:00+01:00;Miércoles;Viernes;ZBS Periurbana Norte;Rural;C.A.U. Salamanca;Salamanca;Salamanca;62;Hombre
2025-12-10T01:59:00+01:00;2025-12-12T15:46:00+01:00;Miércoles;Viernes;ZBS Bañeza II;Rural;C.A.U. León;León;León;90;Mujer
2025-12-10T00:44:00+01:00;2025-12-16T16:12:00+01:00;Martes;Martes;ZBS José Aguado II;Urbano;C.A.U. León;León;León;63;Hombre
2025-12-09T23:42:00+01:00;2025-12-12T15:35:00+01:00;Martes;Viernes;ZBS Cuéllar;Urbano;C.A. Segovia;Segovia;Segovia;87;Mujer
2025-12-09T21:48:00+01:00;2025-12-16T19:41:00+01:00;Martes;Martes;ZBS Tordesillas;Rural;H.U. Río Hortega;Valladolid Oeste;Valladolid;76;Hombre
2025-12-09T21:18:00+01:00;2025-12-11T16:47:00+01:00;Martes;Jueves;ZBS Ávila Estación;Urbano;C.A.U. Salamanca;Salamanca;Salamanca;84;Mujer
2025-12-09T19:27:00+01:00;2025-12-22T15:16:00+01:00;Martes;Lunes;ZBS Bierzo;Urbano;H. El Bierzo;Bierzo;León;67;Mujer
2025-12-09T18:41:00+01:00;2025-12-12T16:47:00+01:00;Martes;Viernes;ZBS Arévalo;Urbano;C.A. Ávila;Ávila;Ávila;86;Hombre
2025-12-09T18:17:00+01:00;2025-12-15T18:37:00+01:00;Martes;Lunes;ZBS Segovia Rural;Rural;C.A. Segovia;Segovia;Segovia;66;Hombre
2025-12-09T16:51:00+01:00;2025-12-11T12:47:00+01:00;Martes;Jueves;ZBS Circular;Urbano;H.C.U. Valladolid;Valladolid Este;Valladolid;80;Hombre
2025-12-09T16:06:00+01:00;2025-12-22T09:08:00+01:00;Martes;Lunes;ZBS Benavente Sur;Urbano;C.A. Zamora;Zamora;Zamora;79;Mujer
2025-12-09T13:38:00+01:00;2025-12-15T20:31:00+01:00;Martes;Lunes;ZBS Cristobal Acosta;Urbano;C.A.U. Burgos;Burgos;Burgos;88;Hombre
2025-12-09T13:21:00+01:00;2025-12-19T19:09:00+01:00;Martes;Viernes;ZBS Tordesillas;Rural;H.U. Río Hortega;Valladolid Oeste;Valladolid;86;Mujer
2025-12-09T07:24:00+01:00;2025-12-10T17:00:00+01:00;Martes;Miércoles;ZBS Santa Elena;Urbano;C.A.U. Salamanca;Salamanca;Salamanca;75;Mujer
2025-12-09T01:59:00+01:00;2025-12-11T16:34:00+01:00;Martes;Jueves;ZBS Las Navas del Marqués;Urbano;C.A. Ávila;Ávila;Ávila;82;Hombre
2025-12-09T01:14:00+01:00;2025-12-19T15:22:00+01:00;Martes;Viernes;ZBS Ávila Sur Oeste;Urbano;C.A. Ávila;Ávila;Ávila;51;Hombre
2025-12-08T23:44:00+01:00;2025-12-17T14:54:00+01:00;Lunes;Miércoles;ZBS Serrada;Rural;H. Medina del Campo;Valladolid Este;Valladolid;88;Mujer
2025-12-08T22:18:00+01:00;2025-12-30T13:15:00+01:00;Lunes;Martes;ZBS Rondilla II;Urbano;H.C.U. Valladolid;Valladolid Este;Valladolid;79;Mujer
2025-12-08T19:22:00+01:00;2025-12-23T17:18:00+01:00;Lunes;Martes;ZBS Medina de Pomar;Rural;C.A.U. Burgos;Burgos;Burgos;84;Mujer
2025-12-08T19:15:00+01:00;2025-12-24T05:30:00+01:00;Lunes;Miércoles;ZBS Sta. María del Páramo;Rural;C.A.U. León;León;León;63;Hombre
2025-12-08T18:55:00+01:00;2025-12-12T14:45:00+01:00;Lunes;Viernes;ZBS Valladolid Rural I;Rural;H.C.U. Valladolid;Valladolid Este;Valladolid;84;Hombre
2025-12-08T18:00:00+01:00;2025-12-19T17:50:00+01:00;Lunes;Viernes;ZBS Cuéllar;Urbano;C.A. Segovia;Segovia;Segovia;93;Mujer
2025-12-08T06:44:00+01:00;2025-12-10T19:02:00+01:00;Lunes;Miércoles;ZBS Alba de Tormes;Rural;C.A.U. Salamanca;Salamanca;Salamanca;74;Hombre
2025-12-08T06:35:00+01:00;2025-12-31T14:01:00+01:00;Lunes;Miércoles;Zona Desconocida;Otra;C.A.U. Salamanca;Salamanca;Salamanca;81;Mujer
2025-12-08T01:29:00+01:00;2025-12-16T15:15:00+01:00;Lunes;Martes;ZBS San Antonio;Urbano;H. El Bierzo;Bierzo;León;85;Hombre
2025-12-08T00:27:00+01:00;2025-12-16T18:46:00+01:00;Domingo;Martes;ZBS La Magdalena;Rural;C.A.U. León;León;León;85;Mujer
2025-12-07T22:04:00+01:00;2025-12-11T15:34:00+01:00;Domingo;Jueves;ZBS Circunvalación;Urbano;H.C.U. Valladolid;Valladolid Este;Valladolid;64;Mujer
2025-12-07T20:55:00+01:00;2025-12-18T17:09:00+01:00;Domingo;Jueves;ZBS Miranda Oeste;Urbano;H. Santiago Apóstol;Burgos;Burgos;91;Hombre
2025-12-07T19:30:00+01:00;2025-12-20T15:21:00+01:00;Domingo;Sábado;ZBS Cantalejo;Rural;C.A. Segovia;Segovia;Segovia;95;Hombre
2025-12-07T18:13:00+01:00;2025-12-26T19:01:00+01:00;Domingo;Viernes;ZBS Soria Norte;Urbano;C.A. Soria;Soria;Soria;84;Mujer
2025-12-07T17:24:00+01:00;2025-12-10T12:37:00+01:00;Domingo;Miércoles;ZBS La Magdalena;Rural;C.A.U. León;León;León;76;Hombre
2025-12-07T13:50:00+01:00;2025-12-15T17:48:00+01:00;Domingo;Lunes;ZBS De la Puebla;Urbano;H.C.U. Valladolid;Valladolid Este;Valladolid;78;Mujer
2025-12-07T02:28:00+01:00;2025-12-09T21:40:00+01:00;Domingo;Martes;ZBS Villalón de Campos;Rural;H.U. Río Hortega;Valladolid Oeste;Valladolid;89;Hombre
2025-12-07T00:29:00+01:00;2025-12-12T15:25:00+01:00;Sábado;Viernes;ZBS Arenas de San Pedro;Rural;C.A. Ávila;Ávila;Ávila;90;Mujer
2025-12-07T00:14:00+01:00;2025-12-11T15:01:00+01:00;Sábado;Jueves;ZBS San Esteban de Gormaz;Rural;C.A. Soria;Soria;Soria;63;Mujer
2025-12-06T21:45:00+01:00;2025-12-15T13:59:00+01:00;Sábado;Lunes;ZBS Bierzo;Urbano;H. El Bierzo;Bierzo;León;89;Mujer
2025-12-06T21:15:00+01:00;2025-12-11T13:00:00+01:00;Sábado;Jueves;ZBS Soria Norte;Urbano;C.A. Soria;Soria;Soria;92;Hombre
2025-12-06T20:07:00+01:00;2025-12-08T18:25:00+01:00;Sábado;Lunes;ZBS Periurbana Sur;Rural;C.A.U. Salamanca;Salamanca;Salamanca;82;Mujer
2025-12-06T19:23:00+01:00;2025-12-12T15:01:00+01:00;Sábado;Viernes;ZBS Fabero;Rural;H. El Bierzo;Bierzo;León;62;Hombre
2025-12-06T18:28:00+01:00;2025-12-15T09:00:00+01:00;Sábado;Lunes;ZBS Jardinillos;Urbano;C.A.U. Palencia;Palencia;Palencia;92;Mujer
2025-12-06T17:11:00+01:00;2025-12-15T17:29:00+01:00;Sábado;Lunes;ZBS García Lorca;Urbano;C.A.U. Burgos;Burgos;Burgos;72;Hombre
2025-12-06T13:17:00+01:00;2025-12-24T17:55:00+01:00;Sábado;Miércoles;ZBS Bierzo;Urbano;H. El Bierzo;Bierzo;León;84;Mujer
2025-12-06T13:16:00+01:00;2025-12-15T19:40:00+01:00;Sábado;Lunes;ZBS La Palomera;Urbano;C.A.U. León;León;León;79;Mujer
2025-12-06T13:09:00+01:00;2025-12-17T17:14:00+01:00;Sábado;Miércoles;ZBS Los Comuneros;Urbano;C.A.U. Burgos;Burgos;Burgos;93;Mujer
2025-12-06T10:02:00+01:00;2025-12-15T17:48:00+01:00;Sábado;Lunes;ZBS Gamazo;Urbano;H.C.U. Valladolid;Valladolid Este;Valladolid;75;Mujer
2025-12-06T06:34:00+01:00;2025-12-15T16:21:00+01:00;Sábado;Lunes;ZBS Miranda Oeste;Urbano;H. Santiago Apóstol;Burgos;Burgos;49;Mujer
2025-12-06T03:27:00+01:00;2025-12-11T15:12:00+01:00;Sábado;Jueves;Zona Desconocida;Otra;H.C.U. Valladolid;Valladolid Este;Valladolid;72;Hombre
2025-12-06T01:47:00+01:00;2025-12-06T19:15:00+01:00;Sábado;Sábado;ZBS Tamames;Rural;C.A.U. Salamanca;Salamanca;Salamanca;99;Hombre
2025-12-06T01:11:00+01:00;2025-12-07T14:57:00+01:00;Sábado;Domingo;ZBS Villablino;Rural;H. El Bierzo;Bierzo;León;58;Hombre
2025-12-06T00:48:00+01:00;2025-12-10T20:19:00+01:00;Viernes;Miércoles;ZBS Trobajo del Camino;Rural;C.A.U. León;León;León;79;Hombre
2025-12-05T22:15:00+01:00;2025-12-11T15:10:00+01:00;Viernes;Jueves;Zona Desconocida;Otra;C.A. Ávila;Ávila;Ávila;61;Hombre
2025-12-05T20:34:00+01:00;2025-12-08T18:18:00+01:00;Viernes;Lunes;ZBS Alamedilla;Urbano;C.A.U. Salamanca;Salamanca;Salamanca;57;Mujer
2025-12-05T19:48:00+01:00;2025-12-12T16:46:00+01:00;Viernes;Viernes;ZBS Parque Alameda-Covaresa;Urbano;H.U. Río Hortega;Valladolid Oeste;Valladolid;66;Hombre
2025-12-05T19:30:00+01:00;2025-12-26T11:19:00+01:00;Viernes;Viernes;ZBS Pilarica;Urbano;H.C.U. Valladolid;Valladolid Este;Valladolid;84;Mujer
2025-12-05T18:46:00+01:00;2025-12-12T12:09:00+01:00;Viernes;Viernes;ZBS Santa Elena;Urbano;C.A. Zamora;Zamora;Zamora;43;Hombre
2025-12-05T17:41:00+01:00;2025-12-07T13:23:00+01:00;Viernes;Domingo;ZBS De la Puebla;Urbano;H.C.U. Valladolid;Valladolid Este;Valladolid;82;Hombre
2025-12-05T16:44:00+01:00;2025-12-29T19:29:00+01:00;Viernes;Lunes;ZBS José Aguado II;Urbano;C.A.U. León;León;León;77;Hombre
2025-12-05T16:19:00+01:00;2025-12-15T16:57:00+01:00;Viernes;Lunes;ZBS Cuéllar;Urbano;C.A. Segovia;Segovia;Segovia;97;Mujer
2025-12-05T16:15:00+01:00;2025-12-05T21:17:00+01:00;Viernes;Viernes;ZBS Paredes de Nava;Rural;C.A.U. Palencia;Palencia;Palencia;60;Hombre
2025-12-05T15:26:00+01:00;2025-12-09T16:45:00+01:00;Viernes;Martes;ZBS Ávila Sur Oeste;Urbano;C.A.U. Salamanca;Salamanca;Salamanca;79;Hombre
2025-12-05T15:03:00+01:00;2025-12-18T15:34:00+01:00;Viernes;Jueves;ZBS Virgen de la Concha;Urbano;C.A.U. Salamanca;Salamanca;Salamanca;83;Hombre
2025-12-05T13:18:00+01:00;2025-12-07T12:39:00+01:00;Viernes;Domingo;ZBS De la Puebla;Urbano;H.C.U. Valladolid;Valladolid Este;Valladolid;91;Mujer
2025-12-05T13:16:00+01:00;2025-12-13T00:30:00+01:00;Viernes;Viernes;ZBS Pintor Oliva;Urbano;C.A.U. Palencia;Palencia;Palencia;80;Mujer
2025-12-05T11:43:00+01:00;2025-12-12T16:23:00+01:00;Viernes;Viernes;ZBS Soria Norte;Urbano;C.A. Soria;Soria;Soria;80;Hombre
2025-12-05T02:05:00+01:00;2025-12-10T15:08:00+01:00;Viernes;Miércoles;ZBS Las Navas del Marqués;Urbano;C.A. Ávila;Ávila;Ávila;67;Mujer
2025-12-05T02:03:00+01:00;2025-12-08T19:11:00+01:00;Viernes;Lunes;ZBS Toro;Urbano;C.A.U. Salamanca;Salamanca;Salamanca;80;Hombre
2025-12-05T00:53:00+01:00;2025-12-09T16:38:00+01:00;Jueves;Martes;ZBS Béjar;Urbano;C.A.U. Salamanca;Salamanca;Salamanca;87;Mujer
2025-12-05T00:38:00+01:00;2025-12-19T18:25:00+01:00;Jueves;Viernes;ZBS Pintor Oliva;Urbano;C.A.U. Palencia;Palencia;Palencia;74;Hombre
2025-12-04T23:16:00+01:00;2025-12-11T16:26:00+01:00;Jueves;Jueves;Zona Desconocida;Otra;H.U. Río Hortega;Valladolid Oeste;Valladolid;82;Mujer
2025-12-04T22:01:00+01:00;2025-12-18T15:45:00+01:00;Jueves;Jueves;ZBS Ávila Sur Este;Urbano;C.A. Ávila;Ávila;Ávila;91;Hombre
2025-12-04T20:58:00+01:00;2025-12-08T18:33:00+01:00;Jueves;Lunes;ZBS Guijuelo;Rural;C.A.U. Salamanca;Salamanca;Salamanca;91;Mujer
2025-12-04T20:39:00+01:00;2025-12-14T01:45:00+01:00;Jueves;Domingo;ZBS Capuchinos;Urbano;C.A.U. Salamanca;Salamanca;Salamanca;88;Hombre
2025-12-04T20:30:00+01:00;2025-12-09T10:57:00+01:00;Jueves;Martes;ZBS Sotillo de Adrada;Rural;C.A.U. Salamanca;Salamanca;Salamanca;43;Hombre
2025-12-04T19:43:00+01:00;2025-12-05T21:25:00+01:00;Jueves;Viernes;ZBS Parquesol;Urbano;H.U. Río Hortega;Valladolid Oeste;Valladolid;86;Hombre
2025-12-04T17:28:00+01:00;2025-12-09T21:06:00+01:00;Jueves;Martes;ZBS Bierzo;Urbano;C.A.U. León;León;León;67;Mujer
2025-12-04T15:55:00+01:00;2025-12-17T15:59:00+01:00;Jueves;Miércoles;ZBS José Aguado I;Urbano;C.A.U. León;León;León;74;Hombre
2025-12-04T03:03:00+01:00;2025-12-16T02:23:00+01:00;Jueves;Martes;ZBS Gamazo;Urbano;H.C.U. Valladolid;Valladolid Este;Valladolid;84;Hombre
2025-12-03T22:16:00+01:00;2025-12-17T18:27:00+01:00;Miércoles;Miércoles;ZBS Palencia Rural;Rural;C.A.U. Palencia;Palencia;Palencia;61;Hombre
2025-12-03T21:12:00+01:00;2025-12-10T16:46:00+01:00;Miércoles;Miércoles;ZBS Salas de los Infantes;Rural;C.A.U. Burgos;Burgos;Burgos;89;Mujer
2025-12-03T20:17:00+01:00;2025-12-30T22:45:00+01:00;Miércoles;Martes;ZBS Arturo Eyries;Urbano;H.U. Río Hortega;Valladolid Oeste;Valladolid;83;Mujer
2025-12-03T18:47:00+01:00;2025-12-05T16:58:00+01:00;Miércoles;Viernes;ZBS Eras de Renueva;Urbano;C.A.U. León;León;León;92;Mujer
2025-12-03T18:19:00+01:00;2025-12-10T18:28:00+01:00;Miércoles;Miércoles;ZBS Jardinillos;Urbano;H.C.U. Valladolid;Valladolid Este;Valladolid;65;Mujer
2025-12-03T17:18:00+01:00;2025-12-05T12:43:00+01:00;Miércoles;Viernes;ZBS Mombuey;Rural;C.A. Zamora;Zamora;Zamora;78;Mujer
2025-12-03T15:41:00+01:00;2025-12-10T21:00:00+01:00;Miércoles;Miércoles;ZBS Laguna de Duero;Rural;H.U. Río Hortega;Valladolid Oeste;Valladolid;72;Hombre
2025-12-03T15:01:00+01:00;2025-12-22T14:01:00+01:00;Miércoles;Lunes;ZBS San Juan;Urbano;C.A.U. Salamanca;Salamanca;Salamanca;45;Mujer
2025-12-03T14:29:00+01:00;2025-12-12T18:08:00+01:00;Miércoles;Viernes;ZBS García Lorca;Urbano;C.A.U. Burgos;Burgos;Burgos;87;Hombre
2025-12-03T14:19:00+01:00;2025-12-06T04:19:00+01:00;Miércoles;Sábado;ZBS Parque Alameda-Covaresa;Urbano;H.U. Río Hortega;Valladolid Oeste;Valladolid;89;Mujer
2025-12-03T13:54:00+01:00;2025-12-11T18:41:00+01:00;Miércoles;Jueves;ZBS Trobajo del Camino;Rural;C.A.U. León;León;León;63;Mujer
2025-12-03T10:06:00+01:00;2025-12-11T15:10:00+01:00;Miércoles;Jueves;Zona Desconocida;Otra;H.U. Río Hortega;Valladolid Oeste;Valladolid;79;Hombre
2025-12-03T04:08:00+01:00;2025-12-11T16:47:00+01:00;Miércoles;Jueves;ZBS Ávila Norte;Urbano;C.A.U. Salamanca;Salamanca;Salamanca;53;Hombre
2025-12-03T02:22:00+01:00;2025-12-03T17:30:00+01:00;Miércoles;Miércoles;ZBS Pilarica;Urbano;H.C.U. Valladolid;Valladolid Este;Valladolid;90;Hombre
2025-12-03T01:45:00+01:00;2025-12-07T19:53:00+01:00;Miércoles;Domingo;ZBS José Aguado II;Urbano;C.A.U. León;León;León;74;Hombre
2025-12-03T01:24:00+01:00;2025-12-29T16:42:00+01:00;Miércoles;Lunes;ZBS Ledesma;Rural;C.A.U. Salamanca;Salamanca;Salamanca;61;Hombre
2025-12-03T00:08:00+01:00;2025-12-09T16:49:00+01:00;Martes;Martes;ZBS Belorado;Rural;C.A.U. Burgos;Burgos;Burgos;61;Mujer
2025-12-02T23:55:00+01:00;2025-12-09T16:41:00+01:00;Martes;Martes;ZBS Segovia III;Urbano;C.A. Segovia;Segovia;Segovia;91;Mujer
2025-12-02T23:04:00+01:00;2025-12-04T20:52:00+01:00;Martes;Jueves;ZBS Ávila Sur Este;Urbano;C.A.U. Salamanca;Salamanca;Salamanca;91;Hombre
2025-12-02T22:12:00+01:00;2025-12-19T06:51:00+01:00;Martes;Viernes;ZBS Plaza del Ejército;Urbano;H.U. Río Hortega;Valladolid Oeste;Valladolid;64;Mujer
2025-12-02T21:42:00+01:00;2025-12-10T16:41:00+01:00;Martes;Miércoles;ZBS Matilla Caños;Rural;C.A.U. Salamanca;Salamanca;Salamanca;79;Hombre
2025-12-02T21:40:00+01:00;2025-12-17T22:05:00+01:00;Martes;Miércoles;ZBS Santa Marta de Tormes;Rural;C.A.U. Salamanca;Salamanca;Salamanca;78;Mujer
2025-12-02T19:33:00+01:00;2025-12-05T15:01:00+01:00;Martes;Viernes;ZBS Cacabelos;Rural;H. El Bierzo;Bierzo;León;59;Hombre
2025-12-02T19:29:00+01:00;2025-12-10T16:41:00+01:00;Martes;Miércoles;ZBS Lumbrales;Rural;C.A.U. Salamanca;Salamanca;Salamanca;86;Hombre
2025-12-02T18:38:00+01:00;2025-12-08T21:00:00+01:00;Martes;Lunes;ZBS San Juan;Urbano;C.A.U. Salamanca;Salamanca;Salamanca;75;Hombre
2025-12-02T18:16:00+01:00;2025-12-05T08:47:00+01:00;Martes;Viernes;ZBS Soria Rural;Rural;C.A. Soria;Soria;Soria;91;Mujer
2025-12-02T17:58:00+01:00;2025-12-03T14:10:00+01:00;Martes;Miércoles;ZBS Parque Alameda-Covaresa;Urbano;H.C.U. Valladolid;Valladolid Este;Valladolid;89;Mujer
2025-12-02T12:16:00+01:00;2025-12-02T14:29:00+01:00;Martes;Martes;ZBS Laguna de Duero;Rural;H.U. Río Hortega;Valladolid Oeste;Valladolid;83;Mujer
2025-12-02T10:48:00+01:00;2025-12-10T17:53:00+01:00;Martes;Miércoles;ZBS La Bañeza I;Urbano;C.A.U. León;León;León;72;Hombre
2025-12-02T01:46:00+01:00;2025-12-13T09:30:00+01:00;Martes;Sábado;Zona Desconocida;Otra;C.A. Soria;Soria;Soria;82;Hombre
2025-12-02T01:11:00+01:00;2025-12-12T16:35:00+01:00;Martes;Viernes;ZBS Sepúlveda;Rural;C.A. Segovia;Segovia;Segovia;88;Mujer
2025-12-01T23:54:00+01:00;2025-12-05T16:59:00+01:00;Lunes;Viernes;ZBS Segovia Rural;Rural;C.A. Segovia;Segovia;Segovia;56;Hombre
2025-12-01T23:45:00+01:00;2025-12-03T15:45:00+01:00;Lunes;Miércoles;ZBS Mombuey;Rural;C.A.U. León;León;León;78;Mujer
2025-12-01T23:33:00+01:00;2025-12-04T16:28:00+01:00;Lunes;Jueves;ZBS Alba de Tormes;Rural;C.A.U. Salamanca;Salamanca;Salamanca;78;Hombre
2025-12-01T23:23:00+01:00;2025-12-03T17:35:00+01:00;Lunes;Miércoles;ZBS Elena Ginel Díez;Urbano;C.A.U. Salamanca;Salamanca;Salamanca;58;Hombre
2025-12-01T21:53:00+01:00;2025-12-05T18:34:00+01:00;Lunes;Viernes;ZBS Santa Elena;Urbano;C.A.U. Salamanca;Salamanca;Salamanca;43;Hombre
2025-12-01T21:32:00+01:00;2025-12-29T15:42:00+01:00;Lunes;Lunes;ZBS Carbonero El Mayor;Rural;C.A. Segovia;Segovia;Segovia;71;Mujer
2025-12-01T20:53:00+01:00;2025-12-04T14:27:00+01:00;Lunes;Jueves;ZBS Mombuey;Rural;C.A. Zamora;Zamora;Zamora;67;Mujer
2025-12-01T19:44:00+01:00;2025-12-12T14:24:00+01:00;Lunes;Viernes;ZBS Ávila Sur Este;Urbano;C.A. Ávila;Ávila;Ávila;71;Hombre
2025-12-01T19:40:00+01:00;2025-12-09T15:48:00+01:00;Lunes;Martes;ZBS Ponferrada III;Urbano;H. El Bierzo;Bierzo;León;71;Hombre
2025-12-01T18:48:00+01:00;2025-12-04T16:30:00+01:00;Lunes;Jueves;ZBS Garrido Sur;Urbano;C.A.U. Salamanca;Salamanca;Salamanca;85;Mujer
2025-12-01T18:36:00+01:00;2025-12-02T18:14:00+01:00;Lunes;Martes;ZBS Soria Rural;Rural;C.A. Soria;Soria;Soria;91;Mujer
2025-12-01T17:52:00+01:00;2025-12-10T17:13:00+01:00;Lunes;Miércoles;ZBS Segovia Rural;Rural;C.A. Segovia;Segovia;Segovia;92;Mujer
2025-12-01T16:46:00+01:00;2025-12-05T16:35:00+01:00;Lunes;Viernes;ZBS Ávila Norte;Urbano;C.A. Ávila;Ávila;Ávila;91;Hombre
2025-12-01T15:40:00+01:00;2025-12-05T17:17:00+01:00;Lunes;Viernes;ZBS Mayorga de Campos;Rural;H.U. Río Hortega;Valladolid Oeste;Valladolid;75;Hombre
2025-12-01T14:18:00+01:00;2025-12-10T15:24:00+01:00;Lunes;Miércoles;ZBS Bierzo;Urbano;H. El Bierzo;Bierzo;León;62;Hombre
2025-12-01T13:59:00+01:00;2025-12-05T16:58:00+01:00;Lunes;Viernes;ZBS Armunia;Rural;C.A.U. León;León;León;85;Mujer
2025-12-01T13:56:00+01:00;2025-12-05T18:50:00+01:00;Lunes;Viernes;ZBS Nava de la Asunción;Rural;H.U. Río Hortega;Valladolid Oeste;Valladolid;89;Hombre
2025-12-01T12:48:00+01:00;2025-12-04T15:32:00+01:00;Lunes;Jueves;ZBS La Bañeza I;Urbano;C.A.U. León;León;León;81;Hombre
2025-12-01T08:51:00+01:00;2025-12-02T16:44:00+01:00;Lunes;Martes;ZBS Segovia II;Urbano;H.U. Río Hortega;Valladolid Oeste;Valladolid;61;Hombre
2025-11-30T23:28:00+01:00;2025-12-05T18:26:00+01:00;Domingo;Viernes;ZBS Segovia III;Urbano;C.A. Segovia;Segovia;Segovia;70;Mujer
2025-11-30T23:15:00+01:00;2025-12-02T07:30:00+01:00;Domingo;Martes;ZBS Condesa;Urbano;C.A.U. León;León;León;80;Mujer
2025-11-30T19:38:00+01:00;2025-12-12T20:30:00+01:00;Domingo;Viernes;Zona Desconocida;Otra;C.A. Soria;Soria;Soria;53;Mujer
2025-11-30T18:37:00+01:00;2025-12-18T20:41:00+01:00;Domingo;Jueves;ZBS Crucero;Urbano;C.A.U. León;León;León;88;Mujer
2025-11-30T18:21:00+01:00;2025-12-14T23:11:00+01:00;Domingo;Domingo;ZBS Soria Norte;Urbano;C.A. Soria;Soria;Soria;83;Hombre
2025-11-30T18:20:00+01:00;2025-12-04T19:45:00+01:00;Domingo;Jueves;ZBS José Aguado I;Urbano;C.A.U. León;León;León;93;Mujer
2025-11-30T17:48:00+01:00;2025-12-05T15:35:00+01:00;Domingo;Viernes;ZBS Carrión de los Condes;Rural;H.C.U. Valladolid;Valladolid Este;Valladolid;83;Hombre
2025-11-30T16:26:00+01:00;2025-12-11T16:27:00+01:00;Domingo;Jueves;ZBS Pedrosillo el Ralo;Rural;C.A.U. Salamanca;Salamanca;Salamanca;90;Mujer
2025-11-30T15:43:00+01:00;2025-12-04T17:50:00+01:00;Domingo;Jueves;ZBS Barrio España;Urbano;H.C.U. Valladolid;Valladolid Este;Valladolid;72;Hombre
2025-11-30T14:55:00+01:00;2025-12-17T10:48:00+01:00;Domingo;Miércoles;ZBS Parquesol;Urbano;H.C.U. Valladolid;Valladolid Este;Valladolid;66;Hombre
2025-11-30T14:10:00+01:00;2025-12-11T19:00:00+01:00;Domingo;Jueves;ZBS José Luis Santamaría;Urbano;C.A.U. Burgos;Burgos;Burgos;84;Hombre
2025-11-30T09:45:00+01:00;2025-12-03T18:14:00+01:00;Domingo;Miércoles;ZBS José Aguado I;Urbano;C.A.U. León;León;León;56;Hombre
2025-11-30T08:58:00+01:00;2025-12-05T16:58:00+01:00;Domingo;Viernes;ZBS San Andrés del Rabanedo;Rural;C.A.U. León;León;León;72;Hombre
2025-11-30T06:07:00+01:00;2025-12-01T17:26:00+01:00;Domingo;Lunes;ZBS Ávila Sur Este;Urbano;C.A.U. Salamanca;Salamanca;Salamanca;71;Hombre
2025-11-30T02:44:00+01:00;2025-12-05T17:16:00+01:00;Domingo;Viernes;ZBS Tordesillas;Rural;H.U. Río Hortega;Valladolid Oeste;Valladolid;65;Hombre
2025-11-30T00:24:00+01:00;2025-11-30T17:30:00+01:00;Sábado;Domingo;ZBS Crucero;Urbano;C.A.U. León;León;León;90;Hombre
2025-11-29T23:19:00+01:00;2025-12-05T18:19:00+01:00;Sábado;Viernes;ZBS Ólvega;Rural;C.A. Soria;Soria;Soria;90;Hombre
2025-11-29T20:57:00+01:00;2025-12-05T15:11:00+01:00;Sábado;Viernes;ZBS Villarcayo;Rural;C.A.U. Burgos;Burgos;Burgos;83;Hombre
2025-11-29T18:12:00+01:00;2025-12-18T17:10:00+01:00;Sábado;Jueves;ZBS Miranda Oeste;Urbano;H. Santiago Apóstol;Burgos;Burgos;80;Mujer
2025-11-29T18:11:00+01:00;2025-12-02T21:43:00+01:00;Sábado;Martes;ZBS Segovia III;Urbano;H.C.U. Valladolid;Valladolid Este;Valladolid;91;Mujer
2025-11-29T17:23:00+01:00;2025-12-01T20:54:00+01:00;Sábado;Lunes;ZBS Carbonero El Mayor;Rural;H.C.U. Valladolid;Valladolid Este;Valladolid;71;Mujer
2025-11-29T15:21:00+01:00;2025-12-05T17:30:00+01:00;Sábado;Viernes;ZBS Aranda Norte;Urbano;C.A.U. Burgos;Burgos;Burgos;79;Mujer
2025-11-29T14:29:00+01:00;2025-12-16T18:11:00+01:00;Sábado;Martes;ZBS San Pedro Manrique;Rural;C.A. Soria;Soria;Soria;86;Hombre
2025-11-29T13:56:00+01:00;2025-12-03T17:59:00+01:00;Sábado;Miércoles;ZBS Guijuelo;Rural;C.A.U. Salamanca;Salamanca;Salamanca;51;Hombre
2025-11-29T13:20:00+01:00;2025-11-29T14:51:00+01:00;Sábado;Sábado;ZBS Segovia III;Urbano;C.A. Segovia;Segovia;Segovia;91;Mujer
2025-11-29T12:45:00+01:00;2025-12-05T13:27:00+01:00;Sábado;Viernes;ZBS Delicias II;Urbano;H.C.U. Valladolid;Valladolid Este;Valladolid;63;Hombre
2025-11-29T03:24:00+01:00;2025-12-03T16:47:00+01:00;Sábado;Miércoles;ZBS Trobajo del Camino;Rural;C.A.U. León;León;León;78;Mujer
2025-11-29T02:46:00+01:00;2025-12-10T16:20:00+01:00;Sábado;Miércoles;ZBS Miguel Armijo;Urbano;C.A.U. Salamanca;Salamanca;Salamanca;69;Hombre
2025-11-29T02:13:00+01:00;2025-11-29T11:28:00+01:00;Sábado;Sábado;ZBS Carbonero El Mayor;Rural;C.A. Segovia;Segovia;Segovia;71;Mujer
2025-11-29T02:03:00+01:00;2025-12-03T11:02:00+01:00;Sábado;Miércoles;ZBS Ávila Sur Este;Urbano;C.A. Ávila;Ávila;Ávila;93;Mujer
2025-11-28T21:32:00+01:00;2025-12-01T17:41:00+01:00;Viernes;Lunes;ZBS Mayorga de Campos;Rural;H.C.U. Valladolid;Valladolid Este;Valladolid;75;Hombre
2025-11-28T20:46:00+01:00;2025-12-04T12:49:00+01:00;Viernes;Jueves;ZBS Toro;Urbano;C.A. Zamora;Zamora;Zamora;84;Hombre
2025-11-28T19:58:00+01:00;2025-12-02T18:30:00+01:00;Viernes;Martes;ZBS San Andrés del Rabanedo;Rural;C.A.U. León;León;León;89;Mujer
2025-11-28T19:35:00+01:00;2025-12-04T18:11:00+01:00;Viernes;Jueves;ZBS Segovia I;Urbano;C.A. Segovia;Segovia;Segovia;44;Hombre
2025-11-28T18:41:00+01:00;2025-12-09T18:42:00+01:00;Viernes;Martes;ZBS La Palomera;Urbano;C.A.U. León;León;León;80;Hombre
2025-11-28T18:39:00+01:00;2025-11-30T20:53:00+01:00;Viernes;Domingo;Zona Desconocida;Otra;C.A.U. Salamanca;Salamanca;Salamanca;83;Mujer
2025-11-28T18:07:00+01:00;2025-12-02T18:30:00+01:00;Viernes;Martes;ZBS José Aguado II;Urbano;C.A.U. León;León;León;73;Mujer
2025-11-28T17:11:00+01:00;2025-12-19T15:52:00+01:00;Viernes;Viernes;ZBS Villacastín;Rural;C.A. Segovia;Segovia;Segovia;81;Hombre
2025-11-28T17:04:00+01:00;2025-12-03T16:32:00+01:00;Viernes;Miércoles;ZBS Valladolid Rural II;Rural;H.U. Río Hortega;Valladolid Oeste;Valladolid;69;Hombre
2025-11-28T13:56:00+01:00;2025-12-02T17:15:00+01:00;Viernes;Martes;ZBS Aguilar de Campoo;Rural;C.A.U. Palencia;Palencia;Palencia;78;Mujer
2025-11-28T13:12:00+01:00;2025-12-09T16:39:00+01:00;Viernes;Martes;ZBS Béjar;Urbano;C.A.U. Salamanca;Salamanca;Salamanca;86;Mujer
2025-11-28T12:51:00+01:00;2025-11-29T15:05:00+01:00;Viernes;Sábado;ZBS Puerta Nueva;Urbano;C.A. Zamora;Zamora;Zamora;89;Mujer
2025-11-28T01:31:00+01:00;2025-12-02T12:12:00+01:00;Viernes;Martes;ZBS Ávila Rural;Rural;C.A. Ávila;Ávila;Ávila;76;Mujer
2025-11-28T00:07:00+01:00;2025-12-03T13:13:00+01:00;Jueves;Miércoles;ZBS Parquesol;Urbano;H.U. Río Hortega;Valladolid Oeste;Valladolid;76;Mujer
2025-11-27T21:43:00+01:00;2025-12-02T21:40:00+01:00;Jueves;Martes;ZBS Peñaranda;Rural;C.A.U. Salamanca;Salamanca;Salamanca;82;Hombre
2025-11-27T21:33:00+01:00;2025-12-04T14:59:00+01:00;Jueves;Jueves;ZBS San Antonio;Urbano;H. El Bierzo;Bierzo;León;77;Mujer
2025-11-27T21:29:00+01:00;2025-12-01T11:03:00+01:00;Jueves;Lunes;ZBS Mota del Marqués;Rural;C.A. Zamora;Zamora;Zamora;95;Mujer
2025-11-27T19:56:00+01:00;2025-12-05T17:30:00+01:00;Jueves;Viernes;ZBS Lerma;Rural;C.A.U. Burgos;Burgos;Burgos;82;Mujer
2025-11-27T18:37:00+01:00;2025-12-11T20:00:00+01:00;Jueves;Jueves;ZBS José Aguado II;Urbano;C.A.U. León;León;León;68;Hombre
2025-11-27T18:26:00+01:00;2025-12-04T18:11:00+01:00;Jueves;Jueves;ZBS Osorno;Rural;C.A.U. Palencia;Palencia;Palencia;70;Hombre
2025-11-27T18:24:00+01:00;2025-12-01T15:09:00+01:00;Jueves;Lunes;ZBS San Pedro Arroyo;Rural;C.A. Ávila;Ávila;Ávila;87;Hombre
2025-11-27T18:04:00+01:00;2025-12-15T10:15:00+01:00;Jueves;Lunes;ZBS Condado de Treviño;Rural;C.A.U. Burgos;Burgos;Burgos;70;Hombre
2025-11-27T17:45:00+01:00;2025-12-01T16:27:00+01:00;Jueves;Lunes;ZBS San Andrés del Rabanedo;Rural;C.A.U. León;León;León;75;Mujer
2025-11-27T16:22:00+01:00;2025-11-29T15:30:00+01:00;Jueves;Sábado;ZBS Delicias I;Urbano;H.U. Río Hortega;Valladolid Oeste;Valladolid;48;Mujer
2025-11-27T15:17:00+01:00;2025-12-02T15:18:00+01:00;Jueves;Martes;ZBS Casa del Barco;Urbano;H.U. Río Hortega;Valladolid Oeste;Valladolid;94;Mujer
2025-11-27T14:53:00+01:00;2025-12-03T22:39:00+01:00;Jueves;Miércoles;ZBS Linares de Riofrío;Rural;C.A.U. Salamanca;Salamanca;Salamanca;87;Hombre
2025-11-27T14:30:00+01:00;2025-12-03T18:43:00+01:00;Jueves;Miércoles;ZBS Guijuelo;Rural;C.A.U. Salamanca;Salamanca;Salamanca;60;Mujer
2025-11-27T14:20:00+01:00;2025-12-05T20:51:00+01:00;Jueves;Viernes;ZBS José Aguado I;Urbano;C.A.U. León;León;León;74;Mujer
2025-11-27T12:40:00+01:00;2025-12-02T15:40:00+01:00;Jueves;Martes;ZBS Astorga II;Rural;C.A.U. León;León;León;70;Hombre
2025-11-27T00:59:00+01:00;2025-12-17T22:50:00+01:00;Miércoles;Miércoles;ZBS Gamazo;Urbano;H.C.U. Valladolid;Valladolid Este;Valladolid;91;Hombre
2025-11-27T00:54:00+01:00;2025-12-10T16:47:00+01:00;Miércoles;Miércoles;ZBS Aranda Norte;Urbano;C.A.U. Burgos;Burgos;Burgos;67;Mujer
2025-11-27T00:28:00+01:00;2025-12-22T20:29:00+01:00;Miércoles;Lunes;ZBS José Aguado II;Urbano;C.A.U. León;León;León;65;Mujer
2025-11-26T22:23:00+01:00;2025-12-26T18:14:00+01:00;Miércoles;Viernes;ZBS Huerta de Rey;Rural;C.A.U. Burgos;Burgos;Burgos;71;Mujer
2025-11-26T19:55:00+01:00;2025-12-02T16:10:00+01:00;Miércoles;Martes;ZBS Gamazo;Urbano;H.C.U. Valladolid;Valladolid Este;Valladolid;100;Mujer
2025-11-26T18:47:00+01:00;2025-12-11T18:51:00+01:00;Miércoles;Jueves;ZBS Periurbana Norte;Rural;C.A.U. Salamanca;Salamanca;Salamanca;87;Hombre
2025-11-26T18:03:00+01:00;2025-12-04T17:07:00+01:00;Miércoles;Jueves;ZBS Cristobal Acosta;Urbano;C.A.U. Burgos;Burgos;Burgos;81;Hombre
2025-11-26T17:41:00+01:00;2025-11-29T15:05:00+01:00;Miércoles;Sábado;ZBS Cacabelos;Rural;H. El Bierzo;Bierzo;León;74;Hombre
2025-11-26T17:34:00+01:00;2025-12-01T18:19:00+01:00;Miércoles;Lunes;ZBS Aranda Rural;Rural;H. Santos Reyes;Burgos;Burgos;84;Hombre
2025-11-26T15:03:00+01:00;2025-12-02T17:57:00+01:00;Miércoles;Martes;ZBS Cantalejo;Rural;C.A. Segovia;Segovia;Segovia;92;Hombre
2025-11-26T11:07:00+01:00;2025-12-03T16:36:00+01:00;Miércoles;Miércoles;ZBS Pilarica;Urbano;H.C.U. Valladolid;Valladolid Este;Valladolid;81;Hombre
2025-11-26T05:00:00+01:00;2025-11-26T17:36:00+01:00;Miércoles;Miércoles;ZBS Valladolid Rural I;Rural;H.C.U. Valladolid;Valladolid Este;Valladolid;90;Mujer
2025-11-26T00:52:00+01:00;2025-12-05T16:10:00+01:00;Martes;Viernes;ZBS Miranda Oeste;Urbano;H. Santiago Apóstol;Burgos;Burgos;84;Mujer
2025-11-25T22:11:00+01:00;2025-11-27T17:21:00+01:00;Martes;Jueves;ZBS San Pedro Arroyo;Rural;C.A.U. Salamanca;Salamanca;Salamanca;87;Hombre
2025-11-25T21:28:00+01:00;2025-12-02T15:07:00+01:00;Martes;Martes;ZBS Ávila Sur Este;Urbano;C.A. Ávila;Ávila;Ávila;85;Hombre
2025-11-25T20:21:00+01:00;2025-11-28T13:50:00+01:00;Martes;Viernes;ZBS El Espinar;Rural;C.A. Segovia;Segovia;Segovia;72;Hombre
2025-11-25T20:01:00+01:00;2025-11-27T17:10:00+01:00;Martes;Jueves;ZBS Casa del Barco;Urbano;H.C.U. Valladolid;Valladolid Este;Valladolid;94;Mujer
2025-11-25T19:32:00+01:00;2025-12-04T10:05:00+01:00;Martes;Jueves;ZBS Bermillo de Sayago;Rural;C.A. Zamora;Zamora;Zamora;93;Hombre
2025-11-25T16:37:00+01:00;2025-12-03T15:16:00+01:00;Martes;Miércoles;ZBS Delicias I;Urbano;H.U. Río Hortega;Valladolid Oeste;Valladolid;87;Mujer
2025-11-25T16:15:00+01:00;2025-12-03T15:39:00+01:00;Martes;Miércoles;ZBS Medina del Campo Urbano;Urbano;H.C.U. Valladolid;Valladolid Este;Valladolid;58;Mujer
2025-11-25T15:29:00+01:00;2025-12-04T16:56:00+01:00;Martes;Jueves;ZBS Boñar;Rural;C.A.U. León;León;León;92;Mujer
2025-11-25T15:17:00+01:00;2025-12-04T15:37:00+01:00;Martes;Jueves;ZBS Santa Elena;Urbano;C.A. Zamora;Zamora;Zamora;56;Hombre
2025-11-25T13:49:00+01:00;2025-11-28T15:48:00+01:00;Martes;Viernes;ZBS Tórtola;Urbano;H.C.U. Valladolid;Valladolid Este;Valladolid;76;Mujer
2025-11-25T10:02:00+01:00;2025-12-01T20:19:00+01:00;Martes;Lunes;ZBS Eras del Bosque;Urbano;H.C.U. Valladolid;Valladolid Este;Valladolid;64;Mujer
2025-11-25T07:02:00+01:00;2025-11-28T15:00:00+01:00;Martes;Viernes;ZBS San Juan;Urbano;C.A.U. Salamanca;Salamanca;Salamanca;82;Hombre
2025-11-25T01:09:00+01:00;2025-12-05T18:03:00+01:00;Martes;Viernes;ZBS Pizarrales-Vidal;Urbano;C.A.U. Salamanca;Salamanca;Salamanca;74;Mujer
2025-11-25T00:28:00+01:00;2025-12-02T14:41:00+01:00;Lunes;Martes;ZBS Soria Norte;Urbano;C.A. Soria;Soria;Soria;69;Hombre
2025-11-24T21:36:00+01:00;2025-11-27T17:44:00+01:00;Lunes;Jueves;ZBS Rondilla II;Urbano;H.C.U. Valladolid;Valladolid Este;Valladolid;79;Hombre
2025-11-24T21:35:00+01:00;2025-11-26T08:15:00+01:00;Lunes;Miércoles;ZBS Cuéllar;Urbano;C.A. Segovia;Segovia;Segovia;96;Mujer
2025-11-24T19:34:00+01:00;2025-11-26T17:02:00+01:00;Lunes;Miércoles;ZBS Torquemada;Rural;C.A.U. Palencia;Palencia;Palencia;63;Hombre
2025-11-24T18:28:00+01:00;2025-11-27T13:32:00+01:00;Lunes;Jueves;ZBS Camarzana de Tera;Rural;C.A. Zamora;Zamora;Zamora;96;Hombre
2025-11-24T17:50:00+01:00;2025-12-02T18:52:00+01:00;Lunes;Martes;ZBS Plaza del Ejército;Urbano;H.U. Río Hortega;Valladolid Oeste;Valladolid;64;Hombre
2025-11-24T16:18:00+01:00;2025-12-12T03:00:00+01:00;Lunes;Viernes;ZBS Delicias II;Urbano;H.U. Río Hortega;Valladolid Oeste;Valladolid;86;Hombre
2025-11-24T15:46:00+01:00;2025-11-27T12:56:00+01:00;Lunes;Jueves;ZBS Benavente Norte;Urbano;C.A. Zamora;Zamora;Zamora;96;Mujer
2025-11-24T10:28:00+01:00;2025-11-27T18:14:00+01:00;Lunes;Jueves;ZBS Delicias I;Urbano;H.C.U. Valladolid;Valladolid Este;Valladolid;48;Mujer
2025-11-24T06:18:00+01:00;2025-11-27T15:52:00+01:00;Lunes;Jueves;ZBS Ávila Norte;Urbano;C.A. Ávila;Ávila;Ávila;77;Hombre
2025-11-24T02:23:00+01:00;2025-11-26T15:41:00+01:00;Lunes;Miércoles;ZBS Ávila Sur Oeste;Urbano;C.A. Ávila;Ávila;Ávila;82;Hombre
2025-11-24T01:46:00+01:00;2025-11-24T14:00:00+01:00;Lunes;Lunes;ZBS Cacabelos;Rural;H. El Bierzo;Bierzo;León;59;Hombre
2025-11-24T01:32:00+01:00;2025-12-04T11:00:00+01:00;Lunes;Jueves;ZBS Medina de Pomar;Rural;H. Santiago Apóstol;Burgos;Burgos;95;Hombre
2025-11-24T00:46:00+01:00;2025-12-05T19:28:00+01:00;Domingo;Viernes;ZBS Saldaña;Rural;C.A.U. Palencia;Palencia;Palencia;95;Mujer
2025-11-23T22:07:00+01:00;2025-12-16T12:43:00+01:00;Domingo;Martes;ZBS Aguilar de Campoo;Rural;H.C.U. Valladolid;Valladolid Este;Valladolid;54;Hombre
2025-11-23T20:52:00+01:00;2025-11-25T16:35:00+01:00;Domingo;Martes;ZBS Villablino;Rural;C.A.U. León;León;León;68;Hombre
2025-11-23T20:19:00+01:00;2025-11-27T15:07:00+01:00;Domingo;Jueves;ZBS Arévalo;Urbano;C.A. Ávila;Ávila;Ávila;69;Hombre
2025-11-23T15:40:00+01:00;2025-12-18T19:41:00+01:00;Domingo;Jueves;ZBS José Aguado II;Urbano;C.A.U. León;León;León;52;Hombre
2025-11-23T14:18:00+01:00;2025-11-27T17:02:00+01:00;Domingo;Jueves;Zona Desconocida;Otra;C.A.U. Salamanca;Salamanca;Salamanca;81;Mujer
2025-11-23T13:32:00+01:00;2025-12-05T17:32:00+01:00;Domingo;Viernes;ZBS García Lorca;Urbano;C.A.U. Burgos;Burgos;Burgos;54;Mujer
2025-11-23T11:22:00+01:00;2025-11-28T15:01:00+01:00;Domingo;Viernes;ZBS San Antonio;Urbano;H. El Bierzo;Bierzo;León;66;Hombre
2025-11-22T23:41:00+01:00;2025-12-15T20:32:00+01:00;Sábado;Lunes;ZBS Lerma;Rural;C.A.U. Burgos;Burgos;Burgos;81;Hombre
2025-11-22T22:04:00+01:00;2025-11-28T20:45:00+01:00;Sábado;Viernes;ZBS Capuchinos;Urbano;C.A.U. Salamanca;Salamanca;Salamanca;97;Mujer
2025-11-22T20:23:00+01:00;2025-11-24T17:40:00+01:00;Sábado;Lunes;ZBS Plaza del Ejército;Urbano;H.C.U. Valladolid;Valladolid Este;Valladolid;64;Hombre
2025-11-22T19:19:00+01:00;2025-12-03T21:30:00+01:00;Sábado;Miércoles;ZBS Palencia Rural;Rural;C.A.U. Burgos;Burgos;Burgos;61;Hombre
2025-11-22T18:53:00+01:00;2025-12-01T15:23:00+01:00;Sábado;Lunes;ZBS Villamuriel de Cerrato;Urbano;H.C.U. Valladolid;Valladolid Este;Valladolid;57;Hombre
2025-11-22T16:38:00+01:00;2025-11-27T17:07:00+01:00;Sábado;Jueves;ZBS Los Comuneros;Urbano;C.A.U. Burgos;Burgos;Burgos;56;Hombre
2025-11-22T15:36:00+01:00;2025-11-28T13:09:00+01:00;Sábado;Viernes;ZBS San Agustín;Urbano;C.A.U. Burgos;Burgos;Burgos;89;Mujer
2025-11-22T13:30:00+01:00;2025-11-25T21:40:00+01:00;Sábado;Martes;ZBS Barco de Ávila;Rural;C.A.U. Salamanca;Salamanca;Salamanca;85;Hombre
2025-11-22T13:20:00+01:00;2025-11-27T22:44:00+01:00;Sábado;Jueves;ZBS José Aguado II;Urbano;C.A.U. León;León;León;86;Hombre
2025-11-22T12:27:00+01:00;2025-12-03T10:13:00+01:00;Sábado;Miércoles;ZBS I. López Sáiz;Urbano;C.A.U. Burgos;Burgos;Burgos;90;Hombre
2025-11-22T10:41:00+01:00;2025-11-27T14:45:00+01:00;Sábado;Jueves;ZBS Casa del Barco;Urbano;H.U. Río Hortega;Valladolid Oeste;Valladolid;66;Hombre
2025-11-22T03:23:00+01:00;2025-11-24T14:01:00+01:00;Sábado;Lunes;ZBS Parque Alameda-Covaresa;Urbano;H.U. Río Hortega;Valladolid Oeste;Valladolid;92;Mujer
2025-11-22T02:24:00+01:00;2025-11-28T13:02:00+01:00;Sábado;Viernes;ZBS Toro;Urbano;C.A. Zamora;Zamora;Zamora;89;Mujer
2025-11-22T01:03:00+01:00;2025-11-26T17:06:00+01:00;Sábado;Miércoles;ZBS Medina de Pomar;Rural;C.A.U. Burgos;Burgos;Burgos;94;Mujer
2025-11-21T23:08:00+01:00;2025-11-23T12:39:00+01:00;Viernes;Domingo;ZBS Espinosa de los Monteros;Rural;C.A.U. Burgos;Burgos;Burgos;81;Mujer
2025-11-21T22:12:00+01:00;2025-11-25T17:20:00+01:00;Viernes;Martes;ZBS Santa Elena;Urbano;C.A.U. Salamanca;Salamanca;Salamanca;56;Hombre
2025-11-21T20:08:00+01:00;2025-11-24T15:05:00+01:00;Viernes;Lunes;ZBS Bierzo;Urbano;H. El Bierzo;Bierzo;León;73;Mujer
2025-11-21T20:04:00+01:00;2025-11-26T17:07:00+01:00;Viernes;Miércoles;ZBS Villarcayo;Rural;C.A.U. Burgos;Burgos;Burgos;83;Hombre
2025-11-21T19:57:00+01:00;2025-11-26T18:19:00+01:00;Viernes;Miércoles;ZBS De la Puebla;Urbano;C.A.U. Palencia;Palencia;Palencia;70;Hombre
2025-11-21T19:12:00+01:00;2025-11-28T17:43:00+01:00;Viernes;Viernes;ZBS Segovia Rural;Rural;C.A. Segovia;Segovia;Segovia;33;Mujer
2025-11-21T19:09:00+01:00;2025-11-24T17:16:00+01:00;Viernes;Lunes;ZBS Periurbana Norte;Rural;C.A.U. Salamanca;Salamanca;Salamanca;73;Hombre
2025-11-21T18:49:00+01:00;2025-12-04T15:23:00+01:00;Viernes;Jueves;ZBS Santa Clara;Urbano;C.A.U. Burgos;Burgos;Burgos;83;Hombre
2025-11-21T15:41:00+01:00;2025-11-27T16:56:00+01:00;Viernes;Jueves;ZBS Osorno;Rural;H.C.U. Valladolid;Valladolid Este;Valladolid;70;Hombre
2025-11-21T14:54:00+01:00;2025-11-30T10:46:00+01:00;Viernes;Domingo;ZBS La Magdalena;Rural;C.A.U. León;León;León;104;Mujer
2025-11-21T14:35:00+01:00;2025-12-09T13:40:00+01:00;Viernes;Martes;ZBS Venta de Baños;Rural;H.C.U. Valladolid;Valladolid Este;Valladolid;85;Hombre
2025-11-21T13:57:00+01:00;2025-11-24T20:43:00+01:00;Viernes;Lunes;ZBS Condesa;Urbano;C.A.U. León;León;León;80;Hombre
2025-11-21T13:15:00+01:00;2025-11-25T19:30:00+01:00;Viernes;Martes;ZBS Cuenca del Bernesga;Rural;C.A.U. León;León;León;74;Mujer
2025-11-21T04:57:00+01:00;2025-11-26T17:27:00+01:00;Viernes;Miércoles;ZBS Segovia I;Urbano;C.A. Segovia;Segovia;Segovia;89;Mujer
2025-11-21T04:32:00+01:00;2025-11-26T17:06:00+01:00;Viernes;Miércoles;ZBS Burgos Rural Norte;Rural;C.A.U. Burgos;Burgos;Burgos;51;Hombre
2025-11-21T04:30:00+01:00;2025-12-21T23:45:00+01:00;Viernes;Domingo;ZBS Soria Sur;Urbano;C.A.U. Burgos;Burgos;Burgos;62;Hombre
2025-11-21T01:57:00+01:00;2025-11-25T03:20:00+01:00;Viernes;Martes;ZBS San Antonio;Urbano;H. El Bierzo;Bierzo;León;91;Mujer
2025-11-21T01:39:00+01:00;2025-11-26T15:00:00+01:00;Viernes;Miércoles;ZBS Villoria;Rural;C.A.U. Salamanca;Salamanca;Salamanca;77;Mujer
2025-11-21T01:37:00+01:00;2025-11-27T14:53:00+01:00;Viernes;Jueves;ZBS La Victoria;Urbano;H.C.U. Valladolid;Valladolid Este;Valladolid;79;Mujer
2025-11-21T00:39:00+01:00;2025-11-28T16:45:00+01:00;Jueves;Viernes;ZBS San Ildefonso;Rural;C.A. Segovia;Segovia;Segovia;65;Hombre
2025-11-20T22:12:00+01:00;2025-11-24T17:16:00+01:00;Jueves;Lunes;ZBS Ciudad Rodrigo;Urbano;C.A.U. Salamanca;Salamanca;Salamanca;66;Mujer
2025-11-20T21:35:00+01:00;2025-11-28T15:37:00+01:00;Jueves;Viernes;ZBS Bembibre;Rural;H. El Bierzo;Bierzo;León;89;Mujer
2025-11-20T20:23:00+01:00;2025-11-24T15:14:00+01:00;Jueves;Lunes;ZBS Medina del Campo Urbano;Urbano;H.C.U. Valladolid;Valladolid Este;Valladolid;70;Hombre
2025-11-20T19:37:00+01:00;2025-12-02T16:59:00+01:00;Jueves;Martes;ZBS Los Comuneros;Urbano;C.A.U. Burgos;Burgos;Burgos;66;Hombre
2025-11-20T18:32:00+01:00;2025-11-28T19:02:00+01:00;Jueves;Viernes;ZBS Venta de Baños;Rural;C.A.U. Palencia;Palencia;Palencia;76;Hombre
2025-11-20T17:58:00+01:00;2025-12-09T19:47:00+01:00;Jueves;Martes;ZBS Garrido Sur;Urbano;C.A.U. Salamanca;Salamanca;Salamanca;56;Mujer
2025-11-20T17:22:00+01:00;2025-11-26T13:05:00+01:00;Jueves;Miércoles;ZBS Garrido Norte;Urbano;C.A.U. Salamanca;Salamanca;Salamanca;89;Mujer
2025-11-20T17:17:00+01:00;2025-12-03T13:06:00+01:00;Jueves;Miércoles;ZBS Navafría;Rural;C.A. Segovia;Segovia;Segovia;77;Hombre
2025-11-20T16:52:00+01:00;2025-12-06T11:27:00+01:00;Jueves;Sábado;ZBS Puebla de Sanabria;Rural;C.A.U. León;León;León;57;Hombre
2025-11-20T16:44:00+01:00;2025-11-27T14:36:00+01:00;Jueves;Jueves;ZBS Benavente Sur;Urbano;C.A. Zamora;Zamora;Zamora;89;Mujer
2025-11-20T16:38:00+01:00;2025-12-03T17:16:00+01:00;Jueves;Miércoles;ZBS Aranda Norte;Urbano;C.A.U. Burgos;Burgos;Burgos;92;Mujer
2025-11-20T12:59:00+01:00;2025-11-27T15:42:00+01:00;Jueves;Jueves;ZBS Medina del Campo Urbano;Urbano;H.C.U. Valladolid;Valladolid Este;Valladolid;74;Hombre
2025-11-20T12:35:00+01:00;2025-12-09T18:24:00+01:00;Jueves;Martes;ZBS Condesa;Urbano;C.A.U. León;León;León;83;Mujer
2025-11-20T10:44:00+01:00;2025-11-22T08:28:00+01:00;Jueves;Sábado;ZBS San Antonio;Urbano;H. El Bierzo;Bierzo;León;106;Mujer
2025-11-20T04:10:00+01:00;2025-11-20T14:28:00+01:00;Jueves;Jueves;ZBS San Agustín;Urbano;C.A.U. Burgos;Burgos;Burgos;78;Hombre
2025-11-20T01:52:00+01:00;2025-11-21T19:12:00+01:00;Jueves;Viernes;ZBS Huerta del Rey;Urbano;H.U. Río Hortega;Valladolid Oeste;Valladolid;97;Mujer
2025-11-19T22:03:00+01:00;2025-11-25T20:53:00+01:00;Miércoles;Martes;ZBS Eras de Renueva;Urbano;C.A.U. León;León;León;96;Mujer
2025-11-19T21:30:00+01:00;2025-12-22T21:16:00+01:00;Miércoles;Lunes;ZBS Saldaña;Rural;C.A.U. Palencia;Palencia;Palencia;75;Hombre
2025-11-19T20:25:00+01:00;2025-11-21T17:10:00+01:00;Miércoles;Viernes;ZBS F.Villalobos;Urbano;C.A.U. Salamanca;Salamanca;Salamanca;81;Hombre
2025-11-19T19:30:00+01:00;2025-11-26T11:06:00+01:00;Miércoles;Miércoles;ZBS Zamora Norte;Rural;C.A. Zamora;Zamora;Zamora;77;Mujer
2025-11-19T18:40:00+01:00;2025-12-02T10:07:00+01:00;Miércoles;Martes;ZBS Zamora Sur;Rural;C.A. Zamora;Zamora;Zamora;57;Mujer
2025-11-19T18:19:00+01:00;2025-12-02T22:29:00+01:00;Miércoles;Martes;ZBS José Aguado II;Urbano;C.A.U. León;León;León;67;Hombre
2025-11-19T18:14:00+01:00;2025-12-02T21:01:00+01:00;Miércoles;Martes;ZBS Trobajo del Camino;Rural;C.A.U. León;León;León;79;Hombre
2025-11-19T18:03:00+01:00;2025-11-21T18:21:00+01:00;Miércoles;Viernes;ZBS Bembibre;Rural;H. El Bierzo;Bierzo;León;73;Hombre
2025-11-19T16:44:00+01:00;2025-11-21T17:00:00+01:00;Miércoles;Viernes;ZBS Segovia Rural;Rural;C.A. Segovia;Segovia;Segovia;79;Hombre
2025-11-19T15:12:00+01:00;2025-11-24T14:32:00+01:00;Miércoles;Lunes;ZBS Sta. María del Páramo;Rural;C.A.U. León;León;León;85;Mujer
2025-11-19T14:11:00+01:00;2025-11-21T16:47:00+01:00;Miércoles;Viernes;ZBS Rondilla I;Urbano;H.C.U. Valladolid;Valladolid Este;Valladolid;83;Hombre
2025-11-19T13:15:00+01:00;2025-11-28T17:03:00+01:00;Miércoles;Viernes;ZBS La Magdalena;Rural;C.A.U. León;León;León;79;Mujer
2025-11-19T12:44:00+01:00;2025-11-21T18:02:00+01:00;Miércoles;Viernes;ZBS García Lorca;Urbano;C.A.U. Burgos;Burgos;Burgos;62;Hombre
2025-11-19T02:16:00+01:00;2025-11-19T20:15:00+01:00;Miércoles;Miércoles;Zona Desconocida;Otra;C.A.U. Salamanca;Salamanca;Salamanca;73;Hombre
2025-11-19T01:51:00+01:00;2025-12-02T11:33:00+01:00;Miércoles;Martes;ZBS Parquesol;Urbano;H.C.U. Valladolid;Valladolid Este;Valladolid;81;Mujer
2025-11-18T23:37:00+01:00;2025-12-11T19:22:00+01:00;Martes;Jueves;ZBS Eras del Bosque;Urbano;H.C.U. Valladolid;Valladolid Este;Valladolid;79;Hombre
2025-11-18T23:35:00+01:00;2025-11-26T15:41:00+01:00;Martes;Miércoles;ZBS Parquesol;Urbano;H.U. Río Hortega;Valladolid Oeste;Valladolid;73;Hombre
2025-11-18T19:45:00+01:00;2025-12-10T12:45:00+01:00;Martes;Miércoles;Zona Desconocida;Otra;H.C.U. Valladolid;Valladolid Este;Valladolid;72;Mujer
2025-11-18T18:39:00+01:00;2025-11-20T16:50:00+01:00;Martes;Jueves;ZBS Bañeza II;Rural;C.A.U. León;León;León;87;Hombre
2025-11-18T18:09:00+01:00;2025-11-21T22:26:00+01:00;Martes;Viernes;ZBS Tábara;Rural;C.A.U. Salamanca;Salamanca;Salamanca;75;Hombre
2025-11-18T17:48:00+01:00;2025-11-21T11:31:00+01:00;Martes;Viernes;ZBS Villalpando;Rural;C.A. Zamora;Zamora;Zamora;83;Mujer
2025-11-18T16:49:00+01:00;2025-11-21T10:35:00+01:00;Martes;Viernes;ZBS Zamora Sur;Rural;C.A. Zamora;Zamora;Zamora;90;Mujer
2025-11-18T16:32:00+01:00;2025-11-27T16:49:00+01:00;Martes;Jueves;ZBS García Lorca;Urbano;C.A.U. Burgos;Burgos;Burgos;71;Hombre
2025-11-18T16:19:00+01:00;2025-11-28T19:33:00+01:00;Martes;Viernes;ZBS Valderas;Rural;C.A.U. León;León;León;82;Mujer
2025-11-18T16:14:00+01:00;2025-11-21T17:52:00+01:00;Martes;Viernes;ZBS Gamonal las Torres;Urbano;C.A.U. Burgos;Burgos;Burgos;81;Mujer
2025-11-18T14:27:00+01:00;2025-11-26T17:07:00+01:00;Martes;Miércoles;ZBS I. López Sáiz;Urbano;C.A.U. Burgos;Burgos;Burgos;85;Mujer
2025-11-18T14:21:00+01:00;2025-11-24T16:50:00+01:00;Martes;Lunes;ZBS Delicias II;Urbano;H.U. Río Hortega;Valladolid Oeste;Valladolid;70;Mujer
2025-11-18T11:41:00+01:00;2025-11-24T17:41:00+01:00;Martes;Lunes;ZBS Pisuerga;Rural;H.U. Río Hortega;Valladolid Oeste;Valladolid;57;Hombre
2025-11-18T11:08:00+01:00;2025-12-23T17:57:00+01:00;Martes;Martes;ZBS Peñafiel;Rural;H.C.U. Valladolid;Valladolid Este;Valladolid;80;Mujer
2025-11-18T02:14:00+01:00;2025-11-20T01:30:00+01:00;Martes;Jueves;ZBS Madrigal de las Altas Torres;Rural;C.A.U. Salamanca;Salamanca;Salamanca;64;Mujer
2025-11-18T01:52:00+01:00;2025-11-20T15:04:00+01:00;Martes;Jueves;ZBS Benavente Sur;Urbano;C.A.U. León;León;León;89;Mujer
2025-11-18T01:44:00+01:00;2025-11-28T17:14:00+01:00;Martes;Viernes;ZBS Gamonal Antigua;Urbano;C.A.U. Burgos;Burgos;Burgos;88;Hombre
2025-11-17T22:08:00+01:00;2025-11-18T20:06:00+01:00;Lunes;Martes;ZBS Portillo;Rural;H.C.U. Valladolid;Valladolid Este;Valladolid;96;Hombre
2025-11-17T21:12:00+01:00;2025-11-21T18:42:00+01:00;Lunes;Viernes;ZBS Paredes de Nava;Rural;C.A.U. Palencia;Palencia;Palencia;84;Mujer
2025-11-17T21:02:00+01:00;2025-11-21T22:19:00+01:00;Lunes;Viernes;ZBS Segovia II;Urbano;C.A. Segovia;Segovia;Segovia;75;Mujer
2025-11-17T20:24:00+01:00;2025-11-21T03:15:00+01:00;Lunes;Viernes;ZBS Navafría;Rural;C.A. Segovia;Segovia;Segovia;95;Mujer
2025-11-17T19:34:00+01:00;2025-11-25T20:53:00+01:00;Lunes;Martes;ZBS Eras de Renueva;Urbano;C.A.U. León;León;León;71;Hombre
2025-11-17T19:20:00+01:00;2025-11-25T12:39:00+01:00;Lunes;Martes;ZBS Alcañices;Rural;C.A. Zamora;Zamora;Zamora;81;Hombre
2025-11-17T18:57:00+01:00;2025-11-24T07:02:00+01:00;Lunes;Lunes;ZBS Tórtola;Urbano;H.C.U. Valladolid;Valladolid Este;Valladolid;74;Hombre
2025-11-17T18:08:00+01:00;2025-11-24T19:55:00+01:00;Lunes;Lunes;ZBS Torquemada;Rural;H.C.U. Valladolid;Valladolid Este;Valladolid;63;Hombre
2025-11-17T16:38:00+01:00;2025-11-21T16:13:00+01:00;Lunes;Viernes;ZBS Ribera del Órbigo;Rural;C.A.U. León;León;León;44;Hombre
2025-11-17T16:29:00+01:00;2025-11-27T17:08:00+01:00;Lunes;Jueves;ZBS Arturo Eyries;Urbano;H.U. Río Hortega;Valladolid Oeste;Valladolid;75;Hombre
2025-11-17T16:17:00+01:00;2025-11-25T19:22:00+01:00;Lunes;Martes;ZBS Aranda Norte;Urbano;H. Santos Reyes;Burgos;Burgos;79;Mujer
2025-11-17T15:16:00+01:00;2025-12-10T18:51:00+01:00;Lunes;Miércoles;ZBS Briviesca;Urbano;C.A.U. Burgos;Burgos;Burgos;83;Mujer
2025-11-17T13:30:00+01:00;2025-11-19T16:30:00+01:00;Lunes;Miércoles;ZBS Barrio España;Urbano;H.C.U. Valladolid;Valladolid Este;Valladolid;77;Mujer
2025-11-17T06:56:00+01:00;2025-12-01T15:25:00+01:00;Lunes;Lunes;ZBS Villada;Rural;C.A.U. Palencia;Palencia;Palencia;89;Mujer
2025-11-17T05:49:00+01:00;2025-11-18T12:08:00+01:00;Lunes;Martes;Zona Desconocida;Otra;C.A.U. León;León;León;79;Hombre
2025-11-17T05:09:00+01:00;2025-11-19T22:23:00+01:00;Lunes;Miércoles;ZBS Muñana;Rural;C.A.U. Salamanca;Salamanca;Salamanca;80;Hombre
2025-11-16T23:21:00+01:00;2025-11-30T02:35:00+01:00;Domingo;Domingo;ZBS Pintor Oliva;Urbano;C.A.U. Palencia;Palencia;Palencia;84;Mujer
2025-11-16T23:02:00+01:00;2025-11-21T16:12:00+01:00;Domingo;Viernes;ZBS Astorga II;Rural;C.A.U. León;León;León;64;Mujer
2025-11-16T22:15:00+01:00;2025-11-20T11:34:00+01:00;Domingo;Jueves;ZBS Bermillo de Sayago;Rural;C.A. Zamora;Zamora;Zamora;63;Hombre
2025-11-16T21:25:00+01:00;2025-11-19T14:58:00+01:00;Domingo;Miércoles;ZBS Bembibre;Rural;H. El Bierzo;Bierzo;León;88;Mujer
2025-11-16T21:05:00+01:00;2025-11-28T17:27:00+01:00;Domingo;Viernes;ZBS I. López Sáiz;Urbano;C.A.U. Burgos;Burgos;Burgos;78;Hombre
2025-11-16T19:43:00+01:00;2025-11-20T08:30:00+01:00;Domingo;Jueves;ZBS Carbonero El Mayor;Rural;C.A. Segovia;Segovia;Segovia;89;Mujer
2025-11-16T18:09:00+01:00;2025-11-27T18:11:00+01:00;Domingo;Jueves;ZBS Aldeadávila de la Ribera;Rural;C.A.U. Salamanca;Salamanca;Salamanca;90;Hombre
2025-11-16T17:32:00+01:00;2025-11-21T15:34:00+01:00;Domingo;Viernes;ZBS Portillo;Rural;H.C.U. Valladolid;Valladolid Este;Valladolid;80;Mujer
2025-11-16T16:15:00+01:00;2025-11-25T18:42:00+01:00;Domingo;Martes;ZBS Segovia Rural;Rural;C.A. Segovia;Segovia;Segovia;89;Mujer
2025-11-16T15:11:00+01:00;2025-12-02T11:44:00+01:00;Domingo;Martes;ZBS Huerta del Rey;Urbano;H.U. Río Hortega;Valladolid Oeste;Valladolid;76;Mujer
2025-11-16T14:47:00+01:00;2025-11-18T15:57:00+01:00;Domingo;Martes;ZBS San Andrés del Rabanedo;Rural;C.A.U. León;León;León;81;Mujer
2025-11-16T14:42:00+01:00;2025-11-20T19:37:00+01:00;Domingo;Jueves;ZBS Medina del Campo Urbano;Urbano;C.A.U. Salamanca;Salamanca;Salamanca;70;Hombre
2025-11-16T14:38:00+01:00;2025-11-19T16:32:00+01:00;Domingo;Miércoles;ZBS Laguna de Duero;Rural;H.U. Río Hortega;Valladolid Oeste;Valladolid;65;Hombre
2025-11-16T08:40:00+01:00;2025-11-18T17:34:00+01:00;Domingo;Martes;ZBS Villalpando;Rural;C.A.U. Salamanca;Salamanca;Salamanca;83;Mujer
2025-11-16T00:21:00+01:00;2025-11-17T18:10:00+01:00;Sábado;Lunes;ZBS Arturo Eyries;Urbano;H.C.U. Valladolid;Valladolid Este;Valladolid;75;Hombre
2025-11-16T00:20:00+01:00;2025-12-02T22:02:00+01:00;Sábado;Martes;ZBS Santa Marta de Tormes;Rural;C.A.U. Salamanca;Salamanca;Salamanca;88;Mujer
2025-11-15T22:53:00+01:00;2025-11-21T17:08:00+01:00;Sábado;Viernes;ZBS Alba de Tormes;Rural;C.A.U. Salamanca;Salamanca;Salamanca;81;Hombre
2025-11-15T22:08:00+01:00;2025-11-17T20:43:00+01:00;Sábado;Lunes;ZBS Paredes de Nava;Rural;H.C.U. Valladolid;Valladolid Este;Valladolid;84;Mujer
2025-11-15T20:40:00+01:00;2025-11-27T21:00:00+01:00;Sábado;Jueves;ZBS San Agustín;Urbano;C.A.U. Burgos;Burgos;Burgos;72;Hombre
2025-11-15T20:30:00+01:00;2025-12-01T19:12:00+01:00;Sábado;Lunes;ZBS San Andrés del Rabanedo;Rural;C.A.U. León;León;León;76;Mujer
2025-11-15T20:00:00+01:00;2025-11-21T16:13:00+01:00;Sábado;Viernes;ZBS Boñar;Rural;C.A.U. León;León;León;70;Mujer
2025-11-15T17:43:00+01:00;2025-11-19T15:06:00+01:00;Sábado;Miércoles;ZBS Medina del Campo Urbano;Urbano;H. Medina del Campo;Valladolid Este;Valladolid;94;Mujer
2025-11-15T17:37:00+01:00;2025-11-19T18:49:00+01:00;Sábado;Miércoles;ZBS Zamora Norte;Rural;C.A.U. Salamanca;Salamanca;Salamanca;77;Mujer
2025-11-15T13:29:00+01:00;2025-12-03T14:38:00+01:00;Sábado;Miércoles;ZBS Gamazo;Urbano;H.C.U. Valladolid;Valladolid Este;Valladolid;72;Hombre
2025-11-15T12:04:00+01:00;2025-11-19T15:27:00+01:00;Sábado;Miércoles;ZBS Aguilar de Campoo;Rural;C.A.U. Burgos;Burgos;Burgos;54;Hombre
2025-11-15T11:56:00+01:00;2025-11-19T16:46:00+01:00;Sábado;Miércoles;Zona Desconocida;Otra;C.A. Segovia;Segovia;Segovia;75;Mujer
2025-11-15T10:14:00+01:00;2025-11-16T13:57:00+01:00;Sábado;Domingo;ZBS Laguna de Duero;Rural;H.C.U. Valladolid;Valladolid Este;Valladolid;65;Hombre
2025-11-15T01:53:00+01:00;2025-11-17T18:16:00+01:00;Sábado;Lunes;ZBS Portillo;Rural;H.C.U. Valladolid;Valladolid Este;Valladolid;78;Mujer
2025-11-15T01:00:00+01:00;2025-11-20T17:21:00+01:00;Sábado;Jueves;ZBS Periurbana Sur;Rural;C.A.U. Salamanca;Salamanca;Salamanca;76;Hombre
2025-11-14T21:08:00+01:00;2025-12-04T17:08:00+01:00;Viernes;Jueves;ZBS José Luis Santamaría;Urbano;C.A.U. Burgos;Burgos;Burgos;54;Mujer
2025-11-14T20:43:00+01:00;2025-11-17T15:07:00+01:00;Viernes;Lunes;ZBS Ávila Estación;Urbano;C.A. Ávila;Ávila;Ávila;31;Mujer
2025-11-14T19:25:00+01:00;2025-11-18T16:34:00+01:00;Viernes;Martes;ZBS La Magdalena;Rural;C.A.U. León;León;León;90;Mujer
2025-11-14T18:19:00+01:00;2025-12-11T14:45:00+01:00;Viernes;Jueves;ZBS San Antonio;Urbano;H. El Bierzo;Bierzo;León;56;Hombre
2025-11-14T18:09:00+01:00;2025-11-16T13:51:00+01:00;Viernes;Domingo;ZBS Almazán;Rural;C.A. Soria;Soria;Soria;85;Hombre
2025-11-14T15:38:00+01:00;2025-11-19T21:53:00+01:00;Viernes;Miércoles;ZBS Saldaña;Rural;H.C.U. Valladolid;Valladolid Este;Valladolid;75;Hombre
2025-11-14T14:32:00+01:00;2025-11-20T17:28:00+01:00;Viernes;Jueves;ZBS Burgos Rural Sur;Rural;C.A.U. Burgos;Burgos;Burgos;83;Hombre
2025-11-14T13:38:00+01:00;2025-11-19T16:32:00+01:00;Viernes;Miércoles;ZBS Peñafiel;Rural;H.U. Río Hortega;Valladolid Oeste;Valladolid;84;Hombre
2025-11-14T13:30:00+01:00;2025-11-18T12:04:00+01:00;Viernes;Martes;ZBS Arturo Eyries;Urbano;H.U. Río Hortega;Valladolid Oeste;Valladolid;87;Hombre
2025-11-14T11:59:00+01:00;2025-11-18T15:52:00+01:00;Viernes;Martes;Zona Desconocida;Otra;H.C.U. Valladolid;Valladolid Este;Valladolid;65;Mujer
2025-11-14T01:21:00+01:00;2025-11-14T12:15:00+01:00;Viernes;Viernes;ZBS Alba de Tormes;Rural;C.A.U. Salamanca;Salamanca;Salamanca;89;Hombre
2025-11-14T01:14:00+01:00;2025-11-15T12:00:00+01:00;Viernes;Sábado;ZBS La Guareña;Rural;C.A.U. Salamanca;Salamanca;Salamanca;81;Hombre
2025-11-13T21:56:00+01:00;2025-11-20T16:28:00+01:00;Jueves;Jueves;ZBS Eras del Bosque;Urbano;H.C.U. Valladolid;Valladolid Este;Valladolid;74;Hombre
2025-11-13T21:31:00+01:00;2025-11-24T17:51:00+01:00;Jueves;Lunes;ZBS Torquemada;Rural;H.C.U. Valladolid;Valladolid Este;Valladolid;55;Hombre
2025-11-13T18:43:00+01:00;2025-11-17T22:02:00+01:00;Jueves;Lunes;ZBS Segovia II;Urbano;H.U. Río Hortega;Valladolid Oeste;Valladolid;75;Mujer
2025-11-13T18:40:00+01:00;2025-12-11T14:05:00+01:00;Jueves;Jueves;ZBS Soria Sur;Urbano;C.A. Soria;Soria;Soria;92;Hombre
2025-11-13T18:11:00+01:00;2025-11-18T15:07:00+01:00;Jueves;Martes;ZBS Cebreros;Rural;C.A. Ávila;Ávila;Ávila;52;Hombre
2025-11-13T17:22:00+01:00;2025-11-15T14:47:00+01:00;Jueves;Sábado;ZBS Villoria;Rural;C.A.U. Salamanca;Salamanca;Salamanca;94;Mujer
2025-11-13T17:10:00+01:00;2025-11-25T16:51:00+01:00;Jueves;Martes;ZBS Lerma;Rural;C.A.U. Burgos;Burgos;Burgos;64;Hombre
2025-11-13T04:30:00+01:00;2025-11-17T13:00:00+01:00;Jueves;Lunes;ZBS La Palomera;Urbano;C.A.U. León;León;León;53;Hombre
2025-11-13T03:21:00+01:00;2025-11-14T13:00:00+01:00;Jueves;Viernes;ZBS Cacabelos;Rural;C.A.U. León;León;León;43;Hombre
2025-11-13T00:55:00+01:00;2025-11-18T21:12:00+01:00;Miércoles;Martes;ZBS Peñafiel;Rural;H.C.U. Valladolid;Valladolid Este;Valladolid;53;Hombre
2025-11-13T00:17:00+01:00;2025-12-17T17:35:00+01:00;Miércoles;Miércoles;ZBS El Burgo de Osma;Rural;C.A. Soria;Soria;Soria;83;Hombre
2025-11-12T23:30:00+01:00;2025-11-21T19:41:00+01:00;Miércoles;Viernes;ZBS De la Puebla;Urbano;H.C.U. Valladolid;Valladolid Este;Valladolid;70;Hombre
2025-11-12T21:10:00+01:00;2025-11-22T09:50:00+01:00;Miércoles;Sábado;ZBS Segovia Rural;Rural;C.A. Segovia;Segovia;Segovia;70;Mujer
2025-11-12T19:23:00+01:00;2025-11-17T22:30:00+01:00;Miércoles;Lunes;ZBS Soria Norte;Urbano;C.A. Soria;Soria;Soria;72;Mujer
2025-11-12T19:19:00+01:00;2025-11-14T16:27:00+01:00;Miércoles;Viernes;ZBS Peñaranda;Rural;C.A.U. Salamanca;Salamanca;Salamanca;87;Mujer
2025-11-12T19:04:00+01:00;2025-12-02T19:55:00+01:00;Miércoles;Martes;ZBS Gamazo;Urbano;H.C.U. Valladolid;Valladolid Este;Valladolid;91;Mujer
2025-11-12T18:20:00+01:00;2025-11-20T14:55:00+01:00;Miércoles;Jueves;ZBS Miranda Este;Urbano;H. Santiago Apóstol;Burgos;Burgos;92;Mujer
2025-11-12T18:10:00+01:00;2025-11-17T15:06:00+01:00;Miércoles;Lunes;ZBS Burgohondo;Rural;C.A. Ávila;Ávila;Ávila;77;Hombre
2025-11-12T18:00:00+01:00;2025-11-18T21:08:00+01:00;Miércoles;Martes;ZBS Pisuerga;Rural;H.U. Río Hortega;Valladolid Oeste;Valladolid;98;Mujer
2025-11-12T16:11:00+01:00;2025-11-17T15:08:00+01:00;Miércoles;Lunes;ZBS Delicias I;Urbano;H.U. Río Hortega;Valladolid Oeste;Valladolid;78;Mujer
2025-11-12T07:32:00+01:00;2025-11-12T15:24:00+01:00;Miércoles;Miércoles;ZBS Béjar;Urbano;C.A.U. Salamanca;Salamanca;Salamanca;89;Mujer
2025-11-12T03:52:00+01:00;2025-11-13T18:47:00+01:00;Miércoles;Jueves;ZBS Torquemada;Rural;C.A.U. Palencia;Palencia;Palencia;55;Hombre
2025-11-12T02:45:00+01:00;2025-11-20T19:41:00+01:00;Miércoles;Jueves;Zona Desconocida;Otra;C.A.U. Salamanca;Salamanca;Salamanca;86;Hombre
2025-11-12T02:12:00+01:00;2025-11-13T16:49:00+01:00;Miércoles;Jueves;ZBS Cebreros;Rural;C.A.U. Salamanca;Salamanca;Salamanca;52;Hombre
2025-11-11T22:27:00+01:00;2025-11-18T16:50:00+01:00;Martes;Martes;ZBS Gamazo;Urbano;H.C.U. Valladolid;Valladolid Este;Valladolid;63;Mujer
2025-11-11T21:15:00+01:00;2025-11-26T16:51:00+01:00;Martes;Miércoles;ZBS Segovia Rural;Rural;C.A. Segovia;Segovia;Segovia;81;Mujer
2025-11-11T20:18:00+01:00;2025-11-17T17:27:00+01:00;Martes;Lunes;ZBS Riaza;Rural;C.A. Segovia;Segovia;Segovia;92;Hombre
2025-11-11T19:57:00+01:00;2025-11-20T18:19:00+01:00;Martes;Jueves;ZBS Periurbana Norte;Rural;C.A.U. Salamanca;Salamanca;Salamanca;86;Mujer
2025-11-11T19:11:00+01:00;2025-11-20T18:40:00+01:00;Martes;Jueves;ZBS Los Cubos;Urbano;C.A.U. Burgos;Burgos;Burgos;94;Hombre
2025-11-11T18:39:00+01:00;2025-11-18T15:17:00+01:00;Martes;Martes;ZBS Medina de Rioseco;Rural;H.U. Río Hortega;Valladolid Oeste;Valladolid;71;Mujer
2025-11-11T18:19:00+01:00;2025-11-17T21:57:00+01:00;Martes;Lunes;ZBS Ávila Rural;Rural;C.A. Ávila;Ávila;Ávila;68;Mujer
2025-11-11T16:49:00+01:00;2025-11-24T17:00:00+01:00;Martes;Lunes;ZBS José Luis Santamaría;Urbano;C.A.U. Burgos;Burgos;Burgos;72;Hombre
2025-11-11T16:46:00+01:00;2025-11-12T15:43:00+01:00;Martes;Miércoles;ZBS Sotillo de Adrada;Rural;C.A. Ávila;Ávila;Ávila;83;Hombre
2025-11-11T13:55:00+01:00;2025-11-17T16:46:00+01:00;Martes;Lunes;ZBS Soria Rural;Rural;C.A.U. Burgos;Burgos;Burgos;61;Hombre
2025-11-11T13:49:00+01:00;2025-11-27T11:49:00+01:00;Martes;Jueves;ZBS Valladolid Rural II;Rural;H.C.U. Valladolid;Valladolid Este;Valladolid;63;Mujer
2025-11-11T13:07:00+01:00;2025-11-19T16:30:00+01:00;Martes;Miércoles;ZBS Arturo Eyries;Urbano;H.U. Río Hortega;Valladolid Oeste;Valladolid;73;Hombre
2025-11-11T12:00:00+01:00;2025-11-14T08:40:00+01:00;Martes;Viernes;ZBS Soria Sur;Urbano;C.A. Soria;Soria;Soria;86;Mujer
2025-11-11T00:29:00+01:00;2025-11-27T09:19:00+01:00;Lunes;Jueves;ZBS Laguna de Duero;Rural;H.U. Río Hortega;Valladolid Oeste;Valladolid;92;Mujer
2025-11-11T00:00:00+01:00;2025-11-12T18:25:00+01:00;Lunes;Miércoles;ZBS Burgohondo;Rural;C.A.U. Salamanca;Salamanca;Salamanca;76;Hombre
2025-11-10T23:56:00+01:00;2025-11-12T18:47:00+01:00;Lunes;Miércoles;ZBS Segovia Rural;Rural;H.C.U. Valladolid;Valladolid Este;Valladolid;70;Mujer
2025-11-10T23:28:00+01:00;2025-11-14T14:42:00+01:00;Lunes;Viernes;ZBS Medina del Campo Urbano;Urbano;H.C.U. Valladolid;Valladolid Este;Valladolid;95;Hombre
2025-11-10T20:20:00+01:00;2025-11-14T14:01:00+01:00;Lunes;Viernes;ZBS Parada del Molino;Urbano;C.A. Zamora;Zamora;Zamora;75;Hombre
2025-11-10T20:15:00+01:00;2025-11-13T16:33:00+01:00;Lunes;Jueves;ZBS Segovia II;Urbano;C.A. Segovia;Segovia;Segovia;75;Mujer
2025-11-10T17:38:00+01:00;2025-11-24T14:04:00+01:00;Lunes;Lunes;ZBS Plaza del Ejército;Urbano;H.U. Río Hortega;Valladolid Oeste;Valladolid;83;Mujer
2025-11-10T17:11:00+01:00;2025-11-25T17:46:00+01:00;Lunes;Martes;ZBS Mayorga de Campos;Rural;H.U. Río Hortega;Valladolid Oeste;Valladolid;73;Hombre
2025-11-10T16:49:00+01:00;2025-11-11T16:26:00+01:00;Lunes;Martes;ZBS Ávila Rural;Rural;C.A.U. Salamanca;Salamanca;Salamanca;68;Mujer
2025-11-10T16:41:00+01:00;2025-11-21T11:06:00+01:00;Lunes;Viernes;ZBS Alcañices;Rural;C.A. Zamora;Zamora;Zamora;82;Hombre
2025-11-10T15:04:00+01:00;2025-11-11T17:08:00+01:00;Lunes;Martes;ZBS Puebla de Sanabria;Rural;C.A.U. Salamanca;Salamanca;Salamanca;74;Mujer
2025-11-10T14:40:00+01:00;2025-11-18T18:23:00+01:00;Lunes;Martes;ZBS Aranda Norte;Urbano;C.A.U. Burgos;Burgos;Burgos;87;Mujer
2025-11-10T14:03:00+01:00;2025-11-17T16:24:00+01:00;Lunes;Lunes;ZBS Trobajo del Camino;Rural;C.A.U. León;León;León;52;Hombre
2025-11-10T11:32:00+01:00;2025-11-16T11:32:00+01:00;Lunes;Domingo;ZBS Portillo;Rural;H.C.U. Valladolid;Valladolid Este;Valladolid;83;Hombre
2025-11-10T08:21:00+01:00;2025-11-13T15:45:00+01:00;Lunes;Jueves;ZBS Guijuelo;Rural;C.A.U. Salamanca;Salamanca;Salamanca;48;Mujer
2025-11-10T06:42:00+01:00;2025-11-10T17:09:00+01:00;Lunes;Lunes;ZBS Plaza del Ejército;Urbano;H.C.U. Valladolid;Valladolid Este;Valladolid;83;Mujer
2025-11-10T05:36:00+01:00;2025-11-11T20:21:00+01:00;Lunes;Martes;ZBS Segovia Rural;Rural;H.C.U. Valladolid;Valladolid Este;Valladolid;81;Mujer
2025-11-10T05:18:00+01:00;2025-11-11T16:26:00+01:00;Lunes;Martes;ZBS Sotillo de Adrada;Rural;C.A.U. Salamanca;Salamanca;Salamanca;83;Hombre
2025-11-10T02:16:00+01:00;2025-11-12T19:28:00+01:00;Lunes;Miércoles;ZBS Sepúlveda;Rural;C.A. Segovia;Segovia;Segovia;99;Hombre
2025-11-10T02:04:00+01:00;2025-11-14T14:43:00+01:00;Lunes;Viernes;ZBS Medina del Campo Rural;Rural;H.C.U. Valladolid;Valladolid Este;Valladolid;56;Hombre
2025-11-10T00:17:00+01:00;2025-11-17T15:44:00+01:00;Domingo;Lunes;ZBS Parque Alameda-Covaresa;Urbano;H.U. Río Hortega;Valladolid Oeste;Valladolid;56;Mujer
2025-11-09T23:38:00+01:00;2025-11-11T17:45:00+01:00;Domingo;Martes;ZBS Bierzo;Urbano;C.A.U. León;León;León;65;Hombre
2025-11-09T22:18:00+01:00;2025-11-17T17:24:00+01:00;Domingo;Lunes;ZBS Tudela;Rural;H.U. Río Hortega;Valladolid Oeste;Valladolid;86;Hombre
2025-11-09T21:45:00+01:00;2025-11-25T14:28:00+01:00;Domingo;Martes;ZBS San Andrés del Rabanedo;Rural;C.A.U. León;León;León;58;Mujer
2025-11-09T20:37:00+01:00;2025-11-17T15:24:00+01:00;Domingo;Lunes;ZBS San Emiliano;Rural;C.A.U. León;León;León;81;Mujer
2025-11-09T19:28:00+01:00;2025-11-18T12:10:00+01:00;Domingo;Martes;ZBS Mota del Marqués;Rural;H.U. Río Hortega;Valladolid Oeste;Valladolid;84;Hombre
2025-11-09T18:03:00+01:00;2025-11-14T17:11:00+01:00;Domingo;Viernes;ZBS Sotillo de Adrada;Rural;C.A. Ávila;Ávila;Ávila;96;Mujer
2025-11-09T17:42:00+01:00;2025-11-14T15:00:00+01:00;Domingo;Viernes;ZBS Soria Rural;Rural;C.A. Soria;Soria;Soria;56;Hombre
2025-11-09T17:41:00+01:00;2025-11-10T17:49:00+01:00;Domingo;Lunes;ZBS Jardinillos;Urbano;C.A.U. Palencia;Palencia;Palencia;94;Mujer
2025-11-09T17:33:00+01:00;2025-11-11T17:10:00+01:00;Domingo;Martes;ZBS Sahagún de Campos;Rural;C.A.U. León;León;León;70;Hombre
2025-11-09T14:59:00+01:00;2025-11-18T16:39:00+01:00;Domingo;Martes;ZBS Ágreda;Rural;C.A. Soria;Soria;Soria;87;Hombre
2025-11-09T12:22:00+01:00;2025-11-20T12:30:00+01:00;Domingo;Jueves;ZBS Las Huelgas;Urbano;C.A.U. Burgos;Burgos;Burgos;45;Mujer
2025-11-09T11:49:00+01:00;2025-11-29T14:42:00+01:00;Domingo;Sábado;ZBS San Andrés del Rabanedo;Rural;C.A.U. León;León;León;81;Hombre
2025-11-09T04:24:00+01:00;2025-11-18T14:54:00+01:00;Domingo;Martes;ZBS I. López Sáiz;Urbano;C.A.U. Burgos;Burgos;Burgos;62;Mujer
2025-11-09T04:21:00+01:00;2025-11-13T17:30:00+01:00;Domingo;Jueves;ZBS Arévalo;Urbano;C.A. Ávila;Ávila;Ávila;79;Mujer
2025-11-09T03:52:00+01:00;2025-11-17T17:27:00+01:00;Domingo;Lunes;ZBS Segovia III;Urbano;C.A. Segovia;Segovia;Segovia;88;Mujer
2025-11-09T00:29:00+01:00;2025-12-30T18:43:00+01:00;Sábado;Martes;ZBS Capuchinos;Urbano;C.A.U. Salamanca;Salamanca;Salamanca;71;Hombre
2025-11-09T00:22:00+01:00;2025-11-12T18:27:00+01:00;Sábado;Miércoles;ZBS Ribera del Órbigo;Rural;C.A.U. León;León;León;91;Mujer
2025-11-08T23:08:00+01:00;2025-11-26T12:15:00+01:00;Sábado;Miércoles;ZBS Circular;Urbano;H.C.U. Valladolid;Valladolid Este;Valladolid;74;Hombre
2025-11-08T21:15:00+01:00;2025-11-27T11:08:00+01:00;Sábado;Jueves;Zona Desconocida;Otra;C.A.U. León;León;León;69;Hombre
2025-11-08T21:12:00+01:00;2025-11-12T10:50:00+01:00;Sábado;Miércoles;ZBS Gamazo;Urbano;H.C.U. Valladolid;Valladolid Este;Valladolid;73;Mujer
2025-11-08T20:19:00+01:00;2025-11-27T15:07:00+01:00;Sábado;Jueves;ZBS Burgohondo;Rural;C.A. Ávila;Ávila;Ávila;91;Mujer
2025-11-08T18:44:00+01:00;2025-11-21T17:51:00+01:00;Sábado;Viernes;ZBS Villafranca del Bierzo;Rural;H. El Bierzo;Bierzo;León;90;Mujer
2025-11-08T14:31:00+01:00;2025-11-14T16:45:00+01:00;Sábado;Viernes;ZBS Aguilar de Campoo;Rural;C.A.U. Burgos;Burgos;Burgos;68;Mujer
2025-11-08T13:51:00+01:00;2025-12-10T21:40:00+01:00;Sábado;Miércoles;ZBS Armunia;Rural;C.A.U. León;León;León;74;Hombre
2025-11-08T10:06:00+01:00;2025-11-13T21:00:00+01:00;Sábado;Jueves;ZBS Santa Clara;Urbano;C.A.U. Burgos;Burgos;Burgos;59;Hombre
2025-11-08T03:27:00+01:00;2025-11-18T17:29:00+01:00;Sábado;Martes;Zona Desconocida;Otra;C.A.U. Salamanca;Salamanca;Salamanca;72;Mujer
2025-11-07T23:46:00+01:00;2025-11-24T17:01:00+01:00;Viernes;Lunes;ZBS Lerma;Rural;C.A.U. Burgos;Burgos;Burgos;90;Mujer
2025-11-07T21:52:00+01:00;2025-11-13T18:09:00+01:00;Viernes;Jueves;ZBS Santa Marta de Tormes;Rural;C.A.U. Salamanca;Salamanca;Salamanca;83;Mujer
2025-11-07T20:10:00+01:00;2025-11-13T15:08:00+01:00;Viernes;Jueves;ZBS Alcañices;Rural;C.A. Zamora;Zamora;Zamora;80;Hombre
2025-11-07T19:32:00+01:00;2025-11-19T14:57:00+01:00;Viernes;Miércoles;ZBS San Antonio;Urbano;H. El Bierzo;Bierzo;León;82;Mujer
2025-11-07T19:14:00+01:00;2025-11-11T15:23:00+01:00;Viernes;Martes;ZBS Virgen de la Concha;Urbano;C.A. Zamora;Zamora;Zamora;78;Mujer
2025-11-07T19:13:00+01:00;2025-11-10T16:59:00+01:00;Viernes;Lunes;ZBS Valencia de D. Juan;Rural;C.A.U. León;León;León;85;Hombre
2025-11-07T18:08:00+01:00;2025-11-13T16:47:00+01:00;Viernes;Jueves;ZBS La Palomera;Urbano;C.A.U. León;León;León;67;Mujer
2025-11-07T17:39:00+01:00;2025-11-21T17:31:00+01:00;Viernes;Viernes;ZBS Segovia III;Urbano;C.A. Segovia;Segovia;Segovia;83;Mujer
2025-11-07T16:29:00+01:00;2025-11-13T16:48:00+01:00;Viernes;Jueves;ZBS Parquesol;Urbano;H.U. Río Hortega;Valladolid Oeste;Valladolid;81;Mujer
2025-11-07T13:56:00+01:00;2025-11-26T17:08:00+01:00;Viernes;Miércoles;ZBS Villarcayo;Rural;C.A.U. Burgos;Burgos;Burgos;74;Mujer
2025-11-07T13:44:00+01:00;2025-11-11T14:06:00+01:00;Viernes;Martes;ZBS Olmedo;Rural;H.C.U. Valladolid;Valladolid Este;Valladolid;65;Mujer
2025-11-07T13:32:00+01:00;2025-11-10T17:09:00+01:00;Viernes;Lunes;ZBS Cristobal Acosta;Urbano;C.A.U. Burgos;Burgos;Burgos;92;Mujer
2025-11-07T13:15:00+01:00;2025-11-14T14:07:00+01:00;Viernes;Viernes;ZBS Trobajo del Camino;Rural;C.A.U. León;León;León;44;Hombre
2025-11-07T12:42:00+01:00;2025-11-13T16:57:00+01:00;Viernes;Jueves;ZBS Arturo Eyries;Urbano;H.U. Río Hortega;Valladolid Oeste;Valladolid;59;Mujer
2025-11-07T10:52:00+01:00;2025-11-14T12:30:00+01:00;Viernes;Viernes;ZBS Laguna de Duero;Rural;H.U. Río Hortega;Valladolid Oeste;Valladolid;67;Hombre
2025-11-07T07:42:00+01:00;2025-11-11T11:45:00+01:00;Viernes;Martes;ZBS Arturo Eyries;Urbano;H.C.U. Valladolid;Valladolid Este;Valladolid;73;Hombre
2025-11-07T05:13:00+01:00;2025-11-10T15:39:00+01:00;Viernes;Lunes;ZBS Villadiego;Rural;C.A.U. Burgos;Burgos;Burgos;89;Mujer
2025-11-06T23:37:00+01:00;2025-11-10T17:18:00+01:00;Jueves;Lunes;ZBS Miguel Armijo;Urbano;C.A.U. Salamanca;Salamanca;Salamanca;75;Hombre
2025-11-06T20:32:00+01:00;2025-11-14T12:41:00+01:00;Jueves;Viernes;ZBS Paredes de Nava;Rural;C.A.U. Palencia;Palencia;Palencia;77;Hombre
2025-11-06T20:32:00+01:00;2025-11-12T16:17:00+01:00;Jueves;Miércoles;ZBS Jardinillos;Urbano;C.A.U. Palencia;Palencia;Palencia;71;Hombre
2025-11-06T19:18:00+01:00;2025-11-07T15:33:00+01:00;Jueves;Viernes;ZBS Santibañez de Vidriales;Rural;C.A. Zamora;Zamora;Zamora;90;Mujer
2025-11-06T18:31:00+01:00;2025-11-07T14:33:00+01:00;Jueves;Viernes;ZBS Arturo Eyries;Urbano;H.C.U. Valladolid;Valladolid Este;Valladolid;59;Mujer
2025-11-06T14:26:00+01:00;2025-11-13T18:55:00+01:00;Jueves;Jueves;ZBS Periurbana Norte;Rural;C.A.U. Salamanca;Salamanca;Salamanca;87;Hombre
2025-11-06T14:07:00+01:00;2025-11-25T17:03:00+01:00;Jueves;Martes;ZBS José Aguado II;Urbano;C.A.U. León;León;León;82;Mujer
2025-11-06T05:30:00+01:00;2025-11-18T19:28:00+01:00;Jueves;Martes;ZBS Eras de Renueva;Urbano;C.A.U. León;León;León;51;Mujer
2025-11-06T02:35:00+01:00;2025-11-12T17:42:00+01:00;Jueves;Miércoles;ZBS Ledesma;Rural;C.A.U. Salamanca;Salamanca;Salamanca;78;Hombre
2025-11-06T01:36:00+01:00;2025-11-06T20:10:00+01:00;Jueves;Jueves;ZBS Segovia I;Urbano;C.A. Segovia;Segovia;Segovia;98;Mujer
2025-11-05T23:26:00+01:00;2025-11-07T16:37:00+01:00;Miércoles;Viernes;ZBS San Juan;Urbano;C.A.U. Salamanca;Salamanca;Salamanca;74;Hombre
2025-11-05T21:29:00+01:00;2025-11-07T17:19:00+01:00;Miércoles;Viernes;ZBS Santa Clara;Urbano;C.A.U. Burgos;Burgos;Burgos;92;Hombre
2025-11-05T18:59:00+01:00;2025-11-07T17:15:00+01:00;Miércoles;Viernes;ZBS Aranda Norte;Urbano;C.A.U. Burgos;Burgos;Burgos;80;Hombre
2025-11-05T17:50:00+01:00;2025-11-29T12:02:00+01:00;Miércoles;Sábado;ZBS Tórtola;Urbano;H.C.U. Valladolid;Valladolid Este;Valladolid;79;Hombre
2025-11-05T17:42:00+01:00;2025-11-08T06:40:00+01:00;Miércoles;Sábado;ZBS Miguel Armijo;Urbano;C.A.U. Salamanca;Salamanca;Salamanca;63;Hombre
2025-11-05T17:39:00+01:00;2025-11-08T18:00:00+01:00;Miércoles;Sábado;ZBS De la Puebla;Urbano;C.A.U. Palencia;Palencia;Palencia;78;Mujer
2025-11-05T15:44:00+01:00;2025-11-14T19:19:00+01:00;Miércoles;Viernes;ZBS Valderas;Rural;C.A.U. León;León;León;94;Mujer
2025-11-05T14:35:00+01:00;2025-11-26T17:08:00+01:00;Miércoles;Miércoles;ZBS Cristobal Acosta;Urbano;C.A.U. Burgos;Burgos;Burgos;50;Hombre
2025-11-05T13:12:00+01:00;2025-11-12T15:14:00+01:00;Miércoles;Miércoles;ZBS Laguna de Duero;Rural;H.U. Río Hortega;Valladolid Oeste;Valladolid;89;Mujer
2025-11-05T03:31:00+01:00;2025-11-12T17:54:00+01:00;Miércoles;Miércoles;ZBS Trobajo del Camino;Rural;C.A.U. León;León;León;61;Mujer
2025-11-05T02:01:00+01:00;2025-11-07T11:25:00+01:00;Miércoles;Viernes;ZBS Huerta de Rey;Rural;H. Santos Reyes;Burgos;Burgos;87;Mujer
2025-11-05T00:32:00+01:00;2025-11-10T16:02:00+01:00;Martes;Lunes;ZBS José Aguado II;Urbano;C.A.U. León;León;León;37;Hombre
2025-11-04T22:22:00+01:00;2025-11-20T12:41:00+01:00;Martes;Jueves;ZBS Valladolid Rural I;Rural;H.C.U. Valladolid;Valladolid Este;Valladolid;42;Mujer
2025-11-04T22:06:00+01:00;2025-11-06T16:32:00+01:00;Martes;Jueves;ZBS Linares de Riofrío;Rural;C.A.U. Salamanca;Salamanca;Salamanca;89;Hombre
2025-11-04T22:04:00+01:00;2025-11-06T17:48:00+01:00;Martes;Jueves;ZBS Santibañez de Vidriales;Rural;C.A.U. León;León;León;90;Mujer
2025-11-04T21:40:00+01:00;2025-11-20T12:18:00+01:00;Martes;Jueves;ZBS Béjar;Urbano;C.A.U. Salamanca;Salamanca;Salamanca;34;Hombre
2025-11-04T21:12:00+01:00;2025-11-07T15:23:00+01:00;Martes;Viernes;ZBS Valladolid Rural I;Rural;H.C.U. Valladolid;Valladolid Este;Valladolid;76;Mujer
2025-11-04T20:54:00+01:00;2025-11-11T15:45:00+01:00;Martes;Martes;ZBS La Bañeza I;Urbano;C.A.U. León;León;León;72;Hombre
2025-11-04T20:12:00+01:00;2025-11-12T14:53:00+01:00;Martes;Miércoles;ZBS San Antonio;Urbano;H. El Bierzo;Bierzo;León;56;Hombre
2025-11-04T20:10:00+01:00;2025-11-10T19:26:00+01:00;Martes;Lunes;ZBS Parada del Molino;Urbano;C.A.U. Salamanca;Salamanca;Salamanca;75;Hombre
2025-11-04T19:59:00+01:00;2025-11-10T17:50:00+01:00;Martes;Lunes;ZBS De la Puebla;Urbano;C.A.U. Palencia;Palencia;Palencia;83;Mujer
2025-11-04T19:54:00+01:00;2025-11-08T16:01:00+01:00;Martes;Sábado;ZBS Miranda Oeste;Urbano;H. Santiago Apóstol;Burgos;Burgos;94;Mujer
2025-11-04T18:18:00+01:00;2025-11-20T21:20:00+01:00;Martes;Jueves;ZBS Burgohondo;Rural;C.A. Ávila;Ávila;Ávila;66;Mujer
2025-11-04T18:03:00+01:00;2025-11-07T20:05:00+01:00;Martes;Viernes;ZBS Armunia;Rural;C.A.U. León;León;León;93;Mujer
2025-11-04T17:16:00+01:00;2025-11-24T21:35:00+01:00;Martes;Lunes;ZBS Alba de Tormes;Rural;C.A.U. Salamanca;Salamanca;Salamanca;79;Hombre
2025-11-04T17:13:00+01:00;2025-11-12T15:09:00+01:00;Martes;Miércoles;ZBS Delicias II;Urbano;H.U. Río Hortega;Valladolid Oeste;Valladolid;56;Hombre
2025-11-04T15:52:00+01:00;2025-11-14T18:15:00+01:00;Martes;Viernes;ZBS San Antonio;Urbano;C.A.U. León;León;León;57;Mujer
2025-11-04T15:38:00+01:00;2025-11-14T16:34:00+01:00;Martes;Viernes;ZBS Soria Sur;Urbano;C.A. Soria;Soria;Soria;72;Mujer
2025-11-04T13:47:00+01:00;2025-11-09T08:32:00+01:00;Martes;Domingo;ZBS Cebreros;Rural;C.A. Ávila;Ávila;Ávila;89;Mujer
2025-11-04T12:56:00+01:00;2025-11-10T16:31:00+01:00;Martes;Lunes;ZBS Baltanás;Rural;H.C.U. Valladolid;Valladolid Este;Valladolid;47;Mujer
2025-11-04T03:54:00+01:00;2025-11-07T17:43:00+01:00;Martes;Viernes;ZBS San Antonio;Urbano;C.A.U. León;León;León;82;Mujer
2025-11-04T03:50:00+01:00;2025-11-04T14:38:00+01:00;Martes;Martes;ZBS Ávila Estación;Urbano;C.A. Ávila;Ávila;Ávila;59;Mujer
2025-11-04T02:59:00+01:00;2025-11-07T18:01:00+01:00;Martes;Viernes;ZBS Burgos Rural Sur;Rural;C.A.U. Burgos;Burgos;Burgos;40;Mujer
2025-11-04T02:05:00+01:00;2025-11-07T16:24:00+01:00;Martes;Viernes;ZBS Casa del Barco;Urbano;H.U. Río Hortega;Valladolid Oeste;Valladolid;65;Hombre
2025-11-04T01:38:00+01:00;2025-11-06T16:17:00+01:00;Martes;Jueves;ZBS Saldaña;Rural;C.A.U. Palencia;Palencia;Palencia;60;Hombre
2025-11-03T23:41:00+01:00;2025-11-14T19:32:00+01:00;Lunes;Viernes;ZBS Medina del Campo Urbano;Urbano;H.C.U. Valladolid;Valladolid Este;Valladolid;90;Mujer
2025-11-03T23:26:00+01:00;2025-11-06T19:09:00+01:00;Lunes;Jueves;ZBS Cristobal Acosta;Urbano;C.A.U. Burgos;Burgos;Burgos;88;Mujer
2025-11-03T23:12:00+01:00;2025-11-13T18:18:00+01:00;Lunes;Jueves;ZBS Villoria;Rural;C.A.U. Salamanca;Salamanca;Salamanca;86;Mujer
2025-11-03T23:05:00+01:00;2025-11-10T10:32:00+01:00;Lunes;Lunes;ZBS Zamora Sur;Rural;C.A. Zamora;Zamora;Zamora;93;Mujer
2025-11-03T20:14:00+01:00;2025-11-18T11:16:00+01:00;Lunes;Martes;ZBS Magdalena;Urbano;H.C.U. Valladolid;Valladolid Este;Valladolid;84;Mujer
2025-11-03T19:45:00+01:00;2025-11-07T17:00:00+01:00;Lunes;Viernes;ZBS Berlanga de Duero;Rural;C.A. Soria;Soria;Soria;86;Mujer
2025-11-03T19:19:00+01:00;2025-11-12T14:54:00+01:00;Lunes;Miércoles;ZBS Bierzo;Urbano;H. El Bierzo;Bierzo;León;80;Mujer
2025-11-03T19:03:00+01:00;2025-11-18T18:55:00+01:00;Lunes;Martes;ZBS Soria Rural;Rural;C.A. Soria;Soria;Soria;89;Mujer
2025-11-03T18:33:00+01:00;2025-11-11T20:07:00+01:00;Lunes;Martes;ZBS Santa Clara;Urbano;C.A.U. Burgos;Burgos;Burgos;72;Mujer
2025-11-03T18:28:00+01:00;2025-11-10T16:14:00+01:00;Lunes;Lunes;ZBS Parada del Molino;Urbano;C.A. Zamora;Zamora;Zamora;74;Hombre
2025-11-03T17:37:00+01:00;2025-11-29T01:31:00+01:00;Lunes;Sábado;ZBS Cebreros;Rural;C.A. Ávila;Ávila;Ávila;84;Mujer
2025-11-03T16:53:00+01:00;2025-11-04T13:15:00+01:00;Lunes;Martes;ZBS Segovia III;Urbano;C.A. Segovia;Segovia;Segovia;55;Hombre
2025-11-03T16:48:00+01:00;2025-11-04T12:17:00+01:00;Lunes;Martes;ZBS Cebreros;Rural;C.A. Ávila;Ávila;Ávila;59;Mujer
2025-11-03T16:23:00+01:00;2025-11-14T16:45:00+01:00;Lunes;Viernes;ZBS Sahagún de Campos;Rural;C.A.U. León;León;León;82;Hombre
2025-11-03T15:18:00+01:00;2025-11-06T20:30:00+01:00;Lunes;Jueves;ZBS José Aguado I;Urbano;C.A.U. León;León;León;89;Mujer
2025-11-03T14:44:00+01:00;2025-11-07T17:08:00+01:00;Lunes;Viernes;ZBS La Bañeza I;Urbano;C.A.U. León;León;León;75;Hombre
2025-11-03T10:34:00+01:00;2025-11-07T13:22:00+01:00;Lunes;Viernes;ZBS Santa Elena;Urbano;C.A. Zamora;Zamora;Zamora;64;Mujer
2025-11-03T03:29:00+01:00;2025-11-05T00:40:00+01:00;Lunes;Martes;Zona Desconocida;Otra;C.A. Segovia;Segovia;Segovia;94;Mujer
2025-11-03T00:20:00+01:00;2025-11-05T23:45:00+01:00;Domingo;Miércoles;ZBS Arcos de Jalón;Rural;C.A. Soria;Soria;Soria;57;Hombre
2025-11-02T21:19:00+01:00;2025-12-14T18:09:00+01:00;Domingo;Domingo;ZBS Tordesillas;Rural;H.U. Río Hortega;Valladolid Oeste;Valladolid;75;Mujer
2025-11-02T20:10:00+01:00;2025-11-07T17:19:00+01:00;Domingo;Viernes;ZBS San Agustín;Urbano;C.A.U. Burgos;Burgos;Burgos;51;Mujer
2025-11-02T19:09:00+01:00;2025-11-05T22:09:00+01:00;Domingo;Miércoles;ZBS Parquesol;Urbano;H.U. Río Hortega;Valladolid Oeste;Valladolid;80;Mujer
2025-11-02T17:31:00+01:00;2025-11-03T18:43:00+01:00;Domingo;Lunes;ZBS Pintor Oliva;Urbano;C.A.U. Palencia;Palencia;Palencia;53;Hombre
2025-11-02T14:48:00+01:00;2025-11-12T17:17:00+01:00;Domingo;Miércoles;ZBS Gamonal las Torres;Urbano;C.A.U. Burgos;Burgos;Burgos;84;Hombre
2025-11-02T14:18:00+01:00;2025-11-05T17:06:00+01:00;Domingo;Miércoles;ZBS Cistierna;Rural;C.A.U. León;León;León;81;Hombre
2025-11-02T07:24:00+01:00;2025-11-13T19:38:00+01:00;Domingo;Jueves;ZBS Pintor Oliva;Urbano;H.C.U. Valladolid;Valladolid Este;Valladolid;81;Mujer
2025-11-02T02:36:00+01:00;2025-11-07T13:02:00+01:00;Domingo;Viernes;ZBS Tábara;Rural;C.A. Zamora;Zamora;Zamora;86;Mujer
2025-11-02T01:11:00+01:00;2025-11-14T15:27:00+01:00;Domingo;Viernes;ZBS Puente de Domingo Florez;Rural;H. El Bierzo;Bierzo;León;72;Hombre
2025-11-02T00:49:00+01:00;2025-11-06T19:39:00+01:00;Sábado;Jueves;ZBS Jardinillos;Urbano;H.C.U. Valladolid;Valladolid Este;Valladolid;71;Hombre
2025-11-01T23:34:00+01:00;2025-11-13T20:23:00+01:00;Sábado;Jueves;ZBS Burgohondo;Rural;C.A. Ávila;Ávila;Ávila;98;Hombre
2025-11-01T22:09:00+01:00;2025-11-04T09:46:00+01:00;Sábado;Martes;ZBS Santibañez de Vidriales;Rural;C.A.U. León;León;León;75;Mujer
2025-11-01T22:05:00+01:00;2025-11-04T18:07:00+01:00;Sábado;Martes;ZBS Burgohondo;Rural;C.A.U. Salamanca;Salamanca;Salamanca;66;Mujer
2025-11-01T19:37:00+01:00;2025-11-12T17:33:00+01:00;Sábado;Miércoles;ZBS Pinares-Covaleda;Rural;C.A. Soria;Soria;Soria;69;Hombre
2025-11-01T17:35:00+01:00;2025-11-13T18:56:00+01:00;Sábado;Jueves;ZBS Ávila Estación;Urbano;C.A. Ávila;Ávila;Ávila;31;Mujer
2025-11-01T17:33:00+01:00;2025-11-07T17:17:00+01:00;Sábado;Viernes;ZBS Villarcayo;Rural;C.A.U. Burgos;Burgos;Burgos;92;Mujer
2025-11-01T17:22:00+01:00;2025-11-03T13:20:00+01:00;Sábado;Lunes;ZBS Béjar;Urbano;C.A.U. Salamanca;Salamanca;Salamanca;66;Mujer
2025-11-01T16:18:00+01:00;2025-11-03T17:35:00+01:00;Sábado;Lunes;ZBS Cebreros;Rural;C.A.U. Salamanca;Salamanca;Salamanca;59;Mujer
2025-11-01T15:29:00+01:00;2025-11-07T13:58:00+01:00;Sábado;Viernes;ZBS Bañeza II;Rural;C.A.U. León;León;León;84;Mujer
2025-11-01T14:33:00+01:00;2025-11-04T16:53:00+01:00;Sábado;Martes;ZBS Villalón de Campos;Rural;H.U. Río Hortega;Valladolid Oeste;Valladolid;57;Hombre
2025-11-01T14:04:00+01:00;2025-11-11T20:05:00+01:00;Sábado;Martes;ZBS Soria Rural;Rural;C.A. Soria;Soria;Soria;93;Hombre
2025-11-01T13:29:00+01:00;2025-11-05T15:00:00+01:00;Sábado;Miércoles;ZBS Ponferrada III;Urbano;H. El Bierzo;Bierzo;León;90;Mujer
2025-11-01T10:13:00+01:00;2025-11-01T13:30:00+01:00;Sábado;Sábado;ZBS Ágreda;Rural;C.A. Soria;Soria;Soria;91;Hombre
2025-11-01T04:11:00+01:00;2025-11-05T16:43:00+01:00;Sábado;Miércoles;ZBS Medina de Pomar;Rural;C.A.U. Burgos;Burgos;Burgos;57;Hombre
2025-11-01T01:04:00+01:00;2025-11-07T19:53:00+01:00;Sábado;Viernes;ZBS Sahagún de Campos;Rural;C.A.U. León;León;León;81;Hombre
2025-10-31T23:58:00+01:00;2025-11-19T16:45:00+01:00;Viernes;Miércoles;ZBS Jardinillos;Urbano;C.A.U. Palencia;Palencia;Palencia;94;Mujer
2025-10-31T21:47:00+01:00;2025-11-13T13:06:00+01:00;Viernes;Jueves;ZBS F.Villalobos;Urbano;C.A.U. Salamanca;Salamanca;Salamanca;63;Mujer
2025-10-31T21:16:00+01:00;2025-11-26T14:26:00+01:00;Viernes;Miércoles;Zona Desconocida;Otra;C.A.U. Salamanca;Salamanca;Salamanca;75;Hombre
2025-10-31T19:22:00+01:00;2025-11-17T12:12:00+01:00;Viernes;Lunes;ZBS Virgen de la Concha;Urbano;C.A. Zamora;Zamora;Zamora;83;Hombre
2025-10-31T19:06:00+01:00;2025-11-01T07:58:00+01:00;Viernes;Sábado;ZBS Virgen de la Concha;Urbano;C.A. Zamora;Zamora;Zamora;82;Hombre
2025-10-31T19:04:00+01:00;2025-11-01T00:59:00+01:00;Viernes;Viernes;ZBS Toreno;Rural;H. El Bierzo;Bierzo;León;93;Hombre
2025-10-31T17:34:00+01:00;2025-11-10T17:22:00+01:00;Viernes;Lunes;ZBS Aguilar de Campoo;Rural;C.A.U. Palencia;Palencia;Palencia;82;Mujer
2025-10-31T15:02:00+01:00;2025-11-06T19:44:00+01:00;Viernes;Jueves;ZBS San Andrés del Rabanedo;Rural;C.A.U. León;León;León;82;Hombre
2025-10-31T12:42:00+01:00;2025-11-14T20:45:00+01:00;Viernes;Viernes;ZBS Aldeadávila de la Ribera;Rural;C.A.U. Salamanca;Salamanca;Salamanca;77;Hombre
2025-10-31T01:11:00+01:00;2025-11-03T19:19:00+01:00;Viernes;Lunes;ZBS San Pablo;Urbano;H.C.U. Valladolid;Valladolid Este;Valladolid;95;Hombre
2025-10-31T01:07:00+01:00;2025-11-04T17:43:00+01:00;Viernes;Martes;ZBS Riaño;Rural;C.A.U. León;León;León;68;Mujer
2025-10-31T00:04:00+01:00;2025-11-06T19:39:00+01:00;Jueves;Jueves;ZBS Paredes de Nava;Rural;H.C.U. Valladolid;Valladolid Este;Valladolid;77;Hombre
2025-10-30T21:31:00+01:00;2025-11-11T10:46:00+01:00;Jueves;Martes;ZBS Medina del Campo Rural;Rural;H.C.U. Valladolid;Valladolid Este;Valladolid;52;Hombre
2025-10-30T21:13:00+01:00;2025-11-05T15:01:00+01:00;Jueves;Miércoles;ZBS Ponferrada IV;Urbano;H. El Bierzo;Bierzo;León;49;Hombre
2025-10-30T19:49:00+01:00;2025-11-05T17:26:00+01:00;Jueves;Miércoles;ZBS Alamedilla;Urbano;C.A.U. Salamanca;Salamanca;Salamanca;92;Mujer
2025-10-30T19:40:00+01:00;2025-11-03T14:49:00+01:00;Jueves;Lunes;ZBS Zamora Norte;Rural;C.A. Zamora;Zamora;Zamora;90;Hombre
2025-10-30T18:58:00+01:00;2025-11-14T15:34:00+01:00;Jueves;Viernes;ZBS Benavente Sur;Urbano;C.A. Zamora;Zamora;Zamora;90;Mujer
2025-10-30T18:44:00+01:00;2025-11-13T21:24:00+01:00;Jueves;Jueves;ZBS Astorga I;Urbano;C.A.U. León;León;León;84;Hombre
2025-10-30T18:17:00+01:00;2025-11-08T19:08:00+01:00;Jueves;Sábado;Zona Desconocida;Otra;C.A.U. Salamanca;Salamanca;Salamanca;79;Hombre
2025-10-30T15:36:00+01:00;2025-11-10T22:50:00+01:00;Jueves;Lunes;ZBS Plaza del Ejército;Urbano;H.U. Río Hortega;Valladolid Oeste;Valladolid;60;Hombre
2025-10-30T04:36:00+01:00;2025-10-31T00:40:00+01:00;Jueves;Jueves;ZBS Soria Rural;Rural;C.A.U. Burgos;Burgos;Burgos;91;Mujer
2025-10-30T02:38:00+01:00;2025-11-12T13:09:00+01:00;Jueves;Miércoles;ZBS Gamazo;Urbano;H.C.U. Valladolid;Valladolid Este;Valladolid;83;Hombre
2025-10-30T01:41:00+01:00;2025-11-10T14:48:00+01:00;Jueves;Lunes;ZBS Ávila Rural;Rural;C.A. Ávila;Ávila;Ávila;79;Mujer
2025-10-29T23:41:00+01:00;2025-10-30T02:00:00+01:00;Miércoles;Jueves;ZBS Soria Rural;Rural;C.A. Soria;Soria;Soria;91;Mujer
2025-10-29T21:31:00+01:00;2025-11-04T18:23:00+01:00;Miércoles;Martes;ZBS Benavente Sur;Urbano;C.A.U. León;León;León;58;Hombre
2025-10-29T20:11:00+01:00;2025-10-31T13:40:00+01:00;Miércoles;Viernes;ZBS Magdalena;Urbano;H.C.U. Valladolid;Valladolid Este;Valladolid;66;Hombre
2025-10-29T20:04:00+01:00;2025-11-12T20:31:00+01:00;Miércoles;Miércoles;ZBS Tórtola;Urbano;H.C.U. Valladolid;Valladolid Este;Valladolid;91;Mujer
2025-10-29T19:59:00+01:00;2025-11-03T17:20:00+01:00;Miércoles;Lunes;ZBS Eras del Bosque;Urbano;C.A.U. Palencia;Palencia;Palencia;89;Hombre
2025-10-29T18:05:00+01:00;2025-11-07T16:24:00+01:00;Miércoles;Viernes;ZBS Delicias II;Urbano;H.U. Río Hortega;Valladolid Oeste;Valladolid;69;Hombre
2025-10-29T17:42:00+01:00;2025-11-03T19:40:00+01:00;Miércoles;Lunes;ZBS Berlanga de Duero;Rural;C.A. Soria;Soria;Soria;86;Mujer
2025-10-29T16:54:00+01:00;2025-11-14T21:07:00+01:00;Miércoles;Viernes;ZBS Armunia;Rural;C.A.U. León;León;León;71;Mujer
2025-10-29T15:41:00+01:00;2025-11-17T12:48:00+01:00;Miércoles;Lunes;Zona Desconocida;Otra;C.A.U. Salamanca;Salamanca;Salamanca;75;Hombre
2025-10-29T14:49:00+01:00;2025-11-03T17:57:00+01:00;Miércoles;Lunes;ZBS Bierzo;Urbano;C.A.U. León;León;León;80;Mujer
2025-10-29T14:18:00+01:00;2025-12-11T21:15:00+01:00;Miércoles;Jueves;ZBS Villadiego;Rural;C.A.U. Burgos;Burgos;Burgos;56;Hombre
2025-10-29T12:37:00+01:00;2025-11-05T17:25:00+01:00;Miércoles;Miércoles;ZBS Bañeza II;Rural;C.A.U. León;León;León;80;Mujer
2025-10-29T03:39:00+01:00;2025-10-31T19:46:00+01:00;Miércoles;Viernes;ZBS Miguel Armijo;Urbano;C.A.U. Salamanca;Salamanca;Salamanca;68;Hombre
2025-10-29T00:30:00+01:00;2025-11-12T18:26:00+01:00;Martes;Miércoles;ZBS Sotillo de Adrada;Rural;C.A. Ávila;Ávila;Ávila;66;Hombre
2025-10-28T23:38:00+01:00;2025-11-15T04:00:00+01:00;Martes;Sábado;ZBS Segovia Rural;Rural;C.A. Segovia;Segovia;Segovia;89;Hombre
2025-10-28T22:45:00+01:00;2025-11-01T07:51:00+01:00;Martes;Sábado;ZBS Muñana;Rural;C.A. Ávila;Ávila;Ávila;96;Mujer
2025-10-28T20:50:00+01:00;2025-11-06T19:08:00+01:00;Martes;Jueves;ZBS Medina de Pomar;Rural;C.A.U. Burgos;Burgos;Burgos;46;Mujer
2025-10-28T19:36:00+01:00;2025-10-30T14:59:00+01:00;Martes;Jueves;ZBS Bierzo;Urbano;H. El Bierzo;Bierzo;León;74;Hombre
2025-10-28T19:34:00+01:00;2025-11-01T14:25:00+01:00;Martes;Sábado;ZBS Cigales;Rural;H.C.U. Valladolid;Valladolid Este;Valladolid;92;Mujer
2025-10-28T19:27:00+01:00;2025-11-03T14:15:00+01:00;Martes;Lunes;ZBS Parada del Molino;Urbano;C.A. Zamora;Zamora;Zamora;89;Hombre
2025-10-28T19:11:00+01:00;2025-11-03T17:38:00+01:00;Martes;Lunes;ZBS Parada del Molino;Urbano;C.A.U. Salamanca;Salamanca;Salamanca;74;Hombre
2025-10-28T18:50:00+01:00;2025-11-03T17:59:00+01:00;Martes;Lunes;ZBS Segovia I;Urbano;C.A. Segovia;Segovia;Segovia;87;Mujer
2025-10-28T16:05:00+01:00;2025-11-26T12:00:00+01:00;Martes;Miércoles;ZBS Medina del Campo Rural;Rural;H.C.U. Valladolid;Valladolid Este;Valladolid;65;Hombre
2025-10-28T15:37:00+01:00;2025-10-29T12:17:00+01:00;Martes;Miércoles;Zona Desconocida;Otra;C.A. Zamora;Zamora;Zamora;75;Hombre
2025-10-28T15:33:00+01:00;2025-11-07T17:05:00+01:00;Martes;Viernes;ZBS Aranda Norte;Urbano;C.A.U. Burgos;Burgos;Burgos;67;Mujer
2025-10-28T14:27:00+01:00;2025-11-05T18:42:00+01:00;Martes;Miércoles;ZBS Elena Ginel Díez;Urbano;C.A.U. Salamanca;Salamanca;Salamanca;83;Hombre
2025-10-28T14:15:00+01:00;2025-11-03T15:32:00+01:00;Martes;Lunes;ZBS Valladolid Rural I;Rural;H.C.U. Valladolid;Valladolid Este;Valladolid;59;Hombre
2025-10-28T13:30:00+01:00;2025-10-31T16:33:00+01:00;Martes;Viernes;ZBS Santa Clara;Urbano;C.A.U. Burgos;Burgos;Burgos;73;Hombre
2025-10-27T21:49:00+01:00;2025-11-04T20:10:00+01:00;Lunes;Martes;ZBS San Andrés del Rabanedo;Rural;C.A.U. León;León;León;96;Mujer
2025-10-27T20:51:00+01:00;2025-10-29T16:52:00+01:00;Lunes;Miércoles;ZBS Esguevillas;Rural;H.C.U. Valladolid;Valladolid Este;Valladolid;61;Hombre
2025-10-27T19:59:00+01:00;2025-11-12T14:24:00+01:00;Lunes;Miércoles;ZBS Ávila Sur Este;Urbano;C.A. Ávila;Ávila;Ávila;52;Mujer
2025-10-27T19:51:00+01:00;2025-11-11T14:05:00+01:00;Lunes;Martes;ZBS Circular;Urbano;H.C.U. Valladolid;Valladolid Este;Valladolid;57;Hombre
2025-10-27T19:45:00+01:00;2025-10-31T20:03:00+01:00;Lunes;Viernes;ZBS José Aguado II;Urbano;C.A.U. León;León;León;79;Mujer
2025-10-27T18:50:00+01:00;2025-10-29T10:06:00+01:00;Lunes;Miércoles;ZBS Aguilar de Campoo;Rural;C.A.U. Burgos;Burgos;Burgos;52;Hombre
2025-10-27T18:21:00+01:00;2025-11-04T21:20:00+01:00;Lunes;Martes;ZBS Saldaña;Rural;C.A.U. Palencia;Palencia;Palencia;93;Mujer
2025-10-27T18:20:00+01:00;2025-10-30T11:12:00+01:00;Lunes;Jueves;ZBS Tábara;Rural;C.A. Zamora;Zamora;Zamora;61;Mujer
2025-10-27T14:50:00+01:00;2025-10-30T00:29:00+01:00;Lunes;Miércoles;ZBS Ribera del Órbigo;Rural;C.A.U. León;León;León;71;Hombre
2025-10-27T14:03:00+01:00;2025-11-04T20:10:00+01:00;Lunes;Martes;ZBS Cristobal Acosta;Urbano;C.A.U. Burgos;Burgos;Burgos;75;Mujer
2025-10-27T13:22:00+01:00;2025-11-03T17:44:00+01:00;Lunes;Lunes;ZBS Casa del Barco;Urbano;H.U. Río Hortega;Valladolid Oeste;Valladolid;86;Hombre
2025-10-27T04:12:00+01:00;2025-10-28T19:10:00+01:00;Lunes;Martes;ZBS Parada del Molino;Urbano;C.A. Zamora;Zamora;Zamora;74;Hombre
2025-10-27T02:34:00+01:00;2025-11-03T17:40:00+01:00;Lunes;Lunes;ZBS San Andrés del Rabanedo;Rural;C.A.U. León;León;León;93;Hombre
2025-10-27T01:30:00+01:00;2025-11-03T16:15:00+01:00;Lunes;Lunes;ZBS Periurbana Sur;Rural;C.A.U. Salamanca;Salamanca;Salamanca;87;Hombre
2025-10-26T21:37:00+01:00;2025-10-31T21:51:00+01:00;Domingo;Viernes;ZBS Laguna de Duero;Rural;H.U. Río Hortega;Valladolid Oeste;Valladolid;87;Hombre
2025-10-26T20:07:00+01:00;2025-10-28T18:33:00+01:00;Domingo;Martes;ZBS Parada del Molino;Urbano;C.A.U. Salamanca;Salamanca;Salamanca;89;Hombre
2025-10-26T19:01:00+01:00;2025-11-11T10:46:00+01:00;Domingo;Martes;ZBS Portillo;Rural;H.C.U. Valladolid;Valladolid Este;Valladolid;61;Hombre
2025-10-26T18:23:00+01:00;2025-11-06T15:46:00+01:00;Domingo;Jueves;ZBS Delicias I;Urbano;H.U. Río Hortega;Valladolid Oeste;Valladolid;58;Hombre
2025-10-26T18:06:00+01:00;2025-10-27T18:32:00+01:00;Domingo;Lunes;ZBS Canterac;Urbano;H.C.U. Valladolid;Valladolid Este;Valladolid;85;Hombre
2025-10-26T17:17:00+01:00;2025-10-28T20:23:00+01:00;Domingo;Martes;ZBS Ólvega;Rural;C.A. Soria;Soria;Soria;70;Hombre
2025-10-26T13:26:00+01:00;2025-11-03T17:20:00+01:00;Domingo;Lunes;ZBS Eras de Renueva;Urbano;C.A.U. León;León;León;66;Hombre
2025-10-26T13:20:00+01:00;2025-11-28T22:38:00+01:00;Domingo;Viernes;ZBS Serrada;Rural;H.C.U. Valladolid;Valladolid Este;Valladolid;80;Hombre
2025-10-26T05:44:00+01:00;2025-10-29T19:03:00+01:00;Domingo;Miércoles;ZBS Villamuriel de Cerrato;Urbano;H.C.U. Valladolid;Valladolid Este;Valladolid;89;Hombre
2025-10-26T04:33:00+01:00;2025-12-10T13:51:00+01:00;Domingo;Miércoles;ZBS José Aguado I;Urbano;C.A.U. León;León;León;49;Mujer
2025-10-26T04:14:00+01:00;2025-10-30T15:12:00+01:00;Domingo;Jueves;Zona Desconocida;Otra;H.C.U. Valladolid;Valladolid Este;Valladolid;85;Mujer
2025-10-26T02:02:00+01:00;2025-11-05T10:39:00+01:00;Domingo;Miércoles;ZBS Medina del Campo Urbano;Urbano;H. Medina del Campo;Valladolid Este;Valladolid;84;Hombre
2025-10-26T01:40:00+02:00;2025-10-29T16:52:00+01:00;Sábado;Miércoles;ZBS Astorga I;Urbano;C.A.U. León;León;León;64;Mujer
2025-10-26T01:20:00+02:00;2025-11-04T00:04:00+01:00;Sábado;Lunes;ZBS Parque Alameda-Covaresa;Urbano;H.U. Río Hortega;Valladolid Oeste;Valladolid;91;Mujer
2025-10-26T00:15:00+02:00;2025-10-27T17:30:00+01:00;Sábado;Lunes;ZBS Eras de Renueva;Urbano;C.A.U. León;León;León;58;Hombre
2025-10-25T21:47:00+02:00;2025-10-31T19:58:00+01:00;Sábado;Viernes;ZBS Eras de Renueva;Urbano;C.A.U. León;León;León;88;Mujer
2025-10-25T20:24:00+02:00;2025-11-25T19:03:00+01:00;Sábado;Martes;ZBS José Aguado II;Urbano;C.A.U. León;León;León;89;Mujer
2025-10-25T19:24:00+02:00;2025-11-04T19:32:00+01:00;Sábado;Martes;ZBS De la Puebla;Urbano;H.C.U. Valladolid;Valladolid Este;Valladolid;83;Mujer
2025-10-25T19:24:00+02:00;2025-10-30T17:39:00+01:00;Sábado;Jueves;ZBS Huerta del Rey;Urbano;H.U. Río Hortega;Valladolid Oeste;Valladolid;86;Mujer
2025-10-25T17:28:00+02:00;2025-11-02T20:20:00+01:00;Sábado;Domingo;ZBS Universidad Centro;Urbano;C.A.U. Salamanca;Salamanca;Salamanca;87;Mujer
2025-10-25T17:03:00+02:00;2025-10-27T22:00:00+01:00;Sábado;Lunes;ZBS Segovia Rural;Rural;C.A. Segovia;Segovia;Segovia;52;Hombre
2025-10-25T16:17:00+02:00;2025-12-12T17:06:00+01:00;Sábado;Viernes;ZBS San Esteban de Gormaz;Rural;C.A. Soria;Soria;Soria;83;Hombre
2025-10-25T16:16:00+02:00;2025-10-31T21:25:00+01:00;Sábado;Viernes;ZBS Parque Alameda-Covaresa;Urbano;H.U. Río Hortega;Valladolid Oeste;Valladolid;94;Hombre
2025-10-25T16:08:00+02:00;2025-11-25T15:40:00+01:00;Sábado;Martes;ZBS Los Comuneros;Urbano;C.A.U. Burgos;Burgos;Burgos;70;Hombre
2025-10-25T16:07:00+02:00;2025-10-31T16:03:00+01:00;Sábado;Viernes;ZBS Plaza del Ejército;Urbano;H.U. Río Hortega;Valladolid Oeste;Valladolid;61;Hombre
2025-10-25T15:19:00+02:00;2025-11-05T15:26:00+01:00;Sábado;Miércoles;ZBS Segovia II;Urbano;C.A. Segovia;Segovia;Segovia;68;Mujer
2025-10-25T15:16:00+02:00;2025-10-31T15:26:00+01:00;Sábado;Viernes;ZBS Ponferrada III;Urbano;H. El Bierzo;Bierzo;León;70;Mujer
2025-10-25T12:50:00+02:00;2025-10-31T02:50:00+01:00;Sábado;Viernes;ZBS Garrido Norte;Urbano;C.A.U. Salamanca;Salamanca;Salamanca;76;Hombre
2025-10-25T06:22:00+02:00;2025-10-29T17:02:00+01:00;Sábado;Miércoles;ZBS Palencia Rural;Rural;C.A.U. Palencia;Palencia;Palencia;99;Mujer
2025-10-25T03:15:00+02:00;2025-10-31T10:10:00+01:00;Sábado;Viernes;ZBS Virgen de la Concha;Urbano;C.A. Zamora;Zamora;Zamora;55;Hombre
2025-10-25T00:24:00+02:00;2025-10-27T19:12:00+01:00;Viernes;Lunes;ZBS Tábara;Rural;C.A.U. Salamanca;Salamanca;Salamanca;61;Mujer
2025-10-24T23:39:00+02:00;2025-10-28T22:20:00+01:00;Viernes;Martes;ZBS Ponferrada IV;Urbano;C.A.U. León;León;León;73;Hombre
2025-10-24T23:37:00+02:00;2025-10-30T16:41:00+01:00;Viernes;Jueves;ZBS Briviesca;Urbano;C.A.U. Burgos;Burgos;Burgos;82;Hombre
2025-10-24T22:21:00+02:00;2025-10-29T17:07:00+01:00;Viernes;Miércoles;ZBS Periurbana Norte;Rural;C.A.U. Salamanca;Salamanca;Salamanca;87;Hombre
2025-10-24T21:45:00+02:00;2025-10-28T18:15:00+01:00;Viernes;Martes;ZBS Jardinillos;Urbano;C.A.U. Palencia;Palencia;Palencia;102;Hombre
2025-10-24T21:04:00+02:00;2025-11-12T10:57:00+01:00;Viernes;Miércoles;ZBS Rondilla I;Urbano;H.C.U. Valladolid;Valladolid Este;Valladolid;74;Hombre
2025-10-24T20:52:00+02:00;2025-10-27T19:17:00+01:00;Viernes;Lunes;ZBS Lumbrales;Rural;C.A.U. Salamanca;Salamanca;Salamanca;84;Hombre
2025-10-24T20:35:00+02:00;2025-11-19T19:03:00+01:00;Viernes;Miércoles;ZBS San Esteban de Gormaz;Rural;C.A.U. Burgos;Burgos;Burgos;69;Mujer
2025-10-24T20:20:00+02:00;2025-11-07T15:36:00+01:00;Viernes;Viernes;ZBS Las Navas del Marqués;Urbano;C.A. Ávila;Ávila;Ávila;82;Hombre
2025-10-24T20:16:00+02:00;2025-10-31T17:03:00+01:00;Viernes;Viernes;ZBS Almazán;Rural;C.A. Soria;Soria;Soria;71;Hombre
2025-10-24T19:43:00+02:00;2025-11-05T11:50:00+01:00;Viernes;Miércoles;ZBS Huerta del Rey;Urbano;H.U. Río Hortega;Valladolid Oeste;Valladolid;96;Mujer
2025-10-24T16:35:00+02:00;2025-11-05T12:28:00+01:00;Viernes;Miércoles;ZBS Aranda Rural;Rural;C.A.U. Burgos;Burgos;Burgos;61;Mujer
2025-10-24T15:42:00+02:00;2025-10-28T14:30:00+01:00;Viernes;Martes;ZBS Huerta del Rey;Urbano;H.U. Río Hortega;Valladolid Oeste;Valladolid;90;Hombre
2025-10-24T15:04:00+02:00;2025-10-29T15:08:00+01:00;Viernes;Miércoles;ZBS Villafranca del Bierzo;Rural;H. El Bierzo;Bierzo;León;61;Mujer
2025-10-24T14:10:00+02:00;2025-11-07T21:00:00+01:00;Viernes;Viernes;ZBS Santa Marta de Tormes;Rural;C.A.U. Salamanca;Salamanca;Salamanca;88;Hombre
2025-10-24T11:32:00+02:00;2025-11-04T12:55:00+01:00;Viernes;Martes;ZBS Zamora Norte;Rural;C.A. Zamora;Zamora;Zamora;81;Mujer
2025-10-24T04:31:00+02:00;2025-10-29T15:52:00+01:00;Viernes;Miércoles;ZBS La Bañeza I;Urbano;C.A.U. León;León;León;66;Hombre
2025-10-24T02:53:00+02:00;2025-11-10T16:50:00+01:00;Viernes;Lunes;ZBS Fuente de San Esteban;Rural;C.A.U. Salamanca;Salamanca;Salamanca;80;Mujer
2025-10-24T02:17:00+02:00;2025-11-06T16:18:00+01:00;Viernes;Jueves;ZBS Eras del Bosque;Urbano;C.A.U. Palencia;Palencia;Palencia;66;Hombre
2025-10-24T01:57:00+02:00;2025-10-29T17:37:00+01:00;Jueves;Miércoles;ZBS Capuchinos;Urbano;C.A.U. Salamanca;Salamanca;Salamanca;96;Mujer
2025-10-24T01:03:00+02:00;2025-11-06T16:56:00+01:00;Jueves;Jueves;ZBS Salas de los Infantes;Rural;C.A.U. Burgos;Burgos;Burgos;78;Mujer
2025-10-23T21:53:00+02:00;2025-10-30T19:50:00+01:00;Jueves;Jueves;ZBS Huerta del Rey;Urbano;H.C.U. Valladolid;Valladolid Este;Valladolid;15;Hombre
2025-10-23T19:53:00+02:00;2025-10-28T14:57:00+01:00;Jueves;Martes;ZBS Ávila Sur Este;Urbano;H.U. Río Hortega;Valladolid Oeste;Valladolid;52;Mujer
2025-10-23T18:54:00+02:00;2025-11-03T15:32:00+01:00;Jueves;Lunes;ZBS Jardinillos;Urbano;H.C.U. Valladolid;Valladolid Este;Valladolid;59;Hombre
2025-10-23T18:15:00+02:00;2025-11-05T16:55:00+01:00;Jueves;Miércoles;ZBS Canterac;Urbano;H.C.U. Valladolid;Valladolid Este;Valladolid;85;Hombre
2025-10-23T17:45:00+02:00;2025-11-07T18:26:00+01:00;Jueves;Viernes;ZBS La Palomera;Urbano;C.A.U. León;León;León;74;Mujer
2025-10-23T17:42:00+02:00;2025-11-04T11:43:00+01:00;Jueves;Martes;ZBS La Victoria;Urbano;H.C.U. Valladolid;Valladolid Este;Valladolid;39;Hombre
2025-10-23T17:24:00+02:00;2025-10-23T21:18:00+02:00;Jueves;Jueves;ZBS Ávila Sur Este;Urbano;C.A. Segovia;Segovia;Segovia;52;Mujer
2025-10-23T16:05:00+02:00;2025-11-07T16:16:00+01:00;Jueves;Viernes;ZBS Segovia II;Urbano;C.A. Segovia;Segovia;Segovia;61;Hombre
2025-10-23T10:01:00+02:00;2025-10-27T18:13:00+01:00;Jueves;Lunes;ZBS Carrión de los Condes;Rural;C.A.U. Palencia;Palencia;Palencia;47;Hombre
2025-10-23T04:33:00+02:00;2025-10-23T20:32:00+02:00;Jueves;Jueves;ZBS De la Puebla;Urbano;C.A.U. Palencia;Palencia;Palencia;89;Mujer
2025-10-23T02:41:00+02:00;2025-10-30T17:26:00+01:00;Jueves;Jueves;ZBS Soria Sur;Urbano;C.A. Soria;Soria;Soria;66;Mujer
2025-10-23T02:21:00+02:00;2025-10-31T20:16:00+01:00;Jueves;Viernes;ZBS Sacramenia;Rural;H.C.U. Valladolid;Valladolid Este;Valladolid;90;Mujer
2025-10-23T00:13:00+02:00;2025-10-27T16:52:00+01:00;Miércoles;Lunes;ZBS F.Villalobos;Urbano;C.A.U. Salamanca;Salamanca;Salamanca;67;Hombre
2025-10-22T22:54:00+02:00;2025-11-25T18:11:00+01:00;Miércoles;Martes;ZBS Garrido Norte;Urbano;C.A.U. Salamanca;Salamanca;Salamanca;67;Hombre
2025-10-22T22:24:00+02:00;2025-10-24T22:30:00+02:00;Miércoles;Viernes;ZBS Fuente de San Esteban;Rural;C.A.U. Salamanca;Salamanca;Salamanca;88;Hombre
2025-10-22T20:52:00+02:00;2025-11-19T18:36:00+01:00;Miércoles;Miércoles;ZBS Medina del Campo Rural;Rural;H.C.U. Valladolid;Valladolid Este;Valladolid;52;Hombre
2025-10-22T18:13:00+02:00;2025-10-26T22:00:00+01:00;Miércoles;Domingo;ZBS Burgos Rural Sur;Rural;C.A.U. Burgos;Burgos;Burgos;85;Mujer
2025-10-22T18:08:00+02:00;2025-10-31T17:07:00+01:00;Miércoles;Viernes;ZBS Rondilla I;Urbano;H.C.U. Valladolid;Valladolid Este;Valladolid;79;Hombre
2025-10-22T17:02:00+02:00;2025-11-07T17:09:00+01:00;Miércoles;Viernes;ZBS La Palomera;Urbano;C.A.U. León;León;León;53;Mujer
2025-10-22T16:05:00+02:00;2025-10-27T18:12:00+01:00;Miércoles;Lunes;ZBS Villarcayo;Rural;C.A.U. Burgos;Burgos;Burgos;76;Hombre
2025-10-22T15:47:00+02:00;2025-11-05T16:45:00+01:00;Miércoles;Miércoles;ZBS Los Comuneros;Urbano;C.A.U. Burgos;Burgos;Burgos;89;Mujer
2025-10-22T13:47:00+02:00;2025-10-25T14:30:00+02:00;Miércoles;Sábado;ZBS F.Villalobos;Urbano;C.A.U. Salamanca;Salamanca;Salamanca;92;Mujer
2025-10-22T03:37:00+02:00;2025-10-30T17:36:00+01:00;Miércoles;Jueves;ZBS Cantalejo;Rural;C.A. Segovia;Segovia;Segovia;61;Mujer
2025-10-22T02:23:00+02:00;2025-10-22T13:59:00+02:00;Miércoles;Miércoles;ZBS Delicias I;Urbano;H.U. Río Hortega;Valladolid Oeste;Valladolid;75;Mujer
2025-10-22T01:57:00+02:00;2025-10-24T16:24:00+02:00;Martes;Viernes;ZBS Benavente Norte;Urbano;C.A. Zamora;Zamora;Zamora;89;Hombre
2025-10-21T22:27:00+02:00;2025-10-23T18:37:00+02:00;Martes;Jueves;ZBS Eras del Bosque;Urbano;C.A.U. Palencia;Palencia;Palencia;92;Mujer
2025-10-21T22:17:00+02:00;2025-10-24T19:42:00+02:00;Martes;Viernes;Zona Desconocida;Otra;C.A.U. Salamanca;Salamanca;Salamanca;67;Mujer
2025-10-21T21:24:00+02:00;2025-10-24T20:07:00+02:00;Martes;Viernes;ZBS San Esteban de Gormaz;Rural;C.A. Soria;Soria;Soria;69;Mujer
2025-10-21T21:14:00+02:00;2025-10-28T13:36:00+01:00;Martes;Martes;ZBS Alba de Tormes;Rural;C.A.U. Salamanca;Salamanca;Salamanca;67;Hombre
2025-10-21T20:09:00+02:00;2025-11-03T16:25:00+01:00;Martes;Lunes;ZBS Lerma;Rural;C.A.U. Burgos;Burgos;Burgos;76;Mujer
2025-10-21T19:00:00+02:00;2025-10-27T15:49:00+01:00;Martes;Lunes;ZBS Quintanar de la Sierra;Rural;C.A.U. Burgos;Burgos;Burgos;89;Mujer
2025-10-21T18:12:00+02:00;2025-10-24T19:40:00+02:00;Martes;Viernes;ZBS Garrido Norte;Urbano;C.A.U. Salamanca;Salamanca;Salamanca;93;Hombre
2025-10-21T17:47:00+02:00;2025-10-28T17:16:00+01:00;Martes;Martes;ZBS Soria Sur;Urbano;C.A. Soria;Soria;Soria;48;Hombre
2025-10-21T17:36:00+02:00;2025-10-23T15:06:00+02:00;Martes;Jueves;ZBS I. López Sáiz;Urbano;C.A.U. Burgos;Burgos;Burgos;82;Hombre
2025-10-21T15:56:00+02:00;2025-10-22T11:21:00+02:00;Martes;Miércoles;ZBS Eras de Renueva;Urbano;C.A.U. León;León;León;84;Hombre
2025-10-21T14:30:00+02:00;2025-10-25T18:34:00+02:00;Martes;Sábado;ZBS Pilarica;Urbano;H.C.U. Valladolid;Valladolid Este;Valladolid;42;Mujer
2025-10-21T14:11:00+02:00;2025-10-29T17:36:00+01:00;Martes;Miércoles;ZBS Santa Marta de Tormes;Rural;C.A.U. Salamanca;Salamanca;Salamanca;84;Mujer
2025-10-21T14:10:00+02:00;2025-11-03T11:06:00+01:00;Martes;Lunes;ZBS Nava de la Asunción;Rural;H.C.U. Valladolid;Valladolid Este;Valladolid;44;Hombre
2025-10-21T05:25:00+02:00;2025-11-03T14:46:00+01:00;Martes;Lunes;ZBS Villarramiel;Rural;H.C.U. Valladolid;Valladolid Este;Valladolid;57;Hombre
2025-10-21T04:41:00+02:00;2025-10-22T20:00:00+02:00;Martes;Miércoles;ZBS Soria Rural;Rural;C.A. Soria;Soria;Soria;96;Mujer
2025-10-21T02:42:00+02:00;2025-11-06T15:11:00+01:00;Martes;Jueves;ZBS Villafranca del Bierzo;Rural;H. El Bierzo;Bierzo;León;89;Hombre
2025-10-21T01:40:00+02:00;2025-10-28T18:00:00+01:00;Lunes;Martes;ZBS Almazán;Rural;C.A. Soria;Soria;Soria;79;Hombre
2025-10-21T00:23:00+02:00;2025-10-24T19:40:00+02:00;Lunes;Viernes;ZBS Béjar;Urbano;C.A.U. Salamanca;Salamanca;Salamanca;82;Hombre
2025-10-20T23:37:00+02:00;2025-10-28T12:30:00+01:00;Lunes;Martes;ZBS Delicias I;Urbano;H.U. Río Hortega;Valladolid Oeste;Valladolid;75;Mujer
2025-10-20T22:59:00+02:00;2025-10-27T15:15:00+01:00;Lunes;Lunes;ZBS Sotillo de Adrada;Rural;C.A. Ávila;Ávila;Ávila;99;Hombre
2025-10-20T22:53:00+02:00;2025-10-27T19:24:00+01:00;Lunes;Lunes;ZBS Casa del Barco;Urbano;H.C.U. Valladolid;Valladolid Este;Valladolid;94;Mujer
2025-10-20T21:53:00+02:00;2025-11-18T20:14:00+01:00;Lunes;Martes;ZBS Soria Norte;Urbano;C.A. Soria;Soria;Soria;88;Mujer
2025-10-20T21:50:00+02:00;2025-11-05T10:48:00+01:00;Lunes;Miércoles;ZBS Mota del Marqués;Rural;H.U. Río Hortega;Valladolid Oeste;Valladolid;72;Hombre
2025-10-20T20:55:00+02:00;2025-10-27T18:12:00+01:00;Lunes;Lunes;ZBS Venta de Baños;Rural;C.A.U. Palencia;Palencia;Palencia;67;Mujer
2025-10-20T20:48:00+02:00;2025-10-22T03:02:00+02:00;Lunes;Miércoles;ZBS Ávila Estación;Urbano;C.A. Ávila;Ávila;Ávila;84;Hombre
2025-10-20T19:52:00+02:00;2025-10-24T18:18:00+02:00;Lunes;Viernes;ZBS Bembibre;Rural;H. El Bierzo;Bierzo;León;79;Mujer
2025-10-20T18:22:00+02:00;2025-11-11T21:51:00+01:00;Lunes;Martes;ZBS Miranda del Castañar;Rural;C.A.U. Salamanca;Salamanca;Salamanca;69;Mujer
2025-10-20T18:15:00+02:00;2025-11-12T17:06:00+01:00;Lunes;Miércoles;ZBS Elena Ginel Díez;Urbano;C.A.U. Salamanca;Salamanca;Salamanca;78;Hombre
2025-10-20T16:44:00+02:00;2025-10-29T17:37:00+01:00;Lunes;Miércoles;ZBS Villafranca del Bierzo;Rural;C.A.U. León;León;León;66;Hombre
2025-10-20T16:10:00+02:00;2025-10-29T11:39:00+01:00;Lunes;Miércoles;ZBS Zamora Norte;Rural;C.A. Zamora;Zamora;Zamora;95;Mujer
2025-10-20T15:17:00+02:00;2025-10-31T16:01:00+01:00;Lunes;Viernes;ZBS Arturo Eyries;Urbano;H.U. Río Hortega;Valladolid Oeste;Valladolid;81;Hombre
2025-10-20T10:38:00+02:00;2025-11-20T15:09:00+01:00;Lunes;Jueves;ZBS Condesa;Urbano;C.A.U. León;León;León;71;Hombre
2025-10-20T09:11:00+02:00;2025-10-20T19:31:00+02:00;Lunes;Lunes;ZBS Ávila Estación;Urbano;C.A.U. Salamanca;Salamanca;Salamanca;84;Hombre
2025-10-20T04:12:00+02:00;2025-10-21T14:13:00+02:00;Lunes;Martes;ZBS Santa Elena;Urbano;C.A. Zamora;Zamora;Zamora;99;Mujer
2025-10-20T02:58:00+02:00;2025-10-23T17:36:00+02:00;Lunes;Jueves;ZBS Ávila Estación;Urbano;C.A. Ávila;Ávila;Ávila;69;Mujer
2025-10-20T01:29:00+02:00;2025-10-22T21:29:00+02:00;Domingo;Miércoles;ZBS Bañeza II;Rural;C.A.U. León;León;León;70;Hombre
2025-10-20T01:21:00+02:00;2025-10-23T22:13:00+02:00;Domingo;Jueves;ZBS Eras de Renueva;Urbano;C.A.U. León;León;León;96;Mujer
2025-10-19T22:48:00+02:00;2025-10-27T15:37:00+01:00;Domingo;Lunes;ZBS Cigales;Rural;H.C.U. Valladolid;Valladolid Este;Valladolid;87;Hombre
2025-10-19T22:18:00+02:00;2025-11-07T15:04:00+01:00;Domingo;Viernes;ZBS Cacabelos;Rural;H. El Bierzo;Bierzo;León;76;Mujer
2025-10-19T21:45:00+02:00;2025-10-22T17:28:00+02:00;Domingo;Miércoles;ZBS Sotillo de Adrada;Rural;C.A. Ávila;Ávila;Ávila;98;Mujer
2025-10-19T20:34:00+02:00;2025-10-20T21:51:00+02:00;Domingo;Lunes;ZBS Sotillo de Adrada;Rural;C.A.U. Salamanca;Salamanca;Salamanca;99;Hombre
2025-10-19T20:10:00+02:00;2025-10-20T16:14:00+02:00;Domingo;Lunes;ZBS Villafranca del Bierzo;Rural;H. El Bierzo;Bierzo;León;66;Hombre
2025-10-19T18:00:00+02:00;2025-10-31T17:43:00+01:00;Domingo;Viernes;ZBS La Victoria;Urbano;H.C.U. Valladolid;Valladolid Este;Valladolid;90;Hombre
2025-10-19T17:14:00+02:00;2025-10-22T17:41:00+02:00;Domingo;Miércoles;ZBS Elena Ginel Díez;Urbano;C.A.U. Salamanca;Salamanca;Salamanca;73;Hombre
2025-10-19T15:43:00+02:00;2025-10-20T04:00:00+02:00;Domingo;Lunes;ZBS De la Puebla;Urbano;C.A.U. Palencia;Palencia;Palencia;80;Mujer
2025-10-19T03:44:00+02:00;2025-10-22T13:35:00+02:00;Domingo;Miércoles;ZBS Corrales del Vino;Rural;C.A. Zamora;Zamora;Zamora;98;Mujer
2025-10-19T03:07:00+02:00;2025-10-29T16:40:00+01:00;Domingo;Miércoles;ZBS Aranda Rural;Rural;C.A.U. Burgos;Burgos;Burgos;86;Hombre
2025-10-19T01:23:00+02:00;2025-11-03T17:49:00+01:00;Sábado;Lunes;ZBS Pampliega;Rural;C.A.U. Burgos;Burgos;Burgos;86;Hombre
2025-10-19T00:51:00+02:00;2025-10-30T15:32:00+01:00;Sábado;Jueves;ZBS Cervera de Pisuerga;Rural;H.C.U. Valladolid;Valladolid Este;Valladolid;54;Mujer
2025-10-18T23:22:00+02:00;2025-10-24T18:20:00+02:00;Sábado;Viernes;ZBS Fuenteguinaldo;Rural;C.A.U. Salamanca;Salamanca;Salamanca;62;Hombre
2025-10-18T22:52:00+02:00;2025-10-19T18:01:00+02:00;Sábado;Domingo;ZBS Delicias II;Urbano;H.U. Río Hortega;Valladolid Oeste;Valladolid;85;Mujer
2025-10-18T22:35:00+02:00;2025-11-05T16:45:00+01:00;Sábado;Miércoles;ZBS Los Cubos;Urbano;C.A.U. Burgos;Burgos;Burgos;78;Mujer
2025-10-18T20:44:00+02:00;2025-10-21T17:18:00+02:00;Sábado;Martes;ZBS Sahagún de Campos;Rural;C.A.U. León;León;León;70;Hombre
2025-10-18T16:13:00+02:00;2025-10-23T18:00:00+02:00;Sábado;Jueves;ZBS García Lorca;Urbano;C.A.U. Burgos;Burgos;Burgos;70;Hombre
2025-10-18T15:11:00+02:00;2025-10-21T17:41:00+02:00;Sábado;Martes;ZBS Soria Sur;Urbano;C.A.U. Burgos;Burgos;Burgos;48;Hombre
2025-10-18T03:51:00+02:00;2025-11-01T20:58:00+01:00;Sábado;Sábado;ZBS Peñaranda;Rural;C.A.U. Salamanca;Salamanca;Salamanca;98;Mujer
2025-10-18T02:08:00+02:00;2025-10-21T17:46:00+02:00;Sábado;Martes;ZBS I. López Sáiz;Urbano;C.A.U. Burgos;Burgos;Burgos;73;Mujer
2025-10-18T02:01:00+02:00;2025-10-22T06:40:00+02:00;Sábado;Miércoles;ZBS Las Huelgas;Urbano;C.A.U. Burgos;Burgos;Burgos;77;Mujer
2025-10-18T01:27:00+02:00;2025-10-29T20:14:00+01:00;Viernes;Miércoles;ZBS Medina de Pomar;Rural;C.A.U. Burgos;Burgos;Burgos;76;Hombre
2025-10-18T01:16:00+02:00;2025-10-21T16:21:00+02:00;Viernes;Martes;ZBS Periurbana Norte;Rural;C.A.U. Salamanca;Salamanca;Salamanca;72;Hombre
2025-10-18T00:40:00+02:00;2025-10-23T17:27:00+02:00;Viernes;Jueves;ZBS Segovia I;Urbano;C.A. Segovia;Segovia;Segovia;79;Hombre
2025-10-18T00:32:00+02:00;2025-10-20T17:20:00+02:00;Viernes;Lunes;ZBS Fuente de San Esteban;Rural;C.A.U. Salamanca;Salamanca;Salamanca;51;Mujer
2025-10-17T23:30:00+02:00;2025-10-24T15:54:00+02:00;Viernes;Viernes;ZBS Virgen de la Concha;Urbano;C.A. Zamora;Zamora;Zamora;82;Hombre
2025-10-17T22:08:00+02:00;2025-10-21T20:23:00+02:00;Viernes;Martes;ZBS Osorno;Rural;H.C.U. Valladolid;Valladolid Este;Valladolid;65;Hombre
2025-10-17T20:42:00+02:00;2025-10-20T21:53:00+02:00;Viernes;Lunes;ZBS Soria Norte;Urbano;C.A.U. Burgos;Burgos;Burgos;88;Mujer
2025-10-17T20:13:00+02:00;2025-10-23T14:48:00+02:00;Viernes;Jueves;ZBS Virgen de la Concha;Urbano;C.A. Zamora;Zamora;Zamora;74;Hombre
2025-10-17T19:45:00+02:00;2025-10-29T18:00:00+01:00;Viernes;Miércoles;ZBS Berlanga de Duero;Rural;C.A. Soria;Soria;Soria;90;Hombre
2025-10-17T19:33:00+02:00;2025-10-21T19:25:00+02:00;Viernes;Martes;ZBS Sepúlveda;Rural;C.A. Segovia;Segovia;Segovia;72;Hombre
2025-10-17T17:14:00+02:00;2025-10-20T20:45:00+02:00;Viernes;Lunes;ZBS Venta de Baños;Rural;H.C.U. Valladolid;Valladolid Este;Valladolid;67;Mujer
2025-10-17T15:13:00+02:00;2025-10-23T18:01:00+02:00;Viernes;Jueves;ZBS José Luis Santamaría;Urbano;C.A.U. Burgos;Burgos;Burgos;85;Hombre
2025-10-17T14:54:00+02:00;2025-10-23T16:46:00+02:00;Viernes;Jueves;ZBS Circunvalación;Urbano;H.C.U. Valladolid;Valladolid Este;Valladolid;59;Hombre
2025-10-17T14:48:00+02:00;2025-10-21T15:55:00+02:00;Viernes;Martes;ZBS Huerta del Rey;Urbano;C.A. Zamora;Zamora;Zamora;81;Mujer
2025-10-17T05:44:00+02:00;2025-10-21T16:37:00+02:00;Viernes;Martes;ZBS Laguna de Duero;Rural;H.C.U. Valladolid;Valladolid Este;Valladolid;89;Hombre
2025-10-17T03:28:00+02:00;2025-10-19T15:41:00+02:00;Viernes;Domingo;ZBS Alamedilla;Urbano;C.A.U. Salamanca;Salamanca;Salamanca;79;Hombre
2025-10-17T03:19:00+02:00;2025-10-18T19:30:00+02:00;Viernes;Sábado;ZBS Cacabelos;Rural;H. El Bierzo;Bierzo;León;75;Hombre
2025-10-17T01:20:00+02:00;2025-10-18T15:00:00+02:00;Jueves;Sábado;ZBS Rondilla II;Urbano;H.C.U. Valladolid;Valladolid Este;Valladolid;87;Hombre
2025-10-16T22:38:00+02:00;2025-10-23T12:07:00+02:00;Jueves;Jueves;ZBS Santa Elena;Urbano;C.A. Zamora;Zamora;Zamora;76;Mujer
2025-10-16T20:47:00+02:00;2025-10-28T17:44:00+01:00;Jueves;Martes;ZBS Venta de Baños;Rural;C.A.U. Palencia;Palencia;Palencia;65;Hombre
2025-10-16T20:33:00+02:00;2025-10-23T19:29:00+02:00;Jueves;Jueves;ZBS Segovia II;Urbano;C.A. Segovia;Segovia;Segovia;74;Mujer
2025-10-16T20:23:00+02:00;2025-10-23T18:46:00+02:00;Jueves;Jueves;ZBS Miguel Armijo;Urbano;C.A.U. Salamanca;Salamanca;Salamanca;66;Hombre
2025-10-16T19:40:00+02:00;2025-10-23T18:05:00+02:00;Jueves;Jueves;ZBS Miranda Oeste;Urbano;C.A.U. Burgos;Burgos;Burgos;66;Hombre
2025-10-16T19:16:00+02:00;2025-10-22T20:41:00+02:00;Jueves;Miércoles;Zona Desconocida;Otra;C.A.U. Salamanca;Salamanca;Salamanca;84;Hombre
2025-10-16T18:52:00+02:00;2025-10-22T15:42:00+02:00;Jueves;Miércoles;ZBS Ávila Estación;Urbano;C.A. Ávila;Ávila;Ávila;78;Hombre
2025-10-16T18:42:00+02:00;2025-10-24T19:38:00+02:00;Jueves;Viernes;ZBS Ledesma;Rural;C.A.U. Salamanca;Salamanca;Salamanca;87;Mujer
2025-10-16T17:27:00+02:00;2025-10-20T16:21:00+02:00;Jueves;Lunes;ZBS Zamora Norte;Rural;C.A. Zamora;Zamora;Zamora;74;Hombre
2025-10-16T16:14:00+02:00;2025-10-23T17:36:00+02:00;Jueves;Jueves;ZBS Arévalo;Urbano;C.A. Ávila;Ávila;Ávila;73;Hombre
2025-10-16T08:32:00+02:00;2025-10-20T20:07:00+02:00;Jueves;Lunes;ZBS Rondilla I;Urbano;H.C.U. Valladolid;Valladolid Este;Valladolid;46;Mujer
2025-10-16T02:34:00+02:00;2025-10-22T19:27:00+02:00;Jueves;Miércoles;ZBS De la Puebla;Urbano;C.A.U. Palencia;Palencia;Palencia;81;Hombre
2025-10-16T01:44:00+02:00;2025-10-28T19:00:00+01:00;Miércoles;Martes;ZBS I. López Sáiz;Urbano;C.A.U. Burgos;Burgos;Burgos;102;Mujer
2025-10-16T01:38:00+02:00;2025-10-23T12:39:00+02:00;Miércoles;Jueves;ZBS Casa del Barco;Urbano;H.U. Río Hortega;Valladolid Oeste;Valladolid;89;Mujer
2025-10-16T01:07:00+02:00;2025-10-28T21:29:00+01:00;Miércoles;Martes;ZBS Valladolid Rural I;Rural;H.C.U. Valladolid;Valladolid Este;Valladolid;77;Hombre
2025-10-15T23:37:00+02:00;2025-11-03T19:01:00+01:00;Miércoles;Lunes;ZBS Soria Rural;Rural;C.A. Soria;Soria;Soria;89;Mujer
2025-10-15T22:42:00+02:00;2025-10-19T01:51:00+02:00;Miércoles;Sábado;ZBS Aguilar de Campoo;Rural;H.C.U. Valladolid;Valladolid Este;Valladolid;60;Mujer
2025-10-15T21:28:00+02:00;2025-10-22T16:20:00+02:00;Miércoles;Miércoles;ZBS Villablino;Rural;H. El Bierzo;Bierzo;León;61;Hombre
2025-10-15T21:03:00+02:00;2025-10-22T17:43:00+02:00;Miércoles;Miércoles;ZBS Laguna de Duero;Rural;H.U. Río Hortega;Valladolid Oeste;Valladolid;78;Mujer
2025-10-15T20:54:00+02:00;2025-10-21T19:21:00+02:00;Miércoles;Martes;ZBS Frómista;Rural;C.A.U. Palencia;Palencia;Palencia;63;Mujer
2025-10-15T20:42:00+02:00;2025-10-28T13:35:00+01:00;Miércoles;Martes;ZBS Miguel Armijo;Urbano;C.A.U. Salamanca;Salamanca;Salamanca;53;Mujer
2025-10-15T20:24:00+02:00;2025-10-16T13:15:00+02:00;Miércoles;Jueves;ZBS Villalpando;Rural;C.A. Zamora;Zamora;Zamora;76;Mujer
2025-10-15T20:20:00+02:00;2025-10-21T12:12:00+02:00;Miércoles;Martes;ZBS Bermillo de Sayago;Rural;C.A. Zamora;Zamora;Zamora;81;Hombre
2025-10-15T19:58:00+02:00;2025-10-22T20:00:00+02:00;Miércoles;Miércoles;ZBS Arcos de Jalón;Rural;C.A.U. Burgos;Burgos;Burgos;88;Hombre
2025-10-15T18:14:00+02:00;2025-10-16T22:25:00+02:00;Miércoles;Jueves;ZBS Circular;Urbano;H.C.U. Valladolid;Valladolid Este;Valladolid;92;Hombre
2025-10-15T17:51:00+02:00;2025-10-21T18:37:00+02:00;Miércoles;Martes;ZBS Plaza del Ejército;Urbano;H.U. Río Hortega;Valladolid Oeste;Valladolid;75;Hombre
2025-10-15T17:15:00+02:00;2025-10-21T15:06:00+02:00;Miércoles;Martes;ZBS Corrales del Vino;Rural;C.A. Zamora;Zamora;Zamora;79;Hombre
2025-10-15T16:37:00+02:00;2025-10-24T20:09:00+02:00;Miércoles;Viernes;ZBS La Palomera;Urbano;C.A.U. León;León;León;94;Mujer
2025-10-15T14:00:00+02:00;2025-10-22T10:12:00+02:00;Miércoles;Miércoles;ZBS Santa Elena;Urbano;C.A. Zamora;Zamora;Zamora;73;Hombre
2025-10-15T04:36:00+02:00;2025-10-20T12:38:00+02:00;Miércoles;Lunes;Zona Desconocida;Otra;C.A. Segovia;Segovia;Segovia;67;Hombre
2025-10-15T03:57:00+02:00;2025-10-17T17:32:00+02:00;Miércoles;Viernes;ZBS Mombuey;Rural;C.A.U. León;León;León;70;Mujer
2025-10-15T02:55:00+02:00;2025-10-18T15:00:00+02:00;Miércoles;Sábado;ZBS La Victoria;Urbano;H.C.U. Valladolid;Valladolid Este;Valladolid;91;Hombre
2025-10-15T02:17:00+02:00;2025-10-16T18:05:00+02:00;Miércoles;Jueves;ZBS La Magdalena;Rural;C.A.U. León;León;León;90;Hombre
2025-10-15T01:55:00+02:00;2025-10-17T18:03:00+02:00;Martes;Viernes;ZBS Gamonal las Torres;Urbano;C.A.U. Burgos;Burgos;Burgos;81;Mujer
2025-10-15T01:49:00+02:00;2025-10-18T17:46:00+02:00;Martes;Sábado;ZBS Benavente Norte;Urbano;C.A.U. León;León;León;77;Hombre
2025-10-14T23:11:00+02:00;2025-10-22T15:20:00+02:00;Martes;Miércoles;ZBS Cristobal Acosta;Urbano;C.A.U. Burgos;Burgos;Burgos;75;Mujer
2025-10-14T23:02:00+02:00;2025-10-17T19:58:00+02:00;Martes;Viernes;ZBS San José;Urbano;C.A.U. Salamanca;Salamanca;Salamanca;82;Mujer
2025-10-14T22:14:00+02:00;2025-10-17T17:31:00+02:00;Martes;Viernes;ZBS Crucero;Urbano;C.A.U. León;León;León;56;Hombre
2025-10-14T20:49:00+02:00;2025-10-20T18:52:00+02:00;Martes;Lunes;ZBS Periurbana Norte;Rural;C.A.U. Salamanca;Salamanca;Salamanca;84;Mujer
2025-10-14T20:34:00+02:00;2025-10-17T18:47:00+02:00;Martes;Viernes;ZBS Soria Norte;Urbano;C.A. Soria;Soria;Soria;94;Mujer
2025-10-14T19:32:00+02:00;2025-10-17T06:06:00+02:00;Martes;Viernes;ZBS Las Navas del Marqués;Urbano;C.A. Ávila;Ávila;Ávila;73;Hombre
2025-10-14T18:24:00+02:00;2025-10-21T18:00:00+02:00;Martes;Martes;ZBS Segovia II;Urbano;C.A. Segovia;Segovia;Segovia;80;Mujer
2025-10-14T18:11:00+02:00;2025-10-20T16:14:00+02:00;Martes;Lunes;ZBS San Antonio;Urbano;H. El Bierzo;Bierzo;León;58;Mujer
2025-10-14T17:01:00+02:00;2025-10-27T15:16:00+01:00;Martes;Lunes;ZBS Toreno;Rural;H. El Bierzo;Bierzo;León;86;Hombre
2025-10-14T13:34:00+02:00;2025-10-22T18:14:00+02:00;Martes;Miércoles;ZBS Sta. María del Páramo;Rural;C.A.U. León;León;León;86;Hombre
2025-10-14T06:15:00+02:00;2025-10-17T19:59:00+02:00;Martes;Viernes;ZBS Barco de Ávila;Rural;C.A.U. Salamanca;Salamanca;Salamanca;94;Hombre
2025-10-14T03:09:00+02:00;2025-10-17T19:58:00+02:00;Martes;Viernes;ZBS Elena Ginel Díez;Urbano;C.A.U. Salamanca;Salamanca;Salamanca;77;Hombre
2025-10-14T02:13:00+02:00;2025-10-15T19:26:00+02:00;Martes;Miércoles;ZBS Bermillo de Sayago;Rural;C.A.U. Salamanca;Salamanca;Salamanca;81;Hombre
2025-10-14T01:03:00+02:00;2025-10-21T19:00:00+02:00;Lunes;Martes;ZBS Ribera del Órbigo;Rural;C.A.U. León;León;León;89;Mujer
2025-10-14T01:02:00+02:00;2025-10-21T17:58:00+02:00;Lunes;Martes;Zona Desconocida;Otra;C.A. Segovia;Segovia;Segovia;76;Mujer
2025-10-14T00:27:00+02:00;2025-11-07T21:11:00+01:00;Lunes;Viernes;ZBS Pedrosillo el Ralo;Rural;C.A.U. Salamanca;Salamanca;Salamanca;64;Mujer
2025-10-13T19:26:00+02:00;2025-10-19T09:58:00+02:00;Lunes;Domingo;ZBS San Juan;Urbano;C.A.U. Salamanca;Salamanca;Salamanca;83;Hombre
2025-10-13T17:43:00+02:00;2025-10-17T15:05:00+02:00;Lunes;Viernes;ZBS Bembibre;Rural;H. El Bierzo;Bierzo;León;85;Mujer
2025-10-13T17:31:00+02:00;2025-10-18T01:12:00+02:00;Lunes;Viernes;ZBS El Espinar;Rural;C.A. Segovia;Segovia;Segovia;96;Mujer
2025-10-13T15:21:00+02:00;2025-10-17T17:24:00+02:00;Lunes;Viernes;ZBS Santa Clara;Urbano;C.A.U. Burgos;Burgos;Burgos;72;Mujer
2025-10-13T14:29:00+02:00;2025-10-23T16:16:00+02:00;Lunes;Jueves;ZBS Casa del Barco;Urbano;H.U. Río Hortega;Valladolid Oeste;Valladolid;81;Hombre
2025-10-13T12:56:00+02:00;2025-11-21T17:45:00+01:00;Lunes;Viernes;ZBS Santa Clara;Urbano;C.A.U. Burgos;Burgos;Burgos;67;Hombre
2025-10-13T02:41:00+02:00;2025-10-21T17:28:00+02:00;Lunes;Martes;Zona Desconocida;Otra;C.A.U. Salamanca;Salamanca;Salamanca;88;Mujer
2025-10-13T02:39:00+02:00;2025-10-15T17:45:00+02:00;Lunes;Miércoles;ZBS Segovia III;Urbano;C.A. Segovia;Segovia;Segovia;87;Mujer
2025-10-13T00:49:00+02:00;2025-10-17T19:38:00+02:00;Domingo;Viernes;ZBS Santa Clara;Urbano;C.A.U. Burgos;Burgos;Burgos;84;Mujer
2025-10-13T00:37:00+02:00;2025-10-15T18:46:00+02:00;Domingo;Miércoles;ZBS Fuente de San Esteban;Rural;C.A.U. Salamanca;Salamanca;Salamanca;73;Hombre
2025-10-13T00:29:00+02:00;2025-10-16T19:40:00+02:00;Domingo;Jueves;ZBS San José;Urbano;C.A.U. Salamanca;Salamanca;Salamanca;89;Hombre
2025-10-12T20:19:00+02:00;2025-10-15T19:44:00+02:00;Domingo;Miércoles;ZBS Corrales del Vino;Rural;C.A.U. Salamanca;Salamanca;Salamanca;79;Hombre
2025-10-12T19:29:00+02:00;2025-10-15T20:09:00+02:00;Domingo;Miércoles;ZBS Frómista;Rural;H.C.U. Valladolid;Valladolid Este;Valladolid;63;Mujer
2025-10-12T19:19:00+02:00;2025-10-22T17:53:00+02:00;Domingo;Miércoles;ZBS Gamonal Antigua;Urbano;C.A.U. Burgos;Burgos;Burgos;52;Hombre
2025-10-12T19:09:00+02:00;2025-10-24T18:15:00+02:00;Domingo;Viernes;ZBS Pintor Oliva;Urbano;C.A.U. Palencia;Palencia;Palencia;78;Hombre
2025-10-12T18:45:00+02:00;2025-10-24T15:51:00+02:00;Domingo;Viernes;ZBS Magdalena;Urbano;H.C.U. Valladolid;Valladolid Este;Valladolid;77;Hombre
2025-10-12T18:34:00+02:00;2025-10-15T17:38:00+02:00;Domingo;Miércoles;ZBS Benavente Norte;Urbano;C.A.U. León;León;León;71;Hombre
2025-10-12T17:44:00+02:00;2025-10-15T19:26:00+02:00;Domingo;Miércoles;ZBS Villalpando;Rural;C.A.U. Salamanca;Salamanca;Salamanca;76;Mujer
2025-10-12T16:14:00+02:00;2025-10-20T17:35:00+02:00;Domingo;Lunes;ZBS Plaza del Ejército;Urbano;H.U. Río Hortega;Valladolid Oeste;Valladolid;76;Mujer
2025-10-12T15:10:00+02:00;2025-10-27T13:50:00+01:00;Domingo;Lunes;ZBS La Magdalena;Rural;C.A.U. León;León;León;78;Mujer
2025-10-12T13:45:00+02:00;2025-10-16T05:30:00+02:00;Domingo;Jueves;ZBS Guardo;Rural;C.A.U. Palencia;Palencia;Palencia;95;Mujer
2025-10-12T13:12:00+02:00;2025-10-16T17:52:00+02:00;Domingo;Jueves;ZBS Riaño;Rural;C.A.U. León;León;León;88;Hombre
2025-10-12T12:41:00+02:00;2025-10-24T13:43:00+02:00;Domingo;Viernes;ZBS Segovia I;Urbano;C.A. Segovia;Segovia;Segovia;75;Mujer
2025-10-12T11:04:00+02:00;2025-10-17T19:41:00+02:00;Domingo;Viernes;ZBS Villacastín;Rural;C.A. Segovia;Segovia;Segovia;59;Mujer
2025-10-12T02:27:00+02:00;2025-10-22T18:32:00+02:00;Domingo;Miércoles;ZBS Garrido Norte;Urbano;C.A.U. Salamanca;Salamanca;Salamanca;60;Hombre
2025-10-12T02:26:00+02:00;2025-10-24T18:46:00+02:00;Domingo;Viernes;ZBS Tórtola;Urbano;H.C.U. Valladolid;Valladolid Este;Valladolid;41;Mujer
2025-10-12T02:19:00+02:00;2025-10-24T15:51:00+02:00;Domingo;Viernes;ZBS San Andrés del Rabanedo;Rural;C.A.U. León;León;León;68;Mujer
2025-10-12T01:34:00+02:00;2025-10-14T16:45:00+02:00;Sábado;Martes;ZBS La Palomera;Urbano;C.A.U. León;León;León;79;Hombre
2025-10-12T01:19:00+02:00;2025-10-17T18:47:00+02:00;Sábado;Viernes;ZBS Soria Rural;Rural;C.A. Soria;Soria;Soria;89;Hombre
2025-10-12T01:16:00+02:00;2025-10-14T17:15:00+02:00;Sábado;Martes;ZBS Cacabelos;Rural;C.A.U. León;León;León;70;Hombre
2025-10-11T22:28:00+02:00;2025-10-27T18:29:00+01:00;Sábado;Lunes;ZBS Huerta del Rey;Urbano;H.U. Río Hortega;Valladolid Oeste;Valladolid;74;Mujer
2025-10-11T20:01:00+02:00;2025-10-14T15:54:00+02:00;Sábado;Martes;ZBS San Antonio;Urbano;H. El Bierzo;Bierzo;León;96;Mujer
2025-10-11T19:09:00+02:00;2025-10-17T15:46:00+02:00;Sábado;Viernes;ZBS Piedrahita;Rural;C.A. Ávila;Ávila;Ávila;90;Hombre
2025-10-11T18:19:00+02:00;2025-11-14T08:20:00+01:00;Sábado;Viernes;ZBS Pilarica;Urbano;H.C.U. Valladolid;Valladolid Este;Valladolid;94;Mujer
2025-10-11T13:47:00+02:00;2025-10-17T21:04:00+02:00;Sábado;Viernes;ZBS Condesa;Urbano;C.A.U. León;León;León;68;Hombre
2025-10-11T12:55:00+02:00;2025-10-22T22:24:00+02:00;Sábado;Miércoles;ZBS Periurbana Norte;Rural;C.A.U. Salamanca;Salamanca;Salamanca;83;Mujer
2025-10-11T08:31:00+02:00;2025-10-15T17:27:00+02:00;Sábado;Miércoles;ZBS Gamazo;Urbano;H.C.U. Valladolid;Valladolid Este;Valladolid;74;Hombre
2025-10-11T01:57:00+02:00;2025-10-21T19:24:00+02:00;Viernes;Martes;ZBS Peñaranda;Rural;C.A.U. Salamanca;Salamanca;Salamanca;89;Mujer
2025-10-11T01:03:00+02:00;2025-10-27T17:00:00+01:00;Viernes;Lunes;ZBS Soria Sur;Urbano;C.A. Soria;Soria;Soria;77;Hombre
2025-10-10T22:56:00+02:00;2025-10-15T18:00:00+02:00;Viernes;Miércoles;ZBS Parque Alameda-Covaresa;Urbano;H.U. Río Hortega;Valladolid Oeste;Valladolid;65;Hombre
2025-10-10T20:07:00+02:00;2025-10-27T15:16:00+01:00;Viernes;Lunes;ZBS Bierzo;Urbano;H. El Bierzo;Bierzo;León;70;Mujer
2025-10-10T19:41:00+02:00;2025-10-13T21:50:00+02:00;Viernes;Lunes;ZBS Miguel Armijo;Urbano;C.A.U. Salamanca;Salamanca;Salamanca;59;Hombre
2025-10-10T19:36:00+02:00;2025-10-24T15:51:00+02:00;Viernes;Viernes;ZBS Rondilla I;Urbano;H.C.U. Valladolid;Valladolid Este;Valladolid;81;Hombre
2025-10-10T19:10:00+02:00;2025-10-15T18:28:00+02:00;Viernes;Miércoles;ZBS Plaza del Ejército;Urbano;H.C.U. Valladolid;Valladolid Este;Valladolid;75;Hombre
2025-10-10T19:07:00+02:00;2025-10-23T19:47:00+02:00;Viernes;Jueves;ZBS Miranda Oeste;Urbano;H. Santiago Apóstol;Burgos;Burgos;94;Mujer
2025-10-10T16:35:00+02:00;2025-10-16T14:41:00+02:00;Viernes;Jueves;ZBS Arévalo;Urbano;H.C.U. Valladolid;Valladolid Este;Valladolid;73;Hombre
2025-10-10T16:04:00+02:00;2025-10-16T17:52:00+02:00;Viernes;Jueves;ZBS José Aguado I;Urbano;C.A.U. León;León;León;62;Mujer
2025-10-10T15:01:00+02:00;2025-10-17T12:36:00+02:00;Viernes;Viernes;ZBS Medina de Rioseco;Rural;H.U. Río Hortega;Valladolid Oeste;Valladolid;89;Mujer
2025-10-10T14:08:00+02:00;2025-10-16T16:41:00+02:00;Viernes;Jueves;ZBS Santa Clara;Urbano;C.A.U. Burgos;Burgos;Burgos;59;Hombre
2025-10-10T11:27:00+02:00;2025-10-15T18:45:00+02:00;Viernes;Miércoles;ZBS Periurbana Norte;Rural;C.A.U. Salamanca;Salamanca;Salamanca;74;Mujer
2025-10-10T04:43:00+02:00;2025-10-23T17:03:00+02:00;Viernes;Jueves;ZBS Jardinillos;Urbano;C.A.U. Palencia;Palencia;Palencia;61;Hombre
2025-10-10T04:04:00+02:00;2025-10-15T21:03:00+02:00;Viernes;Miércoles;ZBS Villadiego;Rural;C.A.U. Burgos;Burgos;Burgos;72;Mujer
2025-10-10T02:43:00+02:00;2025-10-28T21:25:00+01:00;Viernes;Martes;ZBS Medina del Campo Rural;Rural;H.C.U. Valladolid;Valladolid Este;Valladolid;73;Hombre
2025-10-09T23:56:00+02:00;2025-10-31T17:54:00+01:00;Jueves;Viernes;ZBS Santa Marta de Tormes;Rural;C.A.U. Salamanca;Salamanca;Salamanca;46;Mujer
2025-10-09T19:37:00+02:00;2025-10-11T21:56:00+02:00;Jueves;Sábado;ZBS Toro;Urbano;C.A. Zamora;Zamora;Zamora;95;Hombre
2025-10-09T13:07:00+02:00;2025-10-16T08:55:00+02:00;Jueves;Jueves;ZBS Delicias I;Urbano;H.U. Río Hortega;Valladolid Oeste;Valladolid;83;Mujer
2025-10-09T12:31:00+02:00;2025-10-20T18:13:00+02:00;Jueves;Lunes;ZBS Soria Norte;Urbano;C.A. Soria;Soria;Soria;50;Mujer
2025-10-09T08:27:00+02:00;2025-10-10T21:12:00+02:00;Jueves;Viernes;ZBS Fontiveros;Rural;C.A.U. Salamanca;Salamanca;Salamanca;79;Hombre
2025-10-09T04:59:00+02:00;2025-10-17T18:07:00+02:00;Jueves;Viernes;ZBS Medina del Campo Urbano;Urbano;H.C.U. Valladolid;Valladolid Este;Valladolid;81;Mujer
2025-10-09T01:30:00+02:00;2025-10-10T16:27:00+02:00;Miércoles;Viernes;ZBS Medina de Rioseco;Rural;H.C.U. Valladolid;Valladolid Este;Valladolid;89;Mujer
2025-10-09T01:24:00+02:00;2025-10-10T19:34:00+02:00;Miércoles;Viernes;Zona Desconocida;Otra;C.A.U. León;León;León;54;Hombre
2025-10-09T00:16:00+02:00;2025-10-14T17:13:00+02:00;Miércoles;Martes;ZBS Canterac;Urbano;H.C.U. Valladolid;Valladolid Este;Valladolid;65;Mujer
2025-10-08T23:29:00+02:00;2025-10-15T17:23:00+02:00;Miércoles;Miércoles;ZBS Plaza del Ejército;Urbano;H.U. Río Hortega;Valladolid Oeste;Valladolid;83;Mujer
2025-10-08T22:41:00+02:00;2025-10-14T17:21:00+02:00;Miércoles;Martes;ZBS Valderas;Rural;H.U. Río Hortega;Valladolid Oeste;Valladolid;84;Hombre
2025-10-08T22:16:00+02:00;2025-10-17T16:37:00+02:00;Miércoles;Viernes;ZBS Ponferrada IV;Urbano;H. El Bierzo;Bierzo;León;96;Mujer
2025-10-08T22:15:00+02:00;2025-10-24T18:43:00+02:00;Miércoles;Viernes;ZBS Soria Sur;Urbano;C.A. Soria;Soria;Soria;68;Hombre
2025-10-08T21:24:00+02:00;2025-10-10T20:16:00+02:00;Miércoles;Viernes;ZBS Periurbana Sur;Rural;C.A.U. Salamanca;Salamanca;Salamanca;90;Mujer
2025-10-08T20:37:00+02:00;2025-10-21T10:57:00+02:00;Miércoles;Martes;ZBS Benavente Sur;Urbano;C.A. Zamora;Zamora;Zamora;54;Mujer
2025-10-08T20:18:00+02:00;2025-10-24T15:24:00+02:00;Miércoles;Viernes;ZBS Zamora Sur;Rural;C.A. Zamora;Zamora;Zamora;93;Mujer
2025-10-08T20:12:00+02:00;2025-10-17T20:01:00+02:00;Miércoles;Viernes;ZBS El Espinar;Rural;C.A. Segovia;Segovia;Segovia;58;Hombre
2025-10-08T19:46:00+02:00;2025-10-23T20:15:00+02:00;Miércoles;Jueves;ZBS Gamonal Antigua;Urbano;C.A.U. Burgos;Burgos;Burgos;95;Mujer
2025-10-08T19:34:00+02:00;2025-10-10T15:36:00+02:00;Miércoles;Viernes;ZBS Parada del Molino;Urbano;C.A. Zamora;Zamora;Zamora;72;Mujer
2025-10-08T19:32:00+02:00;2025-10-10T17:49:00+02:00;Miércoles;Viernes;ZBS La Guareña;Rural;C.A.U. Salamanca;Salamanca;Salamanca;76;Hombre
2025-10-08T19:30:00+02:00;2025-10-22T18:30:00+02:00;Miércoles;Miércoles;ZBS Soria Norte;Urbano;C.A. Soria;Soria;Soria;91;Mujer
2025-10-08T18:55:00+02:00;2025-10-10T17:57:00+02:00;Miércoles;Viernes;ZBS Cuéllar;Urbano;C.A. Segovia;Segovia;Segovia;94;Hombre
2025-10-08T16:53:00+02:00;2025-10-14T18:24:00+02:00;Miércoles;Martes;ZBS El Burgo de Osma;Rural;C.A. Soria;Soria;Soria;81;Mujer
2025-10-08T16:12:00+02:00;2025-10-14T18:16:00+02:00;Miércoles;Martes;ZBS Carbonero El Mayor;Rural;C.A. Segovia;Segovia;Segovia;41;Mujer
2025-10-08T15:23:00+02:00;2025-10-11T12:35:00+02:00;Miércoles;Sábado;ZBS Laguna de Duero;Rural;H.U. Río Hortega;Valladolid Oeste;Valladolid;93;Mujer
2025-10-08T13:18:00+02:00;2025-10-19T08:52:00+02:00;Miércoles;Domingo;ZBS Ribera del Órbigo;Rural;C.A.U. León;León;León;88;Hombre
2025-10-08T03:25:00+02:00;2025-10-16T19:34:00+02:00;Miércoles;Jueves;ZBS Eras del Bosque;Urbano;C.A.U. Salamanca;Salamanca;Salamanca;77;Mujer
2025-10-08T02:44:00+02:00;2025-10-20T21:34:00+02:00;Miércoles;Lunes;ZBS José Aguado II;Urbano;C.A.U. León;León;León;88;Hombre
2025-10-07T23:12:00+02:00;2025-10-20T17:54:00+02:00;Martes;Lunes;ZBS Bembibre;Rural;C.A.U. León;León;León;79;Mujer
2025-10-07T23:09:00+02:00;2025-10-11T08:16:00+02:00;Martes;Sábado;Zona Desconocida;Otra;C.A.U. León;León;León;89;Mujer
2025-10-07T22:36:00+02:00;2025-10-30T13:38:00+01:00;Martes;Jueves;ZBS Baltanás;Rural;C.A.U. Palencia;Palencia;Palencia;85;Mujer
2025-10-07T21:45:00+02:00;2025-11-06T14:18:00+01:00;Martes;Jueves;ZBS Candeleda;Rural;C.A. Ávila;Ávila;Ávila;85;Hombre
2025-10-07T20:42:00+02:00;2025-10-12T20:55:00+02:00;Martes;Domingo;ZBS Ávila Sur Oeste;Urbano;C.A.U. Salamanca;Salamanca;Salamanca;93;Hombre
2025-10-07T19:48:00+02:00;2025-10-16T17:47:00+02:00;Martes;Jueves;ZBS Candeleda;Rural;C.A. Ávila;Ávila;Ávila;54;Hombre
2025-10-07T19:13:00+02:00;2025-10-08T18:53:00+02:00;Martes;Miércoles;ZBS Zamora Sur;Rural;C.A.U. Salamanca;Salamanca;Salamanca;93;Mujer
2025-10-07T18:21:00+02:00;2025-10-10T19:01:00+02:00;Martes;Viernes;ZBS Delicias II;Urbano;H.U. Río Hortega;Valladolid Oeste;Valladolid;77;Hombre
2025-10-07T17:04:00+02:00;2025-10-10T16:12:00+02:00;Martes;Viernes;ZBS Zamora Sur;Rural;C.A. Zamora;Zamora;Zamora;94;Hombre
2025-10-07T17:01:00+02:00;2025-10-10T01:50:00+02:00;Martes;Jueves;Zona Desconocida;Otra;C.A.U. Salamanca;Salamanca;Salamanca;67;Hombre
2025-10-07T16:45:00+02:00;2025-10-24T14:38:00+02:00;Martes;Viernes;ZBS Zamora Norte;Rural;C.A. Zamora;Zamora;Zamora;92;Mujer
2025-10-07T16:01:00+02:00;2025-10-10T20:15:00+02:00;Martes;Viernes;ZBS Alba de Tormes;Rural;C.A.U. Salamanca;Salamanca;Salamanca;77;Mujer
2025-10-07T15:36:00+02:00;2025-10-28T13:35:00+01:00;Martes;Martes;ZBS Garrido Sur;Urbano;C.A.U. Salamanca;Salamanca;Salamanca;51;Hombre
2025-10-07T03:19:00+02:00;2025-10-08T18:47:00+02:00;Martes;Miércoles;ZBS Parada del Molino;Urbano;C.A.U. Salamanca;Salamanca;Salamanca;72;Mujer
2025-10-07T02:07:00+02:00;2025-10-22T18:34:00+02:00;Martes;Miércoles;ZBS San Leonardo de Yagüe;Rural;C.A. Soria;Soria;Soria;98;Hombre
2025-10-07T00:41:00+02:00;2025-10-09T16:00:00+02:00;Lunes;Jueves;ZBS Palencia Rural;Rural;H.C.U. Valladolid;Valladolid Este;Valladolid;66;Hombre
2025-10-07T00:36:00+02:00;2025-10-24T20:17:00+02:00;Lunes;Viernes;ZBS Gamonal Antigua;Urbano;C.A.U. Burgos;Burgos;Burgos;79;Mujer
2025-10-07T00:34:00+02:00;2025-10-17T23:12:00+02:00;Lunes;Viernes;ZBS Eras de Renueva;Urbano;C.A.U. León;León;León;88;Mujer
2025-10-06T23:41:00+02:00;2025-10-08T21:10:00+02:00;Lunes;Miércoles;ZBS Huerta del Rey;Urbano;H.U. Río Hortega;Valladolid Oeste;Valladolid;89;Hombre
2025-10-06T22:44:00+02:00;2025-10-09T16:30:00+02:00;Lunes;Jueves;ZBS Mombeltrán;Rural;C.A. Ávila;Ávila;Ávila;68;Mujer
2025-10-06T20:56:00+02:00;2025-10-10T17:17:00+02:00;Lunes;Viernes;ZBS Segovia III;Urbano;C.A. Segovia;Segovia;Segovia;74;Hombre
2025-10-06T20:48:00+02:00;2025-10-21T15:37:00+02:00;Lunes;Martes;ZBS Laguna de Duero;Rural;H.U. Río Hortega;Valladolid Oeste;Valladolid;78;Hombre
2025-10-06T20:39:00+02:00;2025-10-15T15:23:00+02:00;Lunes;Miércoles;ZBS Virgen de la Concha;Urbano;C.A. Zamora;Zamora;Zamora;78;Mujer
2025-10-06T20:33:00+02:00;2025-10-20T02:14:00+02:00;Lunes;Lunes;ZBS Tábara;Rural;C.A. Zamora;Zamora;Zamora;59;Hombre
2025-10-06T20:28:00+02:00;2025-10-10T18:26:00+02:00;Lunes;Viernes;ZBS Santa Clara;Urbano;C.A.U. Burgos;Burgos;Burgos;59;Mujer
2025-10-06T20:23:00+02:00;2025-10-14T18:12:00+02:00;Lunes;Martes;ZBS Bierzo;Urbano;C.A.U. León;León;León;74;Hombre
2025-10-06T19:39:00+02:00;2025-10-17T15:52:00+02:00;Lunes;Viernes;ZBS Miranda Este;Urbano;H. Santiago Apóstol;Burgos;Burgos;93;Mujer
2025-10-06T19:31:00+02:00;2025-10-15T13:17:00+02:00;Lunes;Miércoles;ZBS Puerta Nueva;Urbano;C.A. Zamora;Zamora;Zamora;66;Hombre
2025-10-06T19:26:00+02:00;2025-10-10T17:39:00+02:00;Lunes;Viernes;Zona Desconocida;Otra;C.A.U. Salamanca;Salamanca;Salamanca;77;Hombre
2025-10-06T19:23:00+02:00;2025-10-10T16:25:00+02:00;Lunes;Viernes;ZBS Ponferrada III;Urbano;H. El Bierzo;Bierzo;León;68;Mujer
2025-10-06T18:32:00+02:00;2025-10-10T16:46:00+02:00;Lunes;Viernes;ZBS Soria Norte;Urbano;C.A. Soria;Soria;Soria;93;Mujer
2025-10-06T15:40:00+02:00;2025-10-09T17:59:00+02:00;Lunes;Jueves;ZBS Ávila Sur Oeste;Urbano;C.A.U. Salamanca;Salamanca;Salamanca;89;Hombre
2025-10-06T15:22:00+02:00;2025-10-14T17:50:00+02:00;Lunes;Martes;ZBS Gamazo;Urbano;H.C.U. Valladolid;Valladolid Este;Valladolid;78;Mujer
2025-10-06T15:21:00+02:00;2025-10-07T22:01:00+02:00;Lunes;Martes;ZBS Candeleda;Rural;C.A.U. Salamanca;Salamanca;Salamanca;85;Hombre
2025-10-06T11:57:00+02:00;2025-10-10T16:11:00+02:00;Lunes;Viernes;ZBS Tudela;Rural;H.C.U. Valladolid;Valladolid Este;Valladolid;74;Mujer
2025-10-06T09:53:00+02:00;2025-10-06T16:27:00+02:00;Lunes;Lunes;ZBS Villafranca del Bierzo;Rural;H. El Bierzo;Bierzo;León;81;Hombre
2025-10-06T04:20:00+02:00;2025-10-20T08:50:00+02:00;Lunes;Lunes;ZBS Gamonal las Torres;Urbano;C.A.U. Burgos;Burgos;Burgos;90;Mujer
2025-10-06T03:23:00+02:00;2025-10-10T20:16:00+02:00;Lunes;Viernes;ZBS Zamora Sur;Rural;C.A.U. Salamanca;Salamanca;Salamanca;82;Mujer
2025-10-05T23:15:00+02:00;2025-10-09T15:09:00+02:00;Domingo;Jueves;ZBS El Espinar;Rural;C.A. Segovia;Segovia;Segovia;52;Mujer
2025-10-05T22:22:00+02:00;2025-10-15T15:02:00+02:00;Domingo;Miércoles;ZBS Gamazo;Urbano;H.C.U. Valladolid;Valladolid Este;Valladolid;80;Mujer
2025-10-05T20:00:00+02:00;2025-10-08T06:12:00+02:00;Domingo;Miércoles;ZBS Palencia Rural;Rural;H.C.U. Valladolid;Valladolid Este;Valladolid;61;Hombre
2025-10-05T18:02:00+02:00;2025-10-14T10:25:00+02:00;Domingo;Martes;ZBS Alcañices;Rural;C.A. Zamora;Zamora;Zamora;82;Hombre
2025-10-05T17:59:00+02:00;2025-10-20T12:22:00+02:00;Domingo;Lunes;ZBS Parquesol;Urbano;H.U. Río Hortega;Valladolid Oeste;Valladolid;78;Mujer
2025-10-05T16:44:00+02:00;2025-11-04T18:42:00+01:00;Domingo;Martes;ZBS La Bañeza I;Urbano;C.A.U. León;León;León;75;Hombre
2025-10-05T15:39:00+02:00;2025-10-05T17:21:00+02:00;Domingo;Domingo;ZBS Santa Clara;Urbano;C.A.U. Burgos;Burgos;Burgos;91;Hombre
2025-10-05T14:36:00+02:00;2025-10-09T17:28:00+02:00;Domingo;Jueves;ZBS Lumbrales;Rural;C.A.U. Salamanca;Salamanca;Salamanca;83;Mujer
2025-10-05T12:52:00+02:00;2025-10-08T19:32:00+02:00;Domingo;Miércoles;ZBS Garrido Norte;Urbano;C.A.U. Salamanca;Salamanca;Salamanca;89;Hombre
2025-10-05T03:16:00+02:00;2025-10-06T20:57:00+02:00;Domingo;Lunes;ZBS Mombeltrán;Rural;C.A.U. Salamanca;Salamanca;Salamanca;68;Mujer
2025-10-05T02:56:00+02:00;2025-10-08T17:33:00+02:00;Domingo;Miércoles;ZBS Arturo Eyries;Urbano;H.U. Río Hortega;Valladolid Oeste;Valladolid;52;Mujer
2025-10-05T02:19:00+02:00;2025-10-07T11:43:00+02:00;Domingo;Martes;ZBS Zamora Sur;Rural;C.A. Zamora;Zamora;Zamora;93;Mujer
2025-10-05T01:38:00+02:00;2025-10-27T20:10:00+01:00;Sábado;Lunes;ZBS San Andrés del Rabanedo;Rural;C.A.U. León;León;León;66;Mujer
2025-10-05T01:32:00+02:00;2025-10-07T16:44:00+02:00;Sábado;Martes;ZBS Soria Sur;Urbano;C.A. Soria;Soria;Soria;66;Mujer
2025-10-05T01:27:00+02:00;2025-11-05T19:03:00+01:00;Sábado;Miércoles;ZBS Soria Sur;Urbano;C.A. Soria;Soria;Soria;84;Mujer
2025-10-05T01:11:00+02:00;2025-10-08T07:08:00+02:00;Sábado;Miércoles;ZBS Peñafiel;Rural;H.C.U. Valladolid;Valladolid Este;Valladolid;86;Mujer
2025-10-05T00:27:00+02:00;2025-10-17T20:25:00+02:00;Sábado;Viernes;ZBS Bañeza II;Rural;C.A.U. León;León;León;93;Mujer
2025-10-04T21:59:00+02:00;2025-10-10T17:12:00+02:00;Sábado;Viernes;ZBS Huerta del Rey;Urbano;H.U. Río Hortega;Valladolid Oeste;Valladolid;88;Hombre
2025-10-04T21:29:00+02:00;2025-10-07T08:27:00+02:00;Sábado;Martes;ZBS Saldaña;Rural;H.C.U. Valladolid;Valladolid Este;Valladolid;92;Hombre
2025-10-04T21:11:00+02:00;2025-10-22T19:32:00+02:00;Sábado;Miércoles;ZBS Aranda Sur;Urbano;H. Santos Reyes;Burgos;Burgos;83;Hombre
2025-10-04T20:59:00+02:00;2025-10-09T20:09:00+02:00;Sábado;Jueves;ZBS Gamazo;Urbano;H.C.U. Valladolid;Valladolid Este;Valladolid;74;Mujer
2025-10-04T19:04:00+02:00;2025-10-14T16:17:00+02:00;Sábado;Martes;ZBS Delicias I;Urbano;H.U. Río Hortega;Valladolid Oeste;Valladolid;63;Hombre
2025-10-04T18:48:00+02:00;2025-10-06T15:50:00+02:00;Sábado;Lunes;ZBS San Antonio;Urbano;H. El Bierzo;Bierzo;León;82;Hombre
2025-10-04T18:37:00+02:00;2025-10-09T16:30:00+02:00;Sábado;Jueves;ZBS Arévalo;Urbano;C.A. Ávila;Ávila;Ávila;75;Hombre
2025-10-04T16:26:00+02:00;2025-10-17T21:23:00+02:00;Sábado;Viernes;ZBS Magdalena;Urbano;H.C.U. Valladolid;Valladolid Este;Valladolid;75;Hombre
2025-10-04T16:11:00+02:00;2025-10-16T13:20:00+02:00;Sábado;Jueves;ZBS San Agustín;Urbano;C.A.U. Burgos;Burgos;Burgos;83;Hombre
2025-10-04T15:48:00+02:00;2025-10-10T17:40:00+02:00;Sábado;Viernes;ZBS Miguel Armijo;Urbano;C.A.U. Salamanca;Salamanca;Salamanca;55;Hombre
2025-10-04T15:00:00+02:00;2025-10-04T23:00:00+02:00;Sábado;Sábado;ZBS Huerta de Rey;Rural;H. Santos Reyes;Burgos;Burgos;59;Mujer
2025-10-04T14:17:00+02:00;2025-10-05T17:25:00+02:00;Sábado;Domingo;ZBS Parquesol;Urbano;H.C.U. Valladolid;Valladolid Este;Valladolid;78;Mujer
2025-10-04T07:32:00+02:00;2025-10-07T16:02:00+02:00;Sábado;Martes;ZBS Palencia Rural;Rural;H.C.U. Valladolid;Valladolid Este;Valladolid;53;Hombre
2025-10-04T07:26:00+02:00;2025-10-10T22:16:00+02:00;Sábado;Viernes;ZBS Tordesillas;Rural;H.U. Río Hortega;Valladolid Oeste;Valladolid;85;Mujer
2025-10-04T03:59:00+02:00;2025-10-17T20:54:00+02:00;Sábado;Viernes;ZBS Carrión de los Condes;Rural;C.A.U. Palencia;Palencia;Palencia;47;Hombre
2025-10-04T02:58:00+02:00;2025-10-05T18:14:00+02:00;Sábado;Domingo;ZBS La Palomera;Urbano;C.A.U. León;León;León;90;Hombre
2025-10-04T02:41:00+02:00;2025-10-04T21:25:00+02:00;Sábado;Sábado;ZBS Huerta del Rey;Urbano;H.C.U. Valladolid;Valladolid Este;Valladolid;88;Hombre
2025-10-04T00:50:00+02:00;2025-10-15T19:43:00+02:00;Viernes;Miércoles;ZBS Santa Elena;Urbano;C.A.U. Salamanca;Salamanca;Salamanca;73;Hombre
2025-10-03T22:23:00+02:00;2025-10-06T15:02:00+02:00;Viernes;Lunes;ZBS Bierzo;Urbano;C.A.U. León;León;León;80;Hombre
2025-10-03T21:45:00+02:00;2025-10-06T19:35:00+02:00;Viernes;Lunes;ZBS Virgen de la Concha;Urbano;C.A.U. Salamanca;Salamanca;Salamanca;78;Mujer
2025-10-03T21:31:00+02:00;2025-10-10T18:29:00+02:00;Viernes;Viernes;ZBS San Ildefonso;Rural;C.A. Segovia;Segovia;Segovia;59;Mujer
2025-10-03T19:51:00+02:00;2025-10-08T20:12:00+02:00;Viernes;Miércoles;ZBS Medina del Campo Urbano;Urbano;H.C.U. Valladolid;Valladolid Este;Valladolid;81;Mujer
2025-10-03T18:53:00+02:00;2025-10-04T04:10:00+02:00;Viernes;Sábado;ZBS Ponferrada III;Urbano;H. El Bierzo;Bierzo;León;89;Hombre
2025-10-03T18:11:00+02:00;2025-10-09T18:36:00+02:00;Viernes;Jueves;ZBS Parquesol;Urbano;H.U. Río Hortega;Valladolid Oeste;Valladolid;64;Mujer
2025-10-03T15:11:00+02:00;2025-10-09T20:30:00+02:00;Viernes;Jueves;ZBS Parque Alameda-Covaresa;Urbano;H.U. Río Hortega;Valladolid Oeste;Valladolid;84;Mujer
2025-10-03T14:12:00+02:00;2025-10-07T22:18:00+02:00;Viernes;Martes;ZBS Baltanás;Rural;H.C.U. Valladolid;Valladolid Este;Valladolid;85;Mujer
2025-10-03T13:09:00+02:00;2025-10-16T14:08:00+02:00;Viernes;Jueves;ZBS Aranda Norte;Urbano;C.A.U. Burgos;Burgos;Burgos;64;Hombre
2025-10-03T08:49:00+02:00;2025-10-15T12:36:00+02:00;Viernes;Miércoles;ZBS Cantalejo;Rural;H.C.U. Valladolid;Valladolid Este;Valladolid;35;Hombre
2025-10-03T04:04:00+02:00;2025-10-10T20:13:00+02:00;Viernes;Viernes;ZBS Pizarrales-Vidal;Urbano;C.A.U. Salamanca;Salamanca;Salamanca;51;Mujer
2025-10-03T02:25:00+02:00;2025-10-07T16:14:00+02:00;Viernes;Martes;ZBS Bierzo;Urbano;H. El Bierzo;Bierzo;León;76;Hombre
2025-10-03T02:23:00+02:00;2025-10-03T03:00:00+02:00;Viernes;Viernes;ZBS Cantalejo;Rural;C.A. Segovia;Segovia;Segovia;35;Hombre
2025-10-03T00:49:00+02:00;2025-10-09T21:38:00+02:00;Jueves;Jueves;ZBS Parque Alameda-Covaresa;Urbano;H.U. Río Hortega;Valladolid Oeste;Valladolid;93;Mujer
2025-10-03T00:20:00+02:00;2025-10-06T03:45:00+02:00;Jueves;Lunes;ZBS Tábara;Rural;C.A. Zamora;Zamora;Zamora;95;Mujer
2025-10-02T23:17:00+02:00;2025-10-03T16:20:00+02:00;Jueves;Viernes;ZBS Sotillo de Adrada;Rural;C.A. Ávila;Ávila;Ávila;89;Hombre
2025-10-02T23:07:00+02:00;2025-10-07T18:16:00+02:00;Jueves;Martes;ZBS Arturo Eyries;Urbano;H.U. Río Hortega;Valladolid Oeste;Valladolid;89;Mujer
2025-10-02T22:22:00+02:00;2025-10-16T01:03:00+02:00;Jueves;Miércoles;ZBS Puente de Domingo Florez;Rural;H. El Bierzo;Bierzo;León;91;Mujer
2025-10-02T21:25:00+02:00;2025-10-06T15:49:00+02:00;Jueves;Lunes;ZBS Bierzo;Urbano;H. El Bierzo;Bierzo;León;88;Mujer
2025-10-02T18:08:00+02:00;2025-10-26T07:41:00+01:00;Jueves;Domingo;ZBS Villalón de Campos;Rural;H.U. Río Hortega;Valladolid Oeste;Valladolid;71;Hombre
2025-10-02T16:11:00+02:00;2025-10-04T12:57:00+02:00;Jueves;Sábado;ZBS Parquesol;Urbano;H.U. Río Hortega;Valladolid Oeste;Valladolid;78;Mujer
2025-10-02T14:05:00+02:00;2025-10-08T20:03:00+02:00;Jueves;Miércoles;ZBS Segovia Rural;Rural;C.A. Segovia;Segovia;Segovia;82;Hombre
2025-10-02T11:38:00+02:00;2025-10-16T22:54:00+02:00;Jueves;Jueves;ZBS Peñafiel;Rural;H.C.U. Valladolid;Valladolid Este;Valladolid;48;Hombre
2025-10-02T10:28:00+02:00;2025-10-07T20:10:00+02:00;Jueves;Martes;ZBS Peñafiel;Rural;H.C.U. Valladolid;Valladolid Este;Valladolid;60;Mujer
2025-10-02T09:39:00+02:00;2025-10-07T23:00:00+02:00;Jueves;Martes;ZBS Carrión de los Condes;Rural;C.A.U. Palencia;Palencia;Palencia;77;Mujer
2025-10-02T09:30:00+02:00;2025-10-05T00:48:00+02:00;Jueves;Sábado;ZBS Fabero;Rural;C.A.U. León;León;León;76;Hombre
2025-10-02T04:19:00+02:00;2025-10-15T19:31:00+02:00;Jueves;Miércoles;ZBS Jardinillos;Urbano;H.C.U. Valladolid;Valladolid Este;Valladolid;45;Mujer
2025-10-02T03:26:00+02:00;2025-10-17T05:17:00+02:00;Jueves;Viernes;ZBS Mombuey;Rural;C.A. Zamora;Zamora;Zamora;88;Mujer
2025-10-02T02:50:00+02:00;2025-10-07T19:53:00+02:00;Jueves;Martes;ZBS Burgos Rural Sur;Rural;C.A.U. Burgos;Burgos;Burgos;63;Hombre
2025-10-02T02:49:00+02:00;2025-10-14T19:22:00+02:00;Jueves;Martes;ZBS Saldaña;Rural;C.A.U. Palencia;Palencia;Palencia;90;Mujer
2025-10-02T00:52:00+02:00;2025-10-28T12:09:00+01:00;Miércoles;Martes;ZBS Tórtola;Urbano;H.C.U. Valladolid;Valladolid Este;Valladolid;72;Hombre
2025-10-01T23:38:00+02:00;2025-10-07T23:20:00+02:00;Miércoles;Martes;ZBS Alba de Tormes;Rural;C.A.U. Salamanca;Salamanca;Salamanca;72;Mujer
2025-10-01T22:39:00+02:00;2025-10-07T12:02:00+02:00;Miércoles;Martes;ZBS Villarrín;Rural;C.A. Zamora;Zamora;Zamora;81;Hombre
2025-10-01T22:37:00+02:00;2025-10-04T16:04:00+02:00;Miércoles;Sábado;ZBS Ribera del Órbigo;Rural;C.A.U. León;León;León;89;Mujer
2025-10-01T22:24:00+02:00;2025-10-29T12:33:00+01:00;Miércoles;Miércoles;ZBS Canterac;Urbano;H.C.U. Valladolid;Valladolid Este;Valladolid;82;Mujer
2025-10-01T20:40:00+02:00;2025-10-10T16:46:00+02:00;Miércoles;Viernes;ZBS Soria Rural;Rural;C.A. Soria;Soria;Soria;66;Mujer
2025-10-01T20:09:00+02:00;2025-10-09T05:04:00+02:00;Miércoles;Jueves;ZBS I. López Sáiz;Urbano;C.A.U. Burgos;Burgos;Burgos;83;Mujer
2025-10-01T19:12:00+02:00;2025-10-06T20:51:00+02:00;Miércoles;Lunes;ZBS Segovia III;Urbano;H.C.U. Valladolid;Valladolid Este;Valladolid;74;Hombre
2025-10-01T18:29:00+02:00;2025-10-02T23:55:00+02:00;Miércoles;Jueves;ZBS Garrido Sur;Urbano;C.A.U. Salamanca;Salamanca;Salamanca;78;Hombre
2025-10-01T16:27:00+02:00;2025-10-30T21:30:00+01:00;Miércoles;Jueves;ZBS Segovia II;Urbano;H.U. Río Hortega;Valladolid Oeste;Valladolid;78;Hombre
2025-10-01T15:55:00+02:00;2025-10-03T15:00:00+02:00;Miércoles;Viernes;ZBS Fuente de San Esteban;Rural;C.A.U. Salamanca;Salamanca;Salamanca;94;Hombre
2025-10-01T14:02:00+02:00;2025-10-11T15:54:00+02:00;Miércoles;Sábado;ZBS Alamedilla;Urbano;C.A.U. Salamanca;Salamanca;Salamanca;66;Hombre
2025-10-01T13:15:00+02:00;2025-10-28T18:34:00+01:00;Miércoles;Martes;ZBS Los Cubos;Urbano;C.A.U. Burgos;Burgos;Burgos;62;Hombre
2025-10-01T03:22:00+02:00;2025-10-07T16:27:00+02:00;Miércoles;Martes;ZBS Canterac;Urbano;H.C.U. Valladolid;Valladolid Este;Valladolid;89;Hombre
2025-10-01T00:44:00+02:00;2025-10-13T11:42:00+02:00;Martes;Lunes;ZBS Sepúlveda;Rural;C.A. Segovia;Segovia;Segovia;72;Hombre
2025-10-01T00:42:00+02:00;2025-10-01T16:03:00+02:00;Martes;Miércoles;ZBS Ólvega;Rural;C.A. Soria;Soria;Soria;69;Hombre
2025-09-30T23:04:00+02:00;2025-10-08T16:26:00+02:00;Martes;Miércoles;ZBS Bermillo de Sayago;Rural;C.A. Zamora;Zamora;Zamora;77;Mujer
2025-09-30T21:32:00+02:00;2025-10-03T16:50:00+02:00;Martes;Viernes;ZBS Puebla de Sanabria;Rural;C.A. Zamora;Zamora;Zamora;84;Mujer
2025-09-30T21:32:00+02:00;2025-10-16T19:44:00+02:00;Martes;Jueves;ZBS Burgos Rural Sur;Rural;C.A.U. Burgos;Burgos;Burgos;95;Mujer
2025-09-30T21:22:00+02:00;2025-10-02T14:22:00+02:00;Martes;Jueves;ZBS Santa Elena;Urbano;C.A. Zamora;Zamora;Zamora;73;Hombre
2025-09-30T21:16:00+02:00;2025-10-01T17:15:00+02:00;Martes;Miércoles;ZBS Segovia I;Urbano;C.A. Segovia;Segovia;Segovia;80;Hombre
2025-09-30T20:38:00+02:00;2025-10-14T18:50:00+02:00;Martes;Martes;ZBS La Palomera;Urbano;C.A.U. León;León;León;63;Mujer
2025-09-30T20:16:00+02:00;2025-10-07T15:07:00+02:00;Martes;Martes;ZBS Huerta del Rey;Urbano;H.U. Río Hortega;Valladolid Oeste;Valladolid;77;Mujer
2025-09-30T16:48:00+02:00;2025-10-05T18:17:00+02:00;Martes;Domingo;ZBS Eras de Renueva;Urbano;C.A.U. León;León;León;75;Hombre
2025-09-30T16:47:00+02:00;2025-10-08T19:00:00+02:00;Martes;Miércoles;ZBS Soria Norte;Urbano;C.A. Soria;Soria;Soria;91;Mujer
2025-09-30T16:38:00+02:00;2025-10-09T18:23:00+02:00;Martes;Jueves;ZBS La Victoria;Urbano;H.C.U. Valladolid;Valladolid Este;Valladolid;88;Mujer
2025-09-30T16:07:00+02:00;2025-10-02T18:10:00+02:00;Martes;Jueves;ZBS Cristobal Acosta;Urbano;C.A.U. Burgos;Burgos;Burgos;94;Mujer
2025-09-30T14:22:00+02:00;2025-10-08T18:19:00+02:00;Martes;Miércoles;ZBS Aranda Rural;Rural;C.A.U. Burgos;Burgos;Burgos;72;Mujer
2025-09-30T13:55:00+02:00;2025-10-02T18:12:00+02:00;Martes;Jueves;ZBS I. López Sáiz;Urbano;C.A.U. Burgos;Burgos;Burgos;73;Mujer
2025-09-30T13:54:00+02:00;2025-10-03T15:17:00+02:00;Martes;Viernes;ZBS Arturo Eyries;Urbano;H.U. Río Hortega;Valladolid Oeste;Valladolid;84;Hombre
2025-09-30T00:22:00+02:00;2025-10-08T13:48:00+02:00;Lunes;Miércoles;ZBS Gamonal Antigua;Urbano;C.A.U. Burgos;Burgos;Burgos;86;Mujer
2025-09-29T23:40:00+02:00;2025-10-06T22:30:00+02:00;Lunes;Lunes;ZBS Béjar;Urbano;C.A.U. Salamanca;Salamanca;Salamanca;84;Mujer
2025-09-29T23:21:00+02:00;2025-10-01T20:15:00+02:00;Lunes;Miércoles;ZBS Arenas de San Pedro;Rural;C.A. Ávila;Ávila;Ávila;63;Hombre
2025-09-29T22:38:00+02:00;2025-10-06T15:01:00+02:00;Lunes;Lunes;ZBS Benavente Sur;Urbano;C.A. Zamora;Zamora;Zamora;82;Hombre
2025-09-29T20:53:00+02:00;2025-10-07T16:47:00+02:00;Lunes;Martes;ZBS Benavente Norte;Urbano;C.A. Zamora;Zamora;Zamora;62;Hombre
2025-09-29T20:30:00+02:00;2025-10-07T17:49:00+02:00;Lunes;Martes;ZBS Pilarica;Urbano;H.C.U. Valladolid;Valladolid Este;Valladolid;81;Mujer
2025-09-29T20:27:00+02:00;2025-10-09T03:05:00+02:00;Lunes;Jueves;ZBS Medina del Campo Urbano;Urbano;H. Medina del Campo;Valladolid Este;Valladolid;93;Mujer
2025-09-29T20:05:00+02:00;2025-10-02T18:03:00+02:00;Lunes;Jueves;ZBS Arturo Eyries;Urbano;H.U. Río Hortega;Valladolid Oeste;Valladolid;86;Mujer
2025-09-29T20:03:00+02:00;2025-10-08T15:49:00+02:00;Lunes;Miércoles;ZBS San Antonio;Urbano;H. El Bierzo;Bierzo;León;77;Mujer
2025-09-29T19:11:00+02:00;2025-10-02T16:49:00+02:00;Lunes;Jueves;ZBS Medina de Rioseco;Rural;H.U. Río Hortega;Valladolid Oeste;Valladolid;66;Mujer
2025-09-29T18:38:00+02:00;2025-09-30T22:05:00+02:00;Lunes;Martes;ZBS Bermillo de Sayago;Rural;C.A.U. Salamanca;Salamanca;Salamanca;77;Mujer
2025-09-29T17:56:00+02:00;2025-10-01T15:10:00+02:00;Lunes;Miércoles;ZBS Portillo;Rural;H.C.U. Valladolid;Valladolid Este;Valladolid;88;Hombre
2025-09-29T16:45:00+02:00;2025-10-01T18:41:00+02:00;Lunes;Miércoles;ZBS Soria Rural;Rural;C.A.U. Burgos;Burgos;Burgos;66;Mujer
2025-09-29T16:10:00+02:00;2025-10-15T12:36:00+02:00;Lunes;Miércoles;ZBS Madrigal de las Altas Torres;Rural;H.C.U. Valladolid;Valladolid Este;Valladolid;56;Hombre
2025-09-29T15:52:00+02:00;2025-10-05T02:15:00+02:00;Lunes;Domingo;ZBS Ciudad Rodrigo;Urbano;C.A.U. Salamanca;Salamanca;Salamanca;84;Mujer
2025-09-29T15:07:00+02:00;2025-10-06T19:47:00+02:00;Lunes;Lunes;ZBS Pintor Oliva;Urbano;C.A.U. Palencia;Palencia;Palencia;68;Mujer
2025-09-29T14:39:00+02:00;2025-10-01T23:40:00+02:00;Lunes;Miércoles;ZBS La Alberca;Rural;C.A.U. Salamanca;Salamanca;Salamanca;92;Hombre
2025-09-29T14:07:00+02:00;2025-10-03T19:10:00+02:00;Lunes;Viernes;ZBS I. López Sáiz;Urbano;C.A.U. Burgos;Burgos;Burgos;75;Hombre
2025-09-29T08:41:00+02:00;2025-09-30T20:51:00+02:00;Lunes;Martes;ZBS Puebla de Sanabria;Rural;C.A.U. León;León;León;84;Mujer
2025-09-29T06:25:00+02:00;2025-10-15T19:47:00+02:00;Lunes;Miércoles;ZBS Cuenca del Bernesga;Rural;C.A.U. León;León;León;93;Mujer
2025-09-29T02:49:00+02:00;2025-10-02T16:22:00+02:00;Lunes;Jueves;ZBS Villafranca del Bierzo;Rural;H. El Bierzo;Bierzo;León;94;Hombre
2025-09-29T01:41:00+02:00;2025-10-14T14:42:00+02:00;Domingo;Martes;ZBS Segovia III;Urbano;C.A. Segovia;Segovia;Segovia;92;Mujer
2025-09-28T23:20:00+02:00;2025-10-02T19:06:00+02:00;Domingo;Jueves;ZBS Bañeza II;Rural;C.A.U. León;León;León;85;Hombre
2025-09-28T17:56:00+02:00;2025-09-30T09:34:00+02:00;Domingo;Martes;ZBS Casa del Barco;Urbano;H.U. Río Hortega;Valladolid Oeste;Valladolid;97;Hombre
2025-09-28T16:56:00+02:00;2025-10-01T23:05:00+02:00;Domingo;Miércoles;ZBS Villarrín;Rural;C.A.U. Salamanca;Salamanca;Salamanca;81;Hombre
2025-09-28T12:41:00+02:00;2025-10-10T20:24:00+02:00;Domingo;Viernes;ZBS Santa Marta de Tormes;Rural;C.A.U. Salamanca;Salamanca;Salamanca;66;Mujer
2025-09-28T11:34:00+02:00;2025-10-07T16:02:00+02:00;Domingo;Martes;ZBS Béjar;Urbano;C.A.U. Salamanca;Salamanca;Salamanca;93;Mujer
2025-09-28T03:26:00+02:00;2025-09-29T18:18:00+02:00;Domingo;Lunes;ZBS José Aguado II;Urbano;C.A.U. León;León;León;92;Hombre
2025-09-28T02:02:00+02:00;2025-10-06T22:34:00+02:00;Domingo;Lunes;ZBS Briviesca;Urbano;C.A.U. Burgos;Burgos;Burgos;41;Mujer
2025-09-28T00:38:00+02:00;2025-10-03T17:40:00+02:00;Sábado;Viernes;ZBS Linares de Riofrío;Rural;C.A.U. Salamanca;Salamanca;Salamanca;87;Mujer
2025-09-27T19:04:00+02:00;2025-10-08T11:02:00+02:00;Sábado;Miércoles;ZBS Santa Clara;Urbano;C.A.U. Burgos;Burgos;Burgos;68;Hombre
2025-09-27T16:48:00+02:00;2025-10-06T21:20:00+02:00;Sábado;Lunes;ZBS Ciudad Rodrigo;Urbano;C.A.U. Salamanca;Salamanca;Salamanca;95;Mujer
2025-09-27T16:36:00+02:00;2025-10-06T18:04:00+02:00;Sábado;Lunes;ZBS Aranda Norte;Urbano;C.A.U. Burgos;Burgos;Burgos;80;Hombre
2025-09-27T16:28:00+02:00;2025-10-01T19:41:00+02:00;Sábado;Miércoles;ZBS El Espinar;Rural;C.A. Segovia;Segovia;Segovia;61;Hombre
2025-09-27T15:47:00+02:00;2025-09-27T19:02:00+02:00;Sábado;Sábado;ZBS Plaza del Ejército;Urbano;H.U. Río Hortega;Valladolid Oeste;Valladolid;52;Hombre
2025-09-27T09:08:00+02:00;2025-10-14T17:50:00+02:00;Sábado;Martes;ZBS Santa Clara;Urbano;C.A.U. Burgos;Burgos;Burgos;82;Mujer
2025-09-27T04:35:00+02:00;2025-10-03T18:35:00+02:00;Sábado;Viernes;ZBS Sta. María del Páramo;Rural;C.A.U. León;León;León;85;Hombre
2025-09-27T01:58:00+02:00;2025-10-03T15:09:00+02:00;Viernes;Viernes;ZBS Garrido Sur;Urbano;C.A.U. Salamanca;Salamanca;Salamanca;86;Hombre
2025-09-27T01:37:00+02:00;2025-10-20T11:52:00+02:00;Viernes;Lunes;ZBS Ávila Estación;Urbano;C.A. Ávila;Ávila;Ávila;82;Hombre
2025-09-27T01:23:00+02:00;2025-10-01T16:03:00+02:00;Viernes;Miércoles;ZBS Ponferrada IV;Urbano;H. El Bierzo;Bierzo;León;79;Mujer
2025-09-26T22:32:00+02:00;2025-10-01T18:27:00+02:00;Viernes;Miércoles;ZBS Navarredonda de Gredos;Rural;C.A.U. Salamanca;Salamanca;Salamanca;68;Hombre
2025-09-26T22:29:00+02:00;2025-10-03T16:18:00+02:00;Viernes;Viernes;ZBS Ávila Estación;Urbano;C.A. Ávila;Ávila;Ávila;66;Hombre
2025-09-26T22:19:00+02:00;2025-10-06T14:20:00+02:00;Viernes;Lunes;Zona Desconocida;Otra;C.A.U. Burgos;Burgos;Burgos;82;Mujer
2025-09-26T21:15:00+02:00;2025-10-15T03:02:00+02:00;Viernes;Miércoles;ZBS Virgen de la Concha;Urbano;C.A. Zamora;Zamora;Zamora;97;Mujer
2025-09-26T20:56:00+02:00;2025-10-07T22:47:00+02:00;Viernes;Martes;ZBS Casa del Barco;Urbano;H.U. Río Hortega;Valladolid Oeste;Valladolid;61;Hombre
2025-09-26T20:17:00+02:00;2025-10-09T11:40:00+02:00;Viernes;Jueves;ZBS Virgen de la Concha;Urbano;C.A. Zamora;Zamora;Zamora;84;Hombre
2025-09-26T20:03:00+02:00;2025-09-30T23:00:00+02:00;Viernes;Martes;ZBS Valencia de D. Juan;Rural;C.A.U. León;León;León;106;Mujer
2025-09-26T17:50:00+02:00;2025-10-27T20:00:00+01:00;Viernes;Lunes;ZBS Universidad Centro;Urbano;C.A.U. Salamanca;Salamanca;Salamanca;53;Mujer
2025-09-26T17:44:00+02:00;2025-10-08T15:20:00+02:00;Viernes;Miércoles;ZBS Delicias I;Urbano;H.U. Río Hortega;Valladolid Oeste;Valladolid;80;Mujer
2025-09-26T17:42:00+02:00;2025-09-29T22:59:00+02:00;Viernes;Lunes;ZBS F.Villalobos;Urbano;C.A.U. Salamanca;Salamanca;Salamanca;83;Hombre
2025-09-26T16:22:00+02:00;2025-09-30T16:13:00+02:00;Viernes;Martes;ZBS José Aguado I;Urbano;C.A.U. León;León;León;85;Mujer
2025-09-26T14:30:00+02:00;2025-10-22T13:58:00+02:00;Viernes;Miércoles;ZBS Mota del Marqués;Rural;H.C.U. Valladolid;Valladolid Este;Valladolid;85;Hombre
2025-09-26T05:00:00+02:00;2025-10-02T20:02:00+02:00;Viernes;Jueves;ZBS Parquesol;Urbano;H.U. Río Hortega;Valladolid Oeste;Valladolid;63;Mujer
2025-09-26T01:08:00+02:00;2025-10-02T15:57:00+02:00;Jueves;Jueves;ZBS Gamazo;Urbano;H.C.U. Valladolid;Valladolid Este;Valladolid;64;Hombre
2025-09-25T23:01:00+02:00;2025-10-15T21:04:00+02:00;Jueves;Miércoles;ZBS Burgos Rural Norte;Rural;C.A.U. Burgos;Burgos;Burgos;84;Mujer
2025-09-25T22:04:00+02:00;2025-10-03T08:33:00+02:00;Jueves;Viernes;Zona Desconocida;Otra;C.A. Ávila;Ávila;Ávila;72;Mujer
2025-09-25T21:24:00+02:00;2025-09-30T16:39:00+02:00;Jueves;Martes;ZBS Cuenca del Bernesga;Rural;C.A.U. León;León;León;61;Mujer
2025-09-25T20:02:00+02:00;2025-10-02T17:51:00+02:00;Jueves;Jueves;ZBS Segovia Rural;Rural;C.A. Segovia;Segovia;Segovia;61;Mujer
2025-09-25T19:35:00+02:00;2025-10-09T17:53:00+02:00;Jueves;Jueves;ZBS Cuéllar;Urbano;C.A. Segovia;Segovia;Segovia;62;Hombre
2025-09-25T19:25:00+02:00;2025-10-03T15:52:00+02:00;Jueves;Viernes;ZBS San Antonio;Urbano;H. El Bierzo;Bierzo;León;66;Mujer
2025-09-25T17:56:00+02:00;2025-10-02T19:55:00+02:00;Jueves;Jueves;ZBS Laguna de Duero;Rural;H.U. Río Hortega;Valladolid Oeste;Valladolid;67;Hombre
2025-09-25T15:07:00+02:00;2025-09-29T17:18:00+02:00;Jueves;Lunes;ZBS Plaza del Ejército;Urbano;H.U. Río Hortega;Valladolid Oeste;Valladolid;89;Mujer
2025-09-25T12:55:00+02:00;2025-09-29T21:40:00+02:00;Jueves;Lunes;ZBS Arenas de San Pedro;Rural;C.A.U. Salamanca;Salamanca;Salamanca;63;Hombre
2025-09-25T04:17:00+02:00;2025-10-09T18:10:00+02:00;Jueves;Jueves;ZBS García Lorca;Urbano;C.A.U. Burgos;Burgos;Burgos;90;Mujer
2025-09-25T02:10:00+02:00;2025-09-27T23:00:00+02:00;Jueves;Sábado;ZBS Medina del Campo Rural;Rural;H. Medina del Campo;Valladolid Este;Valladolid;97;Mujer
2025-09-25T00:29:00+02:00;2025-09-26T17:26:00+02:00;Miércoles;Viernes;ZBS Delicias I;Urbano;H.C.U. Valladolid;Valladolid Este;Valladolid;80;Mujer
2025-09-24T22:36:00+02:00;2025-09-26T20:05:00+02:00;Miércoles;Viernes;ZBS Alcañices;Rural;C.A.U. Salamanca;Salamanca;Salamanca;84;Hombre
2025-09-24T20:50:00+02:00;2025-09-28T13:00:00+02:00;Miércoles;Domingo;ZBS Medina del Campo Urbano;Urbano;H. Medina del Campo;Valladolid Este;Valladolid;90;Mujer
2025-09-24T20:43:00+02:00;2025-10-02T15:01:00+02:00;Miércoles;Jueves;ZBS De la Puebla;Urbano;C.A.U. Palencia;Palencia;Palencia;99;Hombre
2025-09-24T20:32:00+02:00;2025-09-26T18:11:00+02:00;Miércoles;Viernes;ZBS Truchas;Rural;C.A.U. León;León;León;74;Hombre
2025-09-24T19:25:00+02:00;2025-09-30T18:06:00+02:00;Miércoles;Martes;Zona Desconocida;Otra;C.A. Segovia;Segovia;Segovia;85;Mujer
2025-09-24T19:17:00+02:00;2025-10-30T14:33:00+01:00;Miércoles;Jueves;ZBS Mota del Marqués;Rural;H.U. Río Hortega;Valladolid Oeste;Valladolid;69;Hombre
2025-09-24T19:09:00+02:00;2025-10-02T05:20:00+02:00;Miércoles;Jueves;ZBS Mansilla Mulas;Rural;C.A.U. León;León;León;67;Hombre
2025-09-24T17:13:00+02:00;2025-09-26T18:28:00+02:00;Miércoles;Viernes;ZBS Herrera de Pisuerga;Rural;C.A.U. Palencia;Palencia;Palencia;69;Hombre
2025-09-24T16:07:00+02:00;2025-09-26T16:12:00+02:00;Miércoles;Viernes;ZBS Eras del Bosque;Urbano;H.C.U. Valladolid;Valladolid Este;Valladolid;52;Hombre
2025-09-24T13:49:00+02:00;2025-10-01T18:14:00+02:00;Miércoles;Miércoles;ZBS Herrera de Pisuerga;Rural;C.A.U. Palencia;Palencia;Palencia;92;Mujer
2025-09-24T04:10:00+02:00;2025-10-01T16:05:00+02:00;Miércoles;Miércoles;ZBS Medina del Campo Urbano;Urbano;H.C.U. Valladolid;Valladolid Este;Valladolid;91;Hombre
2025-09-24T02:43:00+02:00;2025-10-10T15:20:00+02:00;Miércoles;Viernes;ZBS La Palomera;Urbano;C.A.U. León;León;León;42;Hombre
2025-09-24T01:26:00+02:00;2025-09-25T20:08:00+02:00;Martes;Jueves;ZBS Los Comuneros;Urbano;C.A.U. Burgos;Burgos;Burgos;74;Hombre
2025-09-24T01:23:00+02:00;2025-10-29T12:13:00+01:00;Martes;Miércoles;ZBS Aranda Norte;Urbano;C.A.U. Burgos;Burgos;Burgos;76;Hombre
2025-09-24T00:03:00+02:00;2025-09-26T21:01:00+02:00;Martes;Viernes;ZBS Ávila Estación;Urbano;C.A.U. Salamanca;Salamanca;Salamanca;66;Hombre
2025-09-23T22:14:00+02:00;2025-09-30T15:27:00+02:00;Martes;Martes;ZBS San Juan;Urbano;C.A.U. Salamanca;Salamanca;Salamanca;91;Mujer
2025-09-23T21:49:00+02:00;2025-09-30T21:51:00+02:00;Martes;Martes;ZBS Bañeza II;Rural;C.A.U. León;León;León;64;Mujer
2025-09-23T20:02:00+02:00;2025-10-17T21:55:00+02:00;Martes;Viernes;Zona Desconocida;Otra;C.A.U. Salamanca;Salamanca;Salamanca;75;Hombre
2025-09-23T19:34:00+02:00;2025-09-25T16:30:00+02:00;Martes;Jueves;ZBS San Pablo;Urbano;H.C.U. Valladolid;Valladolid Este;Valladolid;81;Hombre
2025-09-23T18:09:00+02:00;2025-09-29T17:25:00+02:00;Martes;Lunes;ZBS Villablino;Rural;C.A.U. León;León;León;70;Mujer
2025-09-23T17:06:00+02:00;2025-10-05T14:00:00+02:00;Martes;Domingo;ZBS El Espinar;Rural;C.A. Segovia;Segovia;Segovia;68;Hombre
2025-09-23T16:08:00+02:00;2025-10-15T18:09:00+02:00;Martes;Miércoles;ZBS Miranda Este;Urbano;H. Santiago Apóstol;Burgos;Burgos;92;Mujer
2025-09-23T06:40:00+02:00;2025-09-30T21:30:00+02:00;Martes;Martes;ZBS Sepúlveda;Rural;C.A.U. Burgos;Burgos;Burgos;71;Hombre
2025-09-23T01:20:00+02:00;2025-09-26T16:43:00+02:00;Lunes;Viernes;ZBS Astorga I;Urbano;C.A.U. León;León;León;77;Mujer
2025-09-23T00:18:00+02:00;2025-10-02T20:01:00+02:00;Lunes;Jueves;ZBS Delicias I;Urbano;H.U. Río Hortega;Valladolid Oeste;Valladolid;79;Mujer
2025-09-22T20:27:00+02:00;2025-10-08T15:49:00+02:00;Lunes;Miércoles;ZBS Ponferrada III;Urbano;H. El Bierzo;Bierzo;León;51;Hombre
2025-09-22T20:27:00+02:00;2025-10-02T15:41:00+02:00;Lunes;Jueves;ZBS Benavente Norte;Urbano;C.A. Zamora;Zamora;Zamora;93;Mujer
2025-09-22T19:50:00+02:00;2025-09-27T01:35:00+02:00;Lunes;Viernes;ZBS Santa Marta de Tormes;Rural;C.A.U. Salamanca;Salamanca;Salamanca;79;Mujer
2025-09-22T19:25:00+02:00;2025-09-30T21:51:00+02:00;Lunes;Martes;ZBS Ribera del Órbigo;Rural;C.A.U. León;León;León;79;Hombre
2025-09-22T19:00:00+02:00;2025-09-26T14:54:00+02:00;Lunes;Viernes;ZBS Virgen de la Concha;Urbano;C.A. Zamora;Zamora;Zamora;79;Mujer
2025-09-22T16:40:00+02:00;2025-09-26T15:22:00+02:00;Lunes;Viernes;ZBS Toro;Urbano;C.A. Zamora;Zamora;Zamora;76;Hombre
2025-09-22T04:03:00+02:00;2025-09-27T08:15:00+02:00;Lunes;Sábado;ZBS Quintanar de la Sierra;Rural;C.A.U. Burgos;Burgos;Burgos;89;Mujer
2025-09-22T04:03:00+02:00;2025-09-24T15:45:00+02:00;Lunes;Miércoles;ZBS Herrera de Pisuerga;Rural;H.C.U. Valladolid;Valladolid Este;Valladolid;69;Hombre
2025-09-22T02:35:00+02:00;2025-09-29T20:13:00+02:00;Lunes;Lunes;ZBS Benavente Norte;Urbano;C.A.U. Salamanca;Salamanca;Salamanca;62;Hombre
2025-09-22T02:05:00+02:00;2025-09-30T18:02:00+02:00;Lunes;Martes;ZBS Lerma;Rural;C.A.U. Burgos;Burgos;Burgos;83;Hombre
2025-09-22T00:07:00+02:00;2025-09-26T19:45:00+02:00;Domingo;Viernes;ZBS Parquesol;Urbano;H.U. Río Hortega;Valladolid Oeste;Valladolid;72;Hombre
2025-09-21T22:54:00+02:00;2025-10-01T19:21:00+02:00;Domingo;Miércoles;ZBS Alba de Tormes;Rural;C.A.U. Salamanca;Salamanca;Salamanca;83;Mujer
2025-09-21T22:21:00+02:00;2025-09-30T21:41:00+02:00;Domingo;Martes;ZBS Cistierna;Rural;C.A.U. León;León;León;85;Mujer
2025-09-21T19:18:00+02:00;2025-09-24T18:38:00+02:00;Domingo;Miércoles;ZBS Cantalapiedra;Rural;C.A.U. Salamanca;Salamanca;Salamanca;70;Mujer
2025-09-21T18:48:00+02:00;2025-09-24T16:10:00+02:00;Domingo;Miércoles;ZBS Bierzo;Urbano;H. El Bierzo;Bierzo;León;56;Hombre
2025-09-21T18:28:00+02:00;2025-09-27T21:39:00+02:00;Domingo;Sábado;ZBS Periurbana Norte;Rural;C.A.U. Salamanca;Salamanca;Salamanca;88;Mujer
2025-09-21T18:13:00+02:00;2025-10-08T19:16:00+02:00;Domingo;Miércoles;ZBS Benavente Sur;Urbano;C.A.U. León;León;León;54;Mujer
2025-09-21T17:40:00+02:00;2025-09-25T18:15:00+02:00;Domingo;Jueves;ZBS La Magdalena;Rural;C.A.U. León;León;León;82;Mujer
2025-09-21T16:24:00+02:00;2025-09-24T15:18:00+02:00;Domingo;Miércoles;ZBS Benavente Sur;Urbano;C.A.U. León;León;León;58;Hombre
2025-09-21T14:29:00+02:00;2025-09-27T17:25:00+02:00;Domingo;Sábado;ZBS Cuenca del Bernesga;Rural;C.A.U. León;León;León;89;Mujer
2025-09-21T14:23:00+02:00;2025-09-23T22:00:00+02:00;Domingo;Martes;ZBS Baltanás;Rural;C.A.U. Palencia;Palencia;Palencia;79;Hombre
2025-09-21T03:18:00+02:00;2025-09-26T13:30:00+02:00;Domingo;Viernes;ZBS Segovia Rural;Rural;C.A. Segovia;Segovia;Segovia;95;Mujer
2025-09-21T02:47:00+02:00;2025-09-26T15:20:00+02:00;Domingo;Viernes;ZBS Riaza;Rural;C.A. Segovia;Segovia;Segovia;85;Mujer
2025-09-21T01:54:00+02:00;2025-09-25T16:29:00+02:00;Sábado;Jueves;ZBS José Aguado II;Urbano;C.A.U. León;León;León;62;Hombre
2025-09-21T01:37:00+02:00;2025-09-26T16:05:00+02:00;Sábado;Viernes;ZBS Cacabelos;Rural;H. El Bierzo;Bierzo;León;84;Hombre
2025-09-21T01:05:00+02:00;2025-10-02T21:35:00+02:00;Sábado;Jueves;ZBS La Palomera;Urbano;C.A.U. León;León;León;72;Mujer
2025-09-20T23:12:00+02:00;2025-10-22T21:29:00+02:00;Sábado;Miércoles;ZBS Eras de Renueva;Urbano;C.A.U. León;León;León;98;Mujer
2025-09-20T22:46:00+02:00;2025-09-26T17:44:00+02:00;Sábado;Viernes;ZBS Burgos Rural Sur;Rural;C.A.U. Burgos;Burgos;Burgos;80;Mujer
2025-09-20T21:28:00+02:00;2025-09-26T16:18:00+02:00;Sábado;Viernes;ZBS Miranda Oeste;Urbano;H. Santiago Apóstol;Burgos;Burgos;95;Mujer
2025-09-20T19:07:00+02:00;2025-09-29T20:10:00+02:00;Sábado;Lunes;ZBS Medina del Campo Urbano;Urbano;H.C.U. Valladolid;Valladolid Este;Valladolid;93;Mujer
2025-09-20T16:32:00+02:00;2025-09-23T20:58:00+02:00;Sábado;Martes;ZBS Parque Alameda-Covaresa;Urbano;H.U. Río Hortega;Valladolid Oeste;Valladolid;56;Hombre
2025-09-20T15:52:00+02:00;2025-09-24T09:06:00+02:00;Sábado;Miércoles;ZBS Soria Rural;Rural;C.A. Soria;Soria;Soria;84;Hombre
2025-09-20T05:08:00+02:00;2025-10-22T03:37:00+02:00;Sábado;Miércoles;ZBS Ávila Norte;Urbano;C.A. Ávila;Ávila;Ávila;66;Hombre
2025-09-20T03:31:00+02:00;2025-09-26T18:00:00+02:00;Sábado;Viernes;ZBS Segovia I;Urbano;C.A. Segovia;Segovia;Segovia;73;Hombre
2025-09-20T03:12:00+02:00;2025-10-01T18:27:00+02:00;Sábado;Miércoles;ZBS Santa Elena;Urbano;C.A.U. Salamanca;Salamanca;Salamanca;73;Hombre
2025-09-20T03:08:00+02:00;2025-09-24T16:24:00+02:00;Sábado;Miércoles;ZBS Huerta del Rey;Urbano;H.U. Río Hortega;Valladolid Oeste;Valladolid;91;Mujer
2025-09-20T01:16:00+02:00;2025-09-22T22:00:00+02:00;Viernes;Lunes;ZBS Garrido Norte;Urbano;C.A.U. Salamanca;Salamanca;Salamanca;82;Mujer
2025-09-20T00:36:00+02:00;2025-09-24T21:00:00+02:00;Viernes;Miércoles;ZBS Miranda del Castañar;Rural;C.A.U. Salamanca;Salamanca;Salamanca;84;Hombre
2025-09-19T22:43:00+02:00;2025-09-29T14:04:00+02:00;Viernes;Lunes;ZBS Segovia I;Urbano;C.A. Segovia;Segovia;Segovia;80;Hombre
2025-09-19T22:21:00+02:00;2025-09-23T06:45:00+02:00;Viernes;Martes;ZBS Plaza del Ejército;Urbano;H.U. Río Hortega;Valladolid Oeste;Valladolid;86;Mujer
2025-09-19T20:51:00+02:00;2025-09-26T09:41:00+02:00;Viernes;Viernes;ZBS Los Comuneros;Urbano;C.A.U. Burgos;Burgos;Burgos;87;Mujer
2025-09-19T20:25:00+02:00;2025-09-22T18:28:00+02:00;Viernes;Lunes;ZBS Toro;Urbano;C.A.U. Salamanca;Salamanca;Salamanca;76;Hombre
2025-09-19T20:04:00+02:00;2025-09-26T17:41:00+02:00;Viernes;Viernes;ZBS Santa Clara;Urbano;C.A.U. Burgos;Burgos;Burgos;72;Hombre
2025-09-19T19:17:00+02:00;2025-09-24T15:38:00+02:00;Viernes;Miércoles;ZBS Virgen de la Concha;Urbano;C.A. Zamora;Zamora;Zamora;73;Mujer
2025-09-19T16:27:00+02:00;2025-09-24T17:55:00+02:00;Viernes;Miércoles;ZBS Cuéllar;Urbano;C.A. Segovia;Segovia;Segovia;79;Mujer
2025-09-19T14:48:00+02:00;2025-09-24T20:49:00+02:00;Viernes;Miércoles;ZBS Medina del Campo Urbano;Urbano;H.C.U. Valladolid;Valladolid Este;Valladolid;90;Mujer
2025-09-19T12:03:00+02:00;2025-09-23T19:26:00+02:00;Viernes;Martes;ZBS Carrión de los Condes;Rural;H.C.U. Valladolid;Valladolid Este;Valladolid;81;Mujer
2025-09-19T05:56:00+02:00;2025-10-01T18:26:00+02:00;Viernes;Miércoles;ZBS Jardinillos;Urbano;C.A.U. Palencia;Palencia;Palencia;93;Mujer
2025-09-19T02:03:00+02:00;2025-09-22T21:09:00+02:00;Viernes;Lunes;ZBS Pizarrales-Vidal;Urbano;C.A.U. Salamanca;Salamanca;Salamanca;74;Hombre
2025-09-18T23:46:00+02:00;2025-09-24T17:59:00+02:00;Jueves;Miércoles;ZBS Zamora Norte;Rural;C.A. Zamora;Zamora;Zamora;75;Hombre
2025-09-18T23:19:00+02:00;2025-09-22T15:21:00+02:00;Jueves;Lunes;ZBS Soria Sur;Urbano;C.A. Soria;Soria;Soria;70;Mujer
2025-09-18T23:05:00+02:00;2025-10-16T16:17:00+02:00;Jueves;Jueves;ZBS Gamazo;Urbano;H.C.U. Valladolid;Valladolid Este;Valladolid;90;Mujer
2025-09-18T22:19:00+02:00;2025-09-29T21:10:00+02:00;Jueves;Lunes;ZBS Periurbana Norte;Rural;C.A.U. Salamanca;Salamanca;Salamanca;93;Hombre
2025-09-18T20:13:00+02:00;2025-09-24T19:54:00+02:00;Jueves;Miércoles;ZBS Ávila Sur Oeste;Urbano;C.A. Ávila;Ávila;Ávila;81;Mujer
2025-09-18T20:09:00+02:00;2025-10-02T20:30:00+02:00;Jueves;Jueves;ZBS Bañeza II;Rural;C.A.U. León;León;León;75;Hombre
2025-09-18T18:51:00+02:00;2025-09-24T16:11:00+02:00;Jueves;Miércoles;ZBS Bierzo;Urbano;H. El Bierzo;Bierzo;León;82;Mujer
2025-09-18T17:42:00+02:00;2025-09-24T17:51:00+02:00;Jueves;Miércoles;ZBS Cantalejo;Rural;C.A. Segovia;Segovia;Segovia;53;Hombre
2025-09-18T12:54:00+02:00;2025-09-25T17:51:00+02:00;Jueves;Jueves;ZBS Melgar Fernamental;Rural;C.A.U. Burgos;Burgos;Burgos;79;Hombre
2025-09-18T05:30:00+02:00;2025-10-07T19:18:00+02:00;Jueves;Martes;ZBS Delicias II;Urbano;H.U. Río Hortega;Valladolid Oeste;Valladolid;72;Hombre
2025-09-18T04:50:00+02:00;2025-09-26T23:16:00+02:00;Jueves;Viernes;ZBS Segovia II;Urbano;H.U. Río Hortega;Valladolid Oeste;Valladolid;61;Hombre
2025-09-18T04:38:00+02:00;2025-09-25T17:52:00+02:00;Jueves;Jueves;ZBS El Burgo de Osma;Rural;C.A.U. Burgos;Burgos;Burgos;89;Hombre
2025-09-18T03:26:00+02:00;2025-10-02T21:01:00+02:00;Jueves;Jueves;ZBS Pisuerga;Rural;H.C.U. Valladolid;Valladolid Este;Valladolid;93;Hombre
2025-09-18T02:08:00+02:00;2025-09-19T18:16:00+02:00;Jueves;Viernes;ZBS Virgen de la Concha;Urbano;C.A.U. Salamanca;Salamanca;Salamanca;73;Mujer
2025-09-18T01:30:00+02:00;2025-09-23T15:55:00+02:00;Miércoles;Martes;ZBS Cacabelos;Rural;H. El Bierzo;Bierzo;León;97;Mujer
2025-09-18T01:26:00+02:00;2025-09-30T17:18:00+02:00;Miércoles;Martes;ZBS Tábara;Rural;C.A. Zamora;Zamora;Zamora;98;Mujer
2025-09-18T00:17:00+02:00;2025-09-30T18:37:00+02:00;Miércoles;Martes;ZBS Tudela;Rural;H.C.U. Valladolid;Valladolid Este;Valladolid;81;Hombre
2025-09-17T22:34:00+02:00;2025-09-23T19:46:00+02:00;Miércoles;Martes;ZBS Aranda Rural;Rural;H. Santos Reyes;Burgos;Burgos;89;Hombre
2025-09-17T21:58:00+02:00;2025-09-22T18:27:00+02:00;Miércoles;Lunes;ZBS Barco de Ávila;Rural;C.A. Ávila;Ávila;Ávila;71;Hombre
2025-09-17T21:38:00+02:00;2025-09-29T20:48:00+02:00;Miércoles;Lunes;ZBS Eras de Renueva;Urbano;C.A.U. León;León;León;85;Hombre
2025-09-17T20:10:00+02:00;2025-09-30T18:03:00+02:00;Miércoles;Martes;ZBS Belorado;Rural;C.A.U. Burgos;Burgos;Burgos;64;Hombre
2025-09-17T19:14:00+02:00;2025-09-29T19:49:00+02:00;Miércoles;Lunes;ZBS Aranda Norte;Urbano;H. Santos Reyes;Burgos;Burgos;98;Mujer
2025-09-17T18:53:00+02:00;2025-09-19T18:05:00+02:00;Miércoles;Viernes;ZBS La Palomera;Urbano;C.A.U. León;León;León;82;Hombre
2025-09-17T18:32:00+02:00;2025-09-19T17:38:00+02:00;Miércoles;Viernes;ZBS Mayorga de Campos;Rural;H.U. Río Hortega;Valladolid Oeste;Valladolid;78;Mujer
2025-09-17T18:26:00+02:00;2025-09-19T17:32:00+02:00;Miércoles;Viernes;ZBS Parque Alameda-Covaresa;Urbano;H.U. Río Hortega;Valladolid Oeste;Valladolid;75;Mujer
2025-09-17T17:52:00+02:00;2025-09-21T16:19:00+02:00;Miércoles;Domingo;ZBS Ciudad Rodrigo;Urbano;C.A.U. Salamanca;Salamanca;Salamanca;82;Mujer
2025-09-17T17:33:00+02:00;2025-09-22T19:05:00+02:00;Miércoles;Lunes;Zona Desconocida;Otra;C.A.U. León;León;León;76;Hombre
2025-09-17T16:19:00+02:00;2025-09-23T18:05:00+02:00;Miércoles;Martes;ZBS Parquesol;Urbano;H.U. Río Hortega;Valladolid Oeste;Valladolid;81;Mujer
2025-09-17T15:08:00+02:00;2025-10-14T21:23:00+02:00;Miércoles;Martes;ZBS Aranda Rural;Rural;C.A.U. Burgos;Burgos;Burgos;73;Hombre
2025-09-17T14:44:00+02:00;2025-09-18T00:04:00+02:00;Miércoles;Miércoles;ZBS Virgen de la Concha;Urbano;C.A. Zamora;Zamora;Zamora;73;Mujer
2025-09-17T14:32:00+02:00;2025-10-24T21:43:00+02:00;Miércoles;Viernes;ZBS Cistierna;Rural;C.A.U. León;León;León;57;Hombre
2025-09-17T14:20:00+02:00;2025-10-03T09:00:00+02:00;Miércoles;Viernes;ZBS Frómista;Rural;C.A.U. Palencia;Palencia;Palencia;85;Hombre
2025-09-17T08:56:00+02:00;2025-09-22T16:21:00+02:00;Miércoles;Lunes;Zona Desconocida;Otra;C.A.U. Burgos;Burgos;Burgos;56;Hombre
2025-09-17T01:56:00+02:00;2025-09-17T17:29:00+02:00;Martes;Miércoles;ZBS Parque Alameda-Covaresa;Urbano;H.C.U. Valladolid;Valladolid Este;Valladolid;75;Mujer
2025-09-17T01:54:00+02:00;2025-09-23T17:45:00+02:00;Martes;Martes;ZBS José Aguado I;Urbano;C.A.U. León;León;León;70;Mujer
2025-09-16T23:03:00+02:00;2025-09-30T15:49:00+02:00;Martes;Martes;ZBS Las Navas del Marqués;Urbano;C.A. Ávila;Ávila;Ávila;92;Mujer
2025-09-16T22:32:00+02:00;2025-09-19T17:54:00+02:00;Martes;Viernes;ZBS El Espinar;Rural;C.A. Segovia;Segovia;Segovia;63;Mujer
2025-09-16T21:45:00+02:00;2025-09-19T18:05:00+02:00;Martes;Viernes;ZBS Nava de la Asunción;Rural;C.A. Segovia;Segovia;Segovia;82;Mujer
2025-09-16T19:54:00+02:00;2025-09-23T15:55:00+02:00;Martes;Martes;ZBS Bembibre;Rural;H. El Bierzo;Bierzo;León;86;Mujer
2025-09-16T18:35:00+02:00;2025-09-30T16:13:00+02:00;Martes;Martes;ZBS José Aguado II;Urbano;C.A.U. León;León;León;56;Hombre
2025-09-16T18:03:00+02:00;2025-09-21T16:20:00+02:00;Martes;Domingo;ZBS Segovia Rural;Rural;C.A.U. Salamanca;Salamanca;Salamanca;88;Hombre
2025-09-16T16:51:00+02:00;2025-09-19T18:06:00+02:00;Martes;Viernes;ZBS El Burgo de Osma;Rural;C.A. Soria;Soria;Soria;70;Hombre
2025-09-16T16:00:00+02:00;2025-09-30T16:13:00+02:00;Martes;Martes;ZBS Valencia de D. Juan;Rural;C.A.U. León;León;León;91;Hombre
2025-09-16T13:44:00+02:00;2025-09-23T19:26:00+02:00;Martes;Martes;ZBS Circular;Urbano;H.C.U. Valladolid;Valladolid Este;Valladolid;55;Mujer
2025-09-16T09:32:00+02:00;2025-09-23T15:11:00+02:00;Martes;Martes;ZBS Cigales;Rural;H.C.U. Valladolid;Valladolid Este;Valladolid;69;Hombre
2025-09-16T03:35:00+02:00;2025-09-17T15:38:00+02:00;Martes;Miércoles;ZBS Zamora Sur;Rural;C.A. Zamora;Zamora;Zamora;67;Hombre
2025-09-16T03:14:00+02:00;2025-10-10T19:10:00+02:00;Martes;Viernes;ZBS Bierzo;Urbano;C.A.U. León;León;León;70;Mujer
2025-09-16T02:23:00+02:00;2025-09-22T18:43:00+02:00;Martes;Lunes;ZBS Boñar;Rural;H.C.U. Valladolid;Valladolid Este;Valladolid;65;Hombre
2025-09-16T01:43:00+02:00;2025-09-23T17:45:00+02:00;Lunes;Martes;ZBS Cistierna;Rural;C.A.U. León;León;León;49;Mujer
2025-09-16T01:23:00+02:00;2025-09-18T19:04:00+02:00;Lunes;Jueves;ZBS Portillo;Rural;H.C.U. Valladolid;Valladolid Este;Valladolid;85;Mujer
2025-09-16T00:30:00+02:00;2025-09-22T22:00:00+02:00;Lunes;Lunes;ZBS Guijuelo;Rural;C.A.U. Salamanca;Salamanca;Salamanca;90;Hombre
2025-09-15T23:58:00+02:00;2025-09-24T19:46:00+02:00;Lunes;Miércoles;ZBS Riaño;Rural;C.A.U. León;León;León;82;Hombre
2025-09-15T23:29:00+02:00;2025-09-23T16:00:00+02:00;Lunes;Martes;ZBS Ávila Estación;Urbano;C.A. Ávila;Ávila;Ávila;56;Mujer
2025-09-15T22:51:00+02:00;2025-09-23T15:11:00+02:00;Lunes;Martes;ZBS El Espinar;Rural;H.C.U. Valladolid;Valladolid Este;Valladolid;68;Hombre
2025-09-15T22:24:00+02:00;2025-09-23T18:24:00+02:00;Lunes;Martes;ZBS Ciudad Rodrigo;Urbano;C.A.U. Salamanca;Salamanca;Salamanca;93;Hombre
2025-09-15T21:10:00+02:00;2025-09-25T16:16:00+02:00;Lunes;Jueves;ZBS Pintor Oliva;Urbano;C.A.U. Palencia;Palencia;Palencia;83;Mujer
2025-09-15T20:52:00+02:00;2025-10-07T14:30:00+02:00;Lunes;Martes;Zona Desconocida;Otra;H.U. Río Hortega;Valladolid Oeste;Valladolid;56;Hombre
2025-09-15T19:07:00+02:00;2025-09-18T22:29:00+02:00;Lunes;Jueves;ZBS Sahagún de Campos;Rural;C.A.U. León;León;León;73;Hombre
2025-09-15T18:51:00+02:00;2025-09-22T17:23:00+02:00;Lunes;Lunes;ZBS Tordesillas;Rural;H.U. Río Hortega;Valladolid Oeste;Valladolid;65;Hombre
2025-09-15T18:29:00+02:00;2025-09-19T17:21:00+02:00;Lunes;Viernes;ZBS Arturo Eyries;Urbano;H.U. Río Hortega;Valladolid Oeste;Valladolid;55;Hombre
2025-09-15T17:03:00+02:00;2025-09-19T18:06:00+02:00;Lunes;Viernes;ZBS Soria Sur;Urbano;C.A. Soria;Soria;Soria;70;Mujer
2025-09-15T16:24:00+02:00;2025-11-27T14:29:00+01:00;Lunes;Jueves;ZBS Periurbana Norte;Rural;C.A.U. Salamanca;Salamanca;Salamanca;60;Hombre
2025-09-15T15:40:00+02:00;2025-09-19T18:05:00+02:00;Lunes;Viernes;ZBS Soria Sur;Urbano;C.A. Soria;Soria;Soria;83;Hombre
2025-09-15T14:49:00+02:00;2025-09-22T18:31:00+02:00;Lunes;Lunes;ZBS Virgen de la Concha;Urbano;C.A.U. Salamanca;Salamanca;Salamanca;79;Mujer
2025-09-15T14:14:00+02:00;2025-09-19T18:08:00+02:00;Lunes;Viernes;ZBS Segovia I;Urbano;C.A. Segovia;Segovia;Segovia;85;Hombre
2025-09-15T14:02:00+02:00;2025-09-23T16:10:00+02:00;Lunes;Martes;ZBS La Palomera;Urbano;C.A.U. León;León;León;89;Hombre
2025-09-15T12:47:00+02:00;2025-09-16T15:30:00+02:00;Lunes;Martes;ZBS Pintor Oliva;Urbano;H.C.U. Valladolid;Valladolid Este;Valladolid;70;Hombre
2025-09-15T10:50:00+02:00;2025-09-17T13:52:00+02:00;Lunes;Miércoles;ZBS Segovia II;Urbano;H.U. Río Hortega;Valladolid Oeste;Valladolid;77;Hombre
2025-09-15T06:30:00+02:00;2025-09-16T13:30:00+02:00;Lunes;Martes;ZBS Segovia III;Urbano;C.A. Segovia;Segovia;Segovia;66;Hombre
2025-09-15T06:09:00+02:00;2025-09-22T17:39:00+02:00;Lunes;Lunes;ZBS El Espinar;Rural;C.A. Segovia;Segovia;Segovia;57;Mujer
2025-09-15T04:44:00+02:00;2025-09-15T13:11:00+02:00;Lunes;Lunes;ZBS Serrada;Rural;H.C.U. Valladolid;Valladolid Este;Valladolid;80;Hombre
2025-09-14T22:59:00+02:00;2025-09-17T15:39:00+02:00;Domingo;Miércoles;ZBS Cebreros;Rural;C.A. Ávila;Ávila;Ávila;78;Mujer
2025-09-14T22:56:00+02:00;2025-09-19T18:31:00+02:00;Domingo;Viernes;ZBS Santa Clara;Urbano;C.A.U. Burgos;Burgos;Burgos;82;Mujer
2025-09-14T22:36:00+02:00;2025-10-17T22:38:00+02:00;Domingo;Viernes;ZBS Astorga I;Urbano;C.A.U. León;León;León;87;Hombre
2025-09-14T19:29:00+02:00;2025-09-18T16:24:00+02:00;Domingo;Jueves;ZBS Santa Elena;Urbano;C.A.U. Salamanca;Salamanca;Salamanca;74;Hombre
2025-09-14T18:16:00+02:00;2025-09-26T17:44:00+02:00;Domingo;Viernes;ZBS Medina de Pomar;Rural;C.A.U. Burgos;Burgos;Burgos;91;Hombre
2025-09-14T18:11:00+02:00;2025-09-19T19:34:00+02:00;Domingo;Viernes;ZBS De la Puebla;Urbano;C.A.U. Palencia;Palencia;Palencia;68;Hombre
2025-09-14T17:10:00+02:00;2025-09-17T19:07:00+02:00;Domingo;Miércoles;ZBS I. López Sáiz;Urbano;C.A.U. Burgos;Burgos;Burgos;75;Hombre
2025-09-14T15:47:00+02:00;2025-10-07T12:16:00+02:00;Domingo;Martes;ZBS Canterac;Urbano;H.U. Río Hortega;Valladolid Oeste;Valladolid;88;Mujer
2025-09-14T15:37:00+02:00;2025-09-29T17:51:00+02:00;Domingo;Lunes;ZBS San Agustín;Urbano;C.A.U. Burgos;Burgos;Burgos;90;Mujer
2025-09-14T12:25:00+02:00;2025-09-16T19:37:00+02:00;Domingo;Martes;ZBS Bembibre;Rural;C.A.U. León;León;León;86;Mujer
2025-09-14T06:52:00+02:00;2025-09-23T18:18:00+02:00;Domingo;Martes;ZBS Cantalejo;Rural;C.A. Segovia;Segovia;Segovia;87;Hombre
2025-09-14T05:53:00+02:00;2025-09-17T20:03:00+02:00;Domingo;Miércoles;ZBS Pisuerga;Rural;H.U. Río Hortega;Valladolid Oeste;Valladolid;77;Hombre
2025-09-14T05:50:00+02:00;2025-09-19T17:53:00+02:00;Domingo;Viernes;Zona Desconocida;Otra;C.A. Segovia;Segovia;Segovia;87;Mujer
2025-09-14T05:28:00+02:00;2025-09-19T08:25:00+02:00;Domingo;Viernes;ZBS Trobajo del Camino;Rural;C.A.U. León;León;León;72;Hombre
2025-09-14T00:37:00+02:00;2025-09-29T21:48:00+02:00;Sábado;Lunes;ZBS Crucero;Urbano;C.A.U. León;León;León;60;Mujer
2025-09-13T20:24:00+02:00;2025-09-19T17:39:00+02:00;Sábado;Viernes;ZBS Periurbana Norte;Rural;C.A.U. Salamanca;Salamanca;Salamanca;66;Hombre
2025-09-13T18:44:00+02:00;2025-09-24T21:11:00+02:00;Sábado;Miércoles;ZBS Matallana de Torio;Rural;C.A.U. León;León;León;92;Hombre
2025-09-13T18:08:00+02:00;2025-09-22T21:26:00+02:00;Sábado;Lunes;ZBS Tudela;Rural;H.C.U. Valladolid;Valladolid Este;Valladolid;82;Hombre
2025-09-13T15:22:00+02:00;2025-09-19T18:22:00+02:00;Sábado;Viernes;ZBS Santa Clara;Urbano;C.A.U. Burgos;Burgos;Burgos;58;Hombre
2025-09-13T15:17:00+02:00;2025-09-15T13:24:00+02:00;Sábado;Lunes;ZBS Portillo;Rural;H.C.U. Valladolid;Valladolid Este;Valladolid;57;Hombre
2025-09-13T13:40:00+02:00;2025-09-14T10:19:00+02:00;Sábado;Domingo;ZBS Benavente Norte;Urbano;C.A. Zamora;Zamora;Zamora;88;Hombre
2025-09-13T03:58:00+02:00;2025-10-28T10:52:00+01:00;Sábado;Martes;ZBS Medina del Campo Urbano;Urbano;H.C.U. Valladolid;Valladolid Este;Valladolid;87;Mujer
2025-09-13T02:04:00+02:00;2025-09-18T18:21:00+02:00;Sábado;Jueves;ZBS Plaza del Ejército;Urbano;H.U. Río Hortega;Valladolid Oeste;Valladolid;72;Mujer
2025-09-13T01:15:00+02:00;2025-09-23T20:34:00+02:00;Viernes;Martes;ZBS Portillo;Rural;H.C.U. Valladolid;Valladolid Este;Valladolid;85;Mujer
2025-09-13T00:43:00+02:00;2025-09-17T18:34:00+02:00;Viernes;Miércoles;ZBS Zamora Norte;Rural;C.A.U. Salamanca;Salamanca;Salamanca;74;Hombre
2025-09-13T00:42:00+02:00;2025-09-23T15:10:00+02:00;Viernes;Martes;ZBS Garrido Sur;Urbano;C.A.U. Salamanca;Salamanca;Salamanca;92;Mujer
2025-09-12T23:30:00+02:00;2025-09-17T19:03:00+02:00;Viernes;Miércoles;ZBS El Espinar;Rural;C.A. Segovia;Segovia;Segovia;50;Hombre
2025-09-12T21:51:00+02:00;2025-09-17T18:18:00+02:00;Viernes;Miércoles;ZBS Garrido Sur;Urbano;C.A.U. Salamanca;Salamanca;Salamanca;83;Mujer
2025-09-12T21:49:00+02:00;2025-09-23T15:12:00+02:00;Viernes;Martes;ZBS San Leonardo de Yagüe;Rural;C.A. Soria;Soria;Soria;92;Mujer
2025-09-12T20:02:00+02:00;2025-09-18T16:10:00+02:00;Viernes;Jueves;ZBS Ponferrada IV;Urbano;H. El Bierzo;Bierzo;León;87;Mujer
2025-09-12T19:45:00+02:00;2025-09-17T20:14:00+02:00;Viernes;Miércoles;ZBS Alamedilla;Urbano;C.A.U. Salamanca;Salamanca;Salamanca;91;Mujer
2025-09-12T19:15:00+02:00;2025-09-22T10:16:00+02:00;Viernes;Lunes;ZBS Parada del Molino;Urbano;C.A. Zamora;Zamora;Zamora;69;Hombre
2025-09-12T18:50:00+02:00;2025-09-26T21:15:00+02:00;Viernes;Viernes;ZBS Astorga I;Urbano;C.A.U. León;León;León;88;Mujer
2025-09-12T18:45:00+02:00;2025-09-19T18:25:00+02:00;Viernes;Viernes;ZBS Cristobal Acosta;Urbano;C.A.U. Burgos;Burgos;Burgos;87;Mujer
2025-09-12T17:59:00+02:00;2025-09-15T18:10:00+02:00;Viernes;Lunes;ZBS Gamonal Antigua;Urbano;C.A.U. Burgos;Burgos;Burgos;80;Hombre
2025-09-12T17:28:00+02:00;2025-09-14T17:07:00+02:00;Viernes;Domingo;ZBS Los Comuneros;Urbano;C.A.U. Burgos;Burgos;Burgos;85;Mujer
2025-09-12T17:14:00+02:00;2025-09-22T21:22:00+02:00;Viernes;Lunes;ZBS Rondilla II;Urbano;H.C.U. Valladolid;Valladolid Este;Valladolid;77;Mujer
2025-09-12T17:00:00+02:00;2025-10-22T18:30:00+02:00;Viernes;Miércoles;ZBS Soria Norte;Urbano;C.A. Soria;Soria;Soria;83;Mujer
2025-09-12T16:16:00+02:00;2025-09-18T20:42:00+02:00;Viernes;Jueves;ZBS Linares de Riofrío;Rural;C.A.U. Salamanca;Salamanca;Salamanca;87;Hombre
2025-09-12T15:57:00+02:00;2025-09-22T11:50:00+02:00;Viernes;Lunes;ZBS Aranda Sur;Urbano;H. Santos Reyes;Burgos;Burgos;81;Hombre
2025-09-12T15:24:00+02:00;2025-09-19T18:32:00+02:00;Viernes;Viernes;ZBS Gamonal las Torres;Urbano;C.A.U. Burgos;Burgos;Burgos;91;Hombre
2025-09-12T15:18:00+02:00;2025-09-19T16:46:00+02:00;Viernes;Viernes;ZBS Segovia I;Urbano;H.U. Río Hortega;Valladolid Oeste;Valladolid;69;Hombre
2025-09-12T15:08:00+02:00;2025-09-18T16:10:00+02:00;Viernes;Jueves;ZBS Bembibre;Rural;H. El Bierzo;Bierzo;León;50;Mujer
2025-09-12T15:00:00+02:00;2025-09-15T17:17:00+02:00;Viernes;Lunes;ZBS Arturo Eyries;Urbano;H.C.U. Valladolid;Valladolid Este;Valladolid;55;Hombre
2025-09-12T10:30:00+02:00;2025-09-12T16:21:00+02:00;Viernes;Viernes;ZBS Gamazo;Urbano;H.C.U. Valladolid;Valladolid Este;Valladolid;2;Mujer
2025-09-12T10:25:00+02:00;2025-10-02T18:03:00+02:00;Viernes;Jueves;ZBS Ledesma;Rural;C.A.U. Salamanca;Salamanca;Salamanca;51;Hombre
2025-09-12T05:44:00+02:00;2025-09-18T14:08:00+02:00;Viernes;Jueves;ZBS Carbonero El Mayor;Rural;H.C.U. Valladolid;Valladolid Este;Valladolid;83;Hombre
2025-09-12T03:06:00+02:00;2025-09-16T19:02:00+02:00;Viernes;Martes;ZBS Ólvega;Rural;C.A.U. Burgos;Burgos;Burgos;84;Hombre
2025-09-12T02:16:00+02:00;2025-09-15T18:35:00+02:00;Viernes;Lunes;ZBS San Juan;Urbano;C.A.U. Salamanca;Salamanca;Salamanca;75;Mujer
2025-09-12T01:58:00+02:00;2025-09-18T07:56:00+02:00;Jueves;Jueves;ZBS San Juan;Urbano;C.A.U. Salamanca;Salamanca;Salamanca;86;Mujer
2025-09-12T01:14:00+02:00;2025-09-15T20:15:00+02:00;Jueves;Lunes;ZBS Pintor Oliva;Urbano;H.C.U. Valladolid;Valladolid Este;Valladolid;83;Mujer
2025-09-11T23:13:00+02:00;2025-09-15T18:15:00+02:00;Jueves;Lunes;ZBS Santibañez de Vidriales;Rural;C.A.U. Salamanca;Salamanca;Salamanca;86;Hombre
2025-09-11T22:47:00+02:00;2025-09-28T09:42:00+02:00;Jueves;Domingo;ZBS García Lorca;Urbano;C.A.U. Burgos;Burgos;Burgos;87;Mujer
2025-09-11T21:40:00+02:00;2025-09-16T16:38:00+02:00;Jueves;Martes;ZBS Soria Sur;Urbano;C.A. Soria;Soria;Soria;93;Mujer
2025-09-11T21:18:00+02:00;2025-09-13T21:28:00+02:00;Jueves;Sábado;ZBS Miguel Armijo;Urbano;C.A.U. Salamanca;Salamanca;Salamanca;77;Mujer
2025-09-11T20:45:00+02:00;2025-10-01T18:10:00+02:00;Jueves;Miércoles;ZBS Jardinillos;Urbano;C.A.U. Palencia;Palencia;Palencia;73;Hombre
2025-09-11T20:16:00+02:00;2025-09-16T00:00:00+02:00;Jueves;Lunes;ZBS Garrido Sur;Urbano;C.A.U. Salamanca;Salamanca;Salamanca;82;Hombre
2025-09-11T20:12:00+02:00;2025-09-18T13:02:00+02:00;Jueves;Jueves;ZBS Santa Elena;Urbano;C.A. Zamora;Zamora;Zamora;68;Hombre
2025-09-11T20:04:00+02:00;2025-09-19T16:12:00+02:00;Jueves;Viernes;ZBS Serrada;Rural;H.C.U. Valladolid;Valladolid Este;Valladolid;87;Hombre
2025-09-11T19:39:00+02:00;2025-09-19T16:46:00+02:00;Jueves;Viernes;ZBS Laguna de Duero;Rural;H.U. Río Hortega;Valladolid Oeste;Valladolid;44;Hombre
2025-09-11T17:05:00+02:00;2025-09-15T15:16:00+02:00;Jueves;Lunes;ZBS Cistierna;Rural;C.A.U. León;León;León;87;Hombre
2025-09-11T16:12:00+02:00;2025-09-27T20:44:00+02:00;Jueves;Sábado;Zona Desconocida;Otra;C.A. Segovia;Segovia;Segovia;90;Hombre
2025-09-11T14:41:00+02:00;2025-09-23T19:30:00+02:00;Jueves;Martes;ZBS Aguilar de Campoo;Rural;C.A.U. Burgos;Burgos;Burgos;52;Hombre
2025-09-11T13:43:00+02:00;2025-09-26T21:33:00+02:00;Jueves;Viernes;ZBS José Aguado II;Urbano;C.A.U. León;León;León;83;Mujer
2025-09-11T05:06:00+02:00;2025-09-17T14:36:00+02:00;Jueves;Miércoles;ZBS Circular;Urbano;H.C.U. Valladolid;Valladolid Este;Valladolid;67;Mujer
2025-09-11T02:58:00+02:00;2025-09-22T18:34:00+02:00;Jueves;Lunes;ZBS Parque Alameda-Covaresa;Urbano;H.U. Río Hortega;Valladolid Oeste;Valladolid;77;Mujer
2025-09-11T02:38:00+02:00;2025-09-11T16:28:00+02:00;Jueves;Jueves;ZBS Cacabelos;Rural;H. El Bierzo;Bierzo;León;95;Mujer
2025-09-11T02:27:00+02:00;2025-09-16T15:33:00+02:00;Jueves;Martes;ZBS Benavente Norte;Urbano;C.A. Zamora;Zamora;Zamora;34;Hombre
2025-09-10T23:30:00+02:00;2025-09-15T16:05:00+02:00;Miércoles;Lunes;ZBS Puebla de Sanabria;Rural;C.A. Zamora;Zamora;Zamora;87;Hombre
2025-09-10T22:52:00+02:00;2025-09-16T18:12:00+02:00;Miércoles;Martes;ZBS Mota del Marqués;Rural;H.U. Río Hortega;Valladolid Oeste;Valladolid;81;Mujer
2025-09-10T19:52:00+02:00;2025-09-12T19:10:00+02:00;Miércoles;Viernes;ZBS Nava de la Asunción;Rural;C.A. Segovia;Segovia;Segovia;72;Hombre
2025-09-10T19:42:00+02:00;2025-09-19T19:15:00+02:00;Miércoles;Viernes;ZBS Aranda Norte;Urbano;H. Santos Reyes;Burgos;Burgos;82;Hombre
2025-09-10T19:26:00+02:00;2025-09-17T20:13:00+02:00;Miércoles;Miércoles;ZBS Periurbana Norte;Rural;C.A.U. Salamanca;Salamanca;Salamanca;56;Hombre
2025-09-10T19:15:00+02:00;2025-09-16T14:37:00+02:00;Miércoles;Martes;ZBS Toro;Urbano;C.A. Zamora;Zamora;Zamora;79;Mujer
2025-09-10T17:13:00+02:00;2025-09-12T18:16:00+02:00;Miércoles;Viernes;ZBS Arturo Eyries;Urbano;H.U. Río Hortega;Valladolid Oeste;Valladolid;81;Mujer
2025-09-10T17:12:00+02:00;2025-09-15T21:23:00+02:00;Miércoles;Lunes;ZBS Riaño;Rural;C.A.U. León;León;León;83;Hombre
2025-09-10T17:03:00+02:00;2025-09-13T15:48:00+02:00;Miércoles;Sábado;ZBS Periurbana Norte;Rural;C.A.U. Salamanca;Salamanca;Salamanca;64;Hombre
2025-09-10T16:31:00+02:00;2025-09-13T12:29:00+02:00;Miércoles;Sábado;ZBS Benavente Norte;Urbano;C.A.U. León;León;León;88;Hombre
2025-09-10T14:30:00+02:00;2025-09-15T15:52:00+02:00;Miércoles;Lunes;ZBS Zamora Norte;Rural;C.A. Zamora;Zamora;Zamora;90;Mujer
2025-09-10T12:48:00+02:00;2025-09-27T01:30:00+02:00;Miércoles;Viernes;ZBS Segovia Rural;Rural;H.U. Río Hortega;Valladolid Oeste;Valladolid;52;Mujer
2025-09-10T09:37:00+02:00;2025-09-11T14:38:00+02:00;Miércoles;Jueves;ZBS Segovia Rural;Rural;C.A. Segovia;Segovia;Segovia;52;Mujer
2025-09-10T09:34:00+02:00;2025-09-11T19:45:00+02:00;Miércoles;Jueves;ZBS Santa Elena;Urbano;C.A.U. Salamanca;Salamanca;Salamanca;68;Hombre
2025-09-10T08:27:00+02:00;2025-09-19T16:06:00+02:00;Miércoles;Viernes;ZBS Rondilla I;Urbano;H.C.U. Valladolid;Valladolid Este;Valladolid;87;Mujer
2025-09-10T04:15:00+02:00;2025-09-16T16:30:00+02:00;Miércoles;Martes;ZBS Paredes de Nava;Rural;H.C.U. Valladolid;Valladolid Este;Valladolid;68;Hombre
2025-09-09T21:47:00+02:00;2025-09-11T15:28:00+02:00;Martes;Jueves;ZBS Benavente Norte;Urbano;C.A. Zamora;Zamora;Zamora;68;Hombre
2025-09-09T21:46:00+02:00;2025-09-12T19:10:00+02:00;Martes;Viernes;ZBS Ciudad Rodrigo;Urbano;C.A.U. Salamanca;Salamanca;Salamanca;88;Mujer
2025-09-09T20:55:00+02:00;2025-09-15T17:23:00+02:00;Martes;Lunes;ZBS San Andrés del Rabanedo;Rural;C.A.U. León;León;León;85;Hombre
2025-09-09T20:18:00+02:00;2025-09-16T19:04:00+02:00;Martes;Martes;ZBS Eras del Bosque;Urbano;C.A.U. Palencia;Palencia;Palencia;75;Hombre
2025-09-09T19:51:00+02:00;2025-09-25T14:49:00+02:00;Martes;Jueves;ZBS Ávila Estación;Urbano;C.A. Ávila;Ávila;Ávila;46;Mujer
2025-09-09T18:33:00+02:00;2025-09-16T16:40:00+02:00;Martes;Martes;ZBS Laguna de Duero;Rural;H.U. Río Hortega;Valladolid Oeste;Valladolid;92;Hombre
2025-09-09T17:56:00+02:00;2025-09-16T15:53:00+02:00;Martes;Martes;ZBS Cacabelos;Rural;H. El Bierzo;Bierzo;León;95;Mujer
2025-09-09T17:22:00+02:00;2025-09-12T17:40:00+02:00;Martes;Viernes;ZBS Guardo;Rural;C.A.U. León;León;León;71;Hombre
2025-09-09T17:12:00+02:00;2025-09-11T13:45:00+02:00;Martes;Jueves;ZBS Puerta Nueva;Urbano;C.A. Zamora;Zamora;Zamora;74;Mujer
2025-09-09T15:31:00+02:00;2025-10-01T17:25:00+02:00;Martes;Miércoles;ZBS El Burgo de Osma;Rural;C.A. Soria;Soria;Soria;78;Hombre
2025-09-09T15:09:00+02:00;2025-09-16T15:50:00+02:00;Martes;Martes;ZBS Astorga I;Urbano;C.A.U. León;León;León;87;Mujer
2025-09-09T14:27:00+02:00;2025-10-01T11:45:00+02:00;Martes;Miércoles;ZBS Pisuerga;Rural;H.U. Río Hortega;Valladolid Oeste;Valladolid;87;Hombre
2025-09-09T13:38:00+02:00;2025-09-11T22:21:00+02:00;Martes;Jueves;ZBS Virgen de la Concha;Urbano;C.A. Zamora;Zamora;Zamora;94;Hombre
2025-09-09T13:31:00+02:00;2025-09-15T17:51:00+02:00;Martes;Lunes;ZBS Ribera del Órbigo;Rural;C.A.U. León;León;León;84;Mujer
2025-09-09T12:24:00+02:00;2025-09-25T14:06:00+02:00;Martes;Jueves;ZBS Gamonal Antigua;Urbano;C.A.U. Burgos;Burgos;Burgos;76;Mujer
2025-09-09T10:25:00+02:00;2025-09-22T23:05:00+02:00;Martes;Lunes;Zona Desconocida;Otra;C.A.U. Salamanca;Salamanca;Salamanca;65;Hombre
2025-09-09T02:25:00+02:00;2025-09-12T19:53:00+02:00;Martes;Viernes;ZBS Tordesillas;Rural;H.U. Río Hortega;Valladolid Oeste;Valladolid;79;Mujer
2025-09-09T00:59:00+02:00;2025-09-11T19:03:00+02:00;Lunes;Jueves;ZBS Baltanás;Rural;C.A.U. Palencia;Palencia;Palencia;75;Hombre
2025-09-09T00:48:00+02:00;2025-09-09T21:40:00+02:00;Lunes;Martes;ZBS Peñaranda;Rural;C.A.U. Salamanca;Salamanca;Salamanca;89;Hombre
2025-09-08T23:06:00+02:00;2025-09-10T16:33:00+02:00;Lunes;Miércoles;ZBS Circular;Urbano;H.C.U. Valladolid;Valladolid Este;Valladolid;80;Hombre
2025-09-08T22:57:00+02:00;2025-09-15T17:23:00+02:00;Lunes;Lunes;ZBS La Palomera;Urbano;C.A.U. León;León;León;76;Hombre
2025-09-08T22:09:00+02:00;2025-09-12T17:24:00+02:00;Lunes;Viernes;ZBS Condesa;Urbano;C.A.U. León;León;León;83;Mujer
2025-09-08T20:38:00+02:00;2025-09-12T19:30:00+02:00;Lunes;Viernes;ZBS San Juan;Urbano;C.A.U. Salamanca;Salamanca;Salamanca;78;Hombre
2025-09-08T20:06:00+02:00;2025-09-10T18:46:00+02:00;Lunes;Miércoles;ZBS Toro;Urbano;C.A.U. Salamanca;Salamanca;Salamanca;79;Mujer
2025-09-08T19:48:00+02:00;2025-09-11T16:19:00+02:00;Lunes;Jueves;ZBS Condesa;Urbano;C.A.U. León;León;León;80;Hombre
2025-09-08T16:06:00+02:00;2025-09-17T11:30:00+02:00;Lunes;Miércoles;ZBS Aguilar de Campoo;Rural;C.A.U. Palencia;Palencia;Palencia;94;Mujer
2025-09-08T14:51:00+02:00;2025-09-10T18:16:00+02:00;Lunes;Miércoles;ZBS Jardinillos;Urbano;C.A.U. Palencia;Palencia;Palencia;94;Mujer
2025-09-08T11:12:00+02:00;2025-09-09T14:03:00+02:00;Lunes;Martes;ZBS Aranda Norte;Urbano;C.A.U. Burgos;Burgos;Burgos;70;Hombre
2025-09-08T10:33:00+02:00;2025-09-10T20:04:00+02:00;Lunes;Miércoles;Zona Desconocida;Otra;H.C.U. Valladolid;Valladolid Este;Valladolid;93;Hombre
2025-09-07T21:28:00+02:00;2025-09-17T19:38:00+02:00;Domingo;Miércoles;ZBS Garrido Sur;Urbano;C.A.U. Salamanca;Salamanca;Salamanca;97;Mujer
2025-09-07T21:27:00+02:00;2025-09-10T18:01:00+02:00;Domingo;Miércoles;ZBS Aranda Sur;Urbano;C.A.U. Burgos;Burgos;Burgos;84;Hombre
2025-09-07T19:02:00+02:00;2025-09-10T15:53:00+02:00;Domingo;Miércoles;ZBS Cacabelos;Rural;H. El Bierzo;Bierzo;León;87;Hombre
2025-09-07T15:02:00+02:00;2025-09-10T19:08:00+02:00;Domingo;Miércoles;ZBS Pintor Oliva;Urbano;C.A.U. Palencia;Palencia;Palencia;88;Mujer
2025-09-07T14:52:00+02:00;2025-09-10T18:46:00+02:00;Domingo;Miércoles;ZBS Universidad Centro;Urbano;C.A.U. Salamanca;Salamanca;Salamanca;70;Hombre
2025-09-07T14:21:00+02:00;2025-09-23T20:42:00+02:00;Domingo;Martes;ZBS Segovia III;Urbano;C.A. Segovia;Segovia;Segovia;82;Hombre
2025-09-07T14:16:00+02:00;2025-09-18T20:09:00+02:00;Domingo;Jueves;ZBS Eras de Renueva;Urbano;C.A.U. León;León;León;94;Hombre
2025-09-07T13:18:00+02:00;2025-11-06T20:57:00+01:00;Domingo;Jueves;ZBS José Aguado I;Urbano;C.A.U. León;León;León;68;Hombre
2025-09-07T01:00:00+02:00;2025-09-08T22:00:00+02:00;Sábado;Lunes;ZBS Jardinillos;Urbano;C.A.U. Palencia;Palencia;Palencia;89;Mujer
2025-09-06T19:35:00+02:00;2025-09-10T15:55:00+02:00;Sábado;Miércoles;ZBS Villablino;Rural;H. El Bierzo;Bierzo;León;61;Hombre
2025-09-06T19:32:00+02:00;2025-09-16T12:18:00+02:00;Sábado;Martes;ZBS Villafrechós;Rural;H.U. Río Hortega;Valladolid Oeste;Valladolid;91;Hombre
2025-09-06T19:25:00+02:00;2025-09-19T18:32:00+02:00;Sábado;Viernes;ZBS Lerma;Rural;C.A.U. Burgos;Burgos;Burgos;80;Hombre
2025-09-06T15:34:00+02:00;2025-09-15T10:57:00+02:00;Sábado;Lunes;ZBS Toro;Urbano;C.A. Zamora;Zamora;Zamora;92;Mujer
2025-09-06T15:28:00+02:00;2025-09-15T18:33:00+02:00;Sábado;Lunes;ZBS Alba de Tormes;Rural;C.A.U. Salamanca;Salamanca;Salamanca;70;Hombre
2025-09-06T15:15:00+02:00;2025-10-02T20:03:00+02:00;Sábado;Jueves;ZBS Aranda Rural;Rural;C.A.U. Burgos;Burgos;Burgos;77;Hombre
2025-09-06T11:39:00+02:00;2025-09-15T12:42:00+02:00;Sábado;Lunes;ZBS Gamazo;Urbano;H.C.U. Valladolid;Valladolid Este;Valladolid;92;Hombre
2025-09-06T05:04:00+02:00;2025-09-11T13:49:00+02:00;Sábado;Jueves;ZBS Villarramiel;Rural;C.A.U. Palencia;Palencia;Palencia;101;Hombre
2025-09-06T03:39:00+02:00;2025-09-10T17:15:00+02:00;Sábado;Miércoles;ZBS Villablino;Rural;C.A.U. León;León;León;63;Hombre
2025-09-06T03:31:00+02:00;2025-09-09T20:29:00+02:00;Sábado;Martes;ZBS Alba de Tormes;Rural;C.A.U. Salamanca;Salamanca;Salamanca;67;Mujer
2025-09-06T02:39:00+02:00;2025-09-11T21:59:00+02:00;Sábado;Jueves;ZBS Periurbana Norte;Rural;C.A.U. Salamanca;Salamanca;Salamanca;86;Mujer
2025-09-06T00:33:00+02:00;2025-09-19T18:08:00+02:00;Viernes;Viernes;ZBS La Bañeza I;Urbano;C.A.U. León;León;León;86;Hombre
2025-09-06T00:11:00+02:00;2025-09-09T18:59:00+02:00;Viernes;Martes;ZBS Ávila Estación;Urbano;C.A.U. Salamanca;Salamanca;Salamanca;46;Mujer
2025-09-05T23:48:00+02:00;2025-09-10T19:03:00+02:00;Viernes;Miércoles;ZBS García Lorca;Urbano;C.A.U. Burgos;Burgos;Burgos;87;Mujer
2025-09-05T23:29:00+02:00;2025-09-11T18:18:00+02:00;Viernes;Jueves;ZBS Soria Norte;Urbano;C.A. Soria;Soria;Soria;79;Mujer
2025-09-05T22:14:00+02:00;2025-09-10T16:48:00+02:00;Viernes;Miércoles;Zona Desconocida;Otra;C.A.U. León;León;León;72;Hombre
2025-09-05T20:52:00+02:00;2025-09-11T14:38:00+02:00;Viernes;Jueves;ZBS Zamora Sur;Rural;C.A. Zamora;Zamora;Zamora;53;Hombre
2025-09-05T19:01:00+02:00;2025-09-09T21:45:00+02:00;Viernes;Martes;ZBS José Luis Santamaría;Urbano;C.A.U. Burgos;Burgos;Burgos;92;Mujer
2025-09-05T17:39:00+02:00;2025-09-11T02:00:00+02:00;Viernes;Jueves;ZBS Santa Marta de Tormes;Rural;C.A.U. Salamanca;Salamanca;Salamanca;84;Mujer
2025-09-05T16:29:00+02:00;2025-09-10T08:57:00+02:00;Viernes;Miércoles;ZBS Benavente Norte;Urbano;C.A. Zamora;Zamora;Zamora;101;Mujer
2025-09-05T16:16:00+02:00;2025-09-12T11:40:00+02:00;Viernes;Viernes;Zona Desconocida;Otra;C.A.U. Salamanca;Salamanca;Salamanca;85;Hombre
2025-09-05T16:06:00+02:00;2025-09-19T18:04:00+02:00;Viernes;Viernes;ZBS Soria Rural;Rural;C.A. Soria;Soria;Soria;89;Mujer
2025-09-05T15:59:00+02:00;2025-11-14T17:45:00+01:00;Viernes;Viernes;ZBS Delicias II;Urbano;H.C.U. Valladolid;Valladolid Este;Valladolid;46;Hombre
2025-09-05T13:44:00+02:00;2025-09-10T15:35:00+02:00;Viernes;Miércoles;ZBS Ávila Sur Oeste;Urbano;C.A. Ávila;Ávila;Ávila;76;Hombre
2025-09-05T05:06:00+02:00;2025-09-08T19:29:00+02:00;Viernes;Lunes;ZBS Miranda Este;Urbano;H. Santiago Apóstol;Burgos;Burgos;65;Hombre
2025-09-04T23:01:00+02:00;2025-09-12T17:54:00+02:00;Jueves;Viernes;ZBS Soria Norte;Urbano;C.A. Soria;Soria;Soria;84;Hombre
2025-09-04T23:00:00+02:00;2025-09-10T20:22:00+02:00;Jueves;Miércoles;ZBS Medina del Campo Rural;Rural;H.C.U. Valladolid;Valladolid Este;Valladolid;60;Hombre
2025-09-04T22:48:00+02:00;2025-09-05T15:55:00+02:00;Jueves;Viernes;ZBS Ponferrada IV;Urbano;H. El Bierzo;Bierzo;León;89;Hombre
2025-09-04T21:25:00+02:00;2025-09-12T20:36:00+02:00;Jueves;Viernes;ZBS Béjar;Urbano;C.A.U. Salamanca;Salamanca;Salamanca;75;Hombre
2025-09-04T21:04:00+02:00;2025-09-10T15:35:00+02:00;Jueves;Miércoles;ZBS Ávila Sur Oeste;Urbano;C.A. Ávila;Ávila;Ávila;77;Mujer
2025-09-04T20:07:00+02:00;2025-09-11T14:59:00+02:00;Jueves;Jueves;ZBS Zamora Sur;Rural;C.A. Zamora;Zamora;Zamora;84;Hombre
2025-09-04T19:16:00+02:00;2025-09-16T21:00:00+02:00;Jueves;Martes;ZBS El Espinar;Rural;H.U. Río Hortega;Valladolid Oeste;Valladolid;63;Mujer
2025-09-04T19:13:00+02:00;2025-09-13T15:48:00+02:00;Jueves;Sábado;ZBS Parada del Molino;Urbano;C.A.U. Salamanca;Salamanca;Salamanca;72;Hombre
2025-09-04T18:50:00+02:00;2025-09-09T17:29:00+02:00;Jueves;Martes;ZBS El Burgo de Osma;Rural;C.A.U. Burgos;Burgos;Burgos;78;Hombre
2025-09-04T16:42:00+02:00;2025-09-19T11:45:00+02:00;Jueves;Viernes;ZBS Circular;Urbano;H.C.U. Valladolid;Valladolid Este;Valladolid;86;Mujer
2025-09-04T16:21:00+02:00;2025-09-10T15:51:00+02:00;Jueves;Miércoles;ZBS Soria Sur;Urbano;C.A. Soria;Soria;Soria;87;Hombre
2025-09-04T15:50:00+02:00;2025-09-04T18:38:00+02:00;Jueves;Jueves;ZBS El Espinar;Rural;C.A. Segovia;Segovia;Segovia;63;Mujer
2025-09-04T15:39:00+02:00;2025-09-15T18:34:00+02:00;Jueves;Lunes;ZBS Villoria;Rural;C.A.U. Salamanca;Salamanca;Salamanca;89;Mujer
2025-09-04T15:30:00+02:00;2025-09-12T16:31:00+02:00;Jueves;Viernes;ZBS Ávila Rural;Rural;C.A. Ávila;Ávila;Ávila;86;Hombre
2025-09-04T15:11:00+02:00;2025-09-09T20:04:00+02:00;Jueves;Martes;ZBS Laguna de Duero;Rural;H.U. Río Hortega;Valladolid Oeste;Valladolid;94;Hombre
2025-09-04T15:01:00+02:00;2025-09-09T20:50:00+02:00;Jueves;Martes;ZBS Benavente Norte;Urbano;C.A.U. León;León;León;68;Hombre
2025-09-04T11:50:00+02:00;2025-09-11T19:45:00+02:00;Jueves;Jueves;ZBS Alamedilla;Urbano;C.A.U. Salamanca;Salamanca;Salamanca;80;Mujer
2025-09-04T11:08:00+02:00;2025-10-21T13:08:00+02:00;Jueves;Martes;ZBS Valladolid Rural I;Rural;H.C.U. Valladolid;Valladolid Este;Valladolid;47;Mujer
2025-09-04T03:12:00+02:00;2025-09-12T12:28:00+02:00;Jueves;Viernes;ZBS Pilarica;Urbano;H.C.U. Valladolid;Valladolid Este;Valladolid;54;Hombre
2025-09-04T01:53:00+02:00;2025-09-29T14:41:00+02:00;Miércoles;Lunes;ZBS Aranda Sur;Urbano;C.A.U. Burgos;Burgos;Burgos;69;Mujer
2025-09-04T00:01:00+02:00;2025-09-11T19:37:00+02:00;Miércoles;Jueves;ZBS Villoria;Rural;C.A.U. Salamanca;Salamanca;Salamanca;60;Hombre
2025-09-03T20:43:00+02:00;2025-09-12T16:24:00+02:00;Miércoles;Viernes;ZBS Fabero;Rural;H. El Bierzo;Bierzo;León;79;Mujer
2025-09-03T19:22:00+02:00;2025-09-05T16:57:00+02:00;Miércoles;Viernes;ZBS Camarzana de Tera;Rural;C.A.U. León;León;León;78;Mujer
2025-09-03T18:41:00+02:00;2025-09-11T19:30:00+02:00;Miércoles;Jueves;ZBS Garrido Norte;Urbano;C.A.U. Salamanca;Salamanca;Salamanca;83;Mujer
2025-09-03T18:30:00+02:00;2025-09-04T19:57:00+02:00;Miércoles;Jueves;ZBS I. López Sáiz;Urbano;C.A.U. Burgos;Burgos;Burgos;72;Hombre
2025-09-03T17:32:00+02:00;2025-09-05T10:20:00+02:00;Miércoles;Viernes;ZBS Segovia III;Urbano;C.A. Segovia;Segovia;Segovia;74;Hombre
2025-09-03T15:52:00+02:00;2025-09-15T16:00:00+02:00;Miércoles;Lunes;ZBS Villablino;Rural;H. El Bierzo;Bierzo;León;76;Mujer
2025-09-03T15:46:00+02:00;2025-09-10T21:39:00+02:00;Miércoles;Miércoles;ZBS Soria Rural;Rural;C.A. Soria;Soria;Soria;74;Mujer
2025-09-03T15:23:00+02:00;2025-09-09T15:47:00+02:00;Miércoles;Martes;ZBS Zamora Norte;Rural;C.A.U. Salamanca;Salamanca;Salamanca;74;Hombre
2025-09-03T14:34:00+02:00;2025-09-03T23:32:00+02:00;Miércoles;Miércoles;ZBS San Agustín;Urbano;C.A.U. Burgos;Burgos;Burgos;84;Hombre
2025-09-03T14:25:00+02:00;2025-09-05T15:41:00+02:00;Miércoles;Viernes;ZBS Jardinillos;Urbano;C.A.U. Palencia;Palencia;Palencia;69;Hombre
2025-09-03T14:15:00+02:00;2025-09-09T16:12:00+02:00;Miércoles;Martes;ZBS Ávila Sur Oeste;Urbano;C.A. Ávila;Ávila;Ávila;55;Mujer
2025-09-03T12:41:00+02:00;2025-09-08T17:53:00+02:00;Miércoles;Lunes;ZBS Baltanás;Rural;C.A.U. Burgos;Burgos;Burgos;77;Mujer
2025-09-03T04:41:00+02:00;2025-09-06T00:09:00+02:00;Miércoles;Viernes;ZBS Huerta de Rey;Rural;H. Santos Reyes;Burgos;Burgos;68;Hombre
2025-09-03T02:09:00+02:00;2025-09-04T20:06:00+02:00;Miércoles;Jueves;ZBS Ávila Sur Oeste;Urbano;C.A.U. Salamanca;Salamanca;Salamanca;77;Mujer
2025-09-03T01:48:00+02:00;2025-09-08T17:51:00+02:00;Martes;Lunes;ZBS Carbonero El Mayor;Rural;C.A. Segovia;Segovia;Segovia;83;Mujer
2025-09-02T22:49:00+02:00;2025-09-11T16:30:00+02:00;Martes;Jueves;ZBS Gamazo;Urbano;H.C.U. Valladolid;Valladolid Este;Valladolid;86;Hombre
2025-09-02T22:46:00+02:00;2025-09-03T07:10:00+02:00;Martes;Miércoles;ZBS José Aguado II;Urbano;C.A.U. León;León;León;52;Hombre
2025-09-02T22:13:00+02:00;2025-09-10T17:26:00+02:00;Martes;Miércoles;ZBS Lerma;Rural;C.A.U. Burgos;Burgos;Burgos;83;Hombre
2025-09-02T22:12:00+02:00;2025-10-17T19:10:00+02:00;Martes;Viernes;Zona Desconocida;Otra;C.A.U. Salamanca;Salamanca;Salamanca;42;Mujer
2025-09-02T21:31:00+02:00;2025-11-06T20:17:00+01:00;Martes;Jueves;ZBS Briviesca;Urbano;C.A.U. Burgos;Burgos;Burgos;55;Hombre
2025-09-02T21:22:00+02:00;2025-09-03T16:26:00+02:00;Martes;Miércoles;ZBS San Pablo;Urbano;H.C.U. Valladolid;Valladolid Este;Valladolid;88;Mujer
2025-09-02T20:50:00+02:00;2025-09-17T19:40:00+02:00;Martes;Miércoles;Zona Desconocida;Otra;H.C.U. Valladolid;Valladolid Este;Valladolid;61;Mujer
2025-09-02T17:44:00+02:00;2025-09-05T17:50:00+02:00;Martes;Viernes;ZBS Lerma;Rural;C.A.U. Burgos;Burgos;Burgos;85;Hombre
2025-09-02T16:35:00+02:00;2025-09-02T18:30:00+02:00;Martes;Martes;ZBS Gamonal Antigua;Urbano;C.A.U. Burgos;Burgos;Burgos;86;Mujer
2025-09-02T15:56:00+02:00;2025-09-29T20:05:00+02:00;Martes;Lunes;ZBS Santa Clara;Urbano;C.A.U. Burgos;Burgos;Burgos;73;Hombre
2025-09-02T15:46:00+02:00;2025-09-10T19:54:00+02:00;Martes;Miércoles;ZBS Toro;Urbano;C.A.U. Salamanca;Salamanca;Salamanca;67;Hombre
2025-09-02T15:34:00+02:00;2025-09-04T20:07:00+02:00;Martes;Jueves;ZBS Zamora Sur;Rural;C.A.U. Salamanca;Salamanca;Salamanca;84;Hombre
2025-09-02T15:28:00+02:00;2025-09-05T18:09:00+02:00;Martes;Viernes;Zona Desconocida;Otra;C.A.U. León;León;León;76;Hombre
2025-09-02T13:46:00+02:00;2025-10-28T13:29:00+01:00;Martes;Martes;ZBS Delicias I;Urbano;H.U. Río Hortega;Valladolid Oeste;Valladolid;70;Hombre
2025-09-02T13:37:00+02:00;2025-09-08T20:18:00+02:00;Martes;Lunes;ZBS Ribera del Órbigo;Rural;C.A.U. León;León;León;90;Mujer
2025-09-02T05:57:00+02:00;2025-09-04T17:15:00+02:00;Martes;Jueves;ZBS Puebla de Sanabria;Rural;C.A.U. León;León;León;75;Mujer
2025-09-02T03:12:00+02:00;2025-09-04T15:11:00+02:00;Martes;Jueves;ZBS Ávila Rural;Rural;C.A.U. Salamanca;Salamanca;Salamanca;86;Hombre
2025-09-02T02:46:00+02:00;2025-09-22T17:45:00+02:00;Martes;Lunes;ZBS García Lorca;Urbano;C.A.U. Burgos;Burgos;Burgos;84;Mujer
2025-09-02T02:04:00+02:00;2025-09-12T20:57:00+02:00;Martes;Viernes;ZBS Periurbana Norte;Rural;C.A.U. Salamanca;Salamanca;Salamanca;90;Mujer
2025-09-02T01:37:00+02:00;2025-09-04T17:43:00+02:00;Lunes;Jueves;ZBS Alamedilla;Urbano;C.A.U. Salamanca;Salamanca;Salamanca;72;Hombre
2025-09-02T00:53:00+02:00;2025-09-09T20:29:00+02:00;Lunes;Martes;ZBS San José;Urbano;C.A.U. Salamanca;Salamanca;Salamanca;90;Hombre
2025-09-02T00:27:00+02:00;2025-09-22T17:46:00+02:00;Lunes;Lunes;ZBS Sepúlveda;Rural;C.A.U. Burgos;Burgos;Burgos;90;Mujer
2025-09-01T23:22:00+02:00;2025-09-02T05:30:00+02:00;Lunes;Martes;ZBS Jardinillos;Urbano;C.A.U. Palencia;Palencia;Palencia;92;Hombre
2025-09-01T23:11:00+02:00;2025-09-19T20:32:00+02:00;Lunes;Viernes;ZBS Cacabelos;Rural;C.A.U. León;León;León;60;Hombre
2025-09-01T21:45:00+02:00;2025-09-03T18:10:00+02:00;Lunes;Miércoles;ZBS Los Comuneros;Urbano;C.A.U. Burgos;Burgos;Burgos;88;Mujer
2025-09-01T20:40:00+02:00;2025-09-04T12:20:00+02:00;Lunes;Jueves;ZBS Mombuey;Rural;C.A. Zamora;Zamora;Zamora;85;Hombre
2025-09-01T19:54:00+02:00;2025-09-05T18:56:00+02:00;Lunes;Viernes;ZBS Universidad Centro;Urbano;C.A.U. Salamanca;Salamanca;Salamanca;91;Hombre
2025-09-01T18:00:00+02:00;2025-09-04T17:44:00+02:00;Lunes;Jueves;ZBS Rondilla II;Urbano;H.C.U. Valladolid;Valladolid Este;Valladolid;75;Mujer
2025-09-01T16:37:00+02:00;2025-10-03T19:14:00+02:00;Lunes;Viernes;ZBS Burgos Rural Sur;Rural;C.A.U. Burgos;Burgos;Burgos;82;Hombre
2025-09-01T16:16:00+02:00;2025-09-05T14:33:00+02:00;Lunes;Viernes;ZBS Benavente Norte;Urbano;C.A. Zamora;Zamora;Zamora;34;Hombre
2025-09-01T14:08:00+02:00;2025-09-27T15:14:00+02:00;Lunes;Sábado;ZBS Astorga I;Urbano;C.A.U. León;León;León;62;Mujer
2025-09-01T13:57:00+02:00;2025-09-12T20:48:00+02:00;Lunes;Viernes;ZBS Periurbana Sur;Rural;C.A.U. Salamanca;Salamanca;Salamanca;84;Hombre
2025-09-01T13:39:00+02:00;2025-09-03T17:15:00+02:00;Lunes;Miércoles;ZBS De la Puebla;Urbano;C.A.U. Palencia;Palencia;Palencia;69;Mujer
2025-09-01T12:41:00+02:00;2025-09-19T18:07:00+02:00;Lunes;Viernes;ZBS Almazán;Rural;C.A. Soria;Soria;Soria;61;Hombre
2025-09-01T12:33:00+02:00;2025-09-04T20:07:00+02:00;Lunes;Jueves;ZBS Linares de Riofrío;Rural;C.A.U. Salamanca;Salamanca;Salamanca;78;Mujer
2025-09-01T04:51:00+02:00;2025-09-04T17:25:00+02:00;Lunes;Jueves;Zona Desconocida;Otra;C.A.U. León;León;León;75;Hombre
2025-09-01T04:39:00+02:00;2025-09-04T20:08:00+02:00;Lunes;Jueves;ZBS Periurbana Sur;Rural;C.A.U. Salamanca;Salamanca;Salamanca;69;Hombre
2025-09-01T03:08:00+02:00;2025-09-14T16:20:00+02:00;Lunes;Domingo;ZBS Íscar;Rural;H. Medina del Campo;Valladolid Este;Valladolid;78;Mujer
2025-09-01T02:59:00+02:00;2025-09-03T19:11:00+02:00;Lunes;Miércoles;ZBS Íscar;Rural;H.C.U. Valladolid;Valladolid Este;Valladolid;66;Hombre
2025-09-01T01:53:00+02:00;2025-09-04T16:22:00+02:00;Domingo;Jueves;ZBS San Pablo;Urbano;H.C.U. Valladolid;Valladolid Este;Valladolid;88;Mujer
2025-09-01T00:00:00+02:00;2025-09-11T05:20:00+02:00;Domingo;Jueves;ZBS Villoria;Rural;C.A.U. Salamanca;Salamanca;Salamanca;75;Hombre
2025-08-31T21:38:00+02:00;2025-09-17T17:08:00+02:00;Domingo;Miércoles;ZBS José Aguado II;Urbano;C.A.U. León;León;León;74;Mujer
2025-08-31T21:30:00+02:00;2025-10-06T19:19:00+02:00;Domingo;Lunes;ZBS Elena Ginel Díez;Urbano;C.A.U. Salamanca;Salamanca;Salamanca;57;Hombre
2025-08-31T21:22:00+02:00;2025-09-17T09:22:00+02:00;Domingo;Miércoles;ZBS Guijuelo;Rural;C.A.U. Salamanca;Salamanca;Salamanca;82;Hombre
2025-08-31T20:36:00+02:00;2025-09-02T19:00:00+02:00;Domingo;Martes;ZBS Soria Sur;Urbano;C.A. Soria;Soria;Soria;85;Mujer
2025-08-31T15:42:00+02:00;2025-09-03T18:34:00+02:00;Domingo;Miércoles;ZBS Ciudad Rodrigo;Urbano;C.A.U. Salamanca;Salamanca;Salamanca;79;Hombre
2025-08-31T15:30:00+02:00;2025-09-29T17:54:00+02:00;Domingo;Lunes;ZBS Briviesca;Urbano;C.A.U. Burgos;Burgos;Burgos;71;Hombre
2025-08-31T08:41:00+02:00;2025-09-05T19:05:00+02:00;Domingo;Viernes;ZBS Ávila Sur Oeste;Urbano;C.A.U. Salamanca;Salamanca;Salamanca;76;Hombre
2025-08-31T07:48:00+02:00;2025-09-02T15:37:00+02:00;Domingo;Martes;ZBS Burgohondo;Rural;C.A.U. Salamanca;Salamanca;Salamanca;67;Hombre
2025-08-31T02:34:00+02:00;2025-09-03T16:47:00+02:00;Domingo;Miércoles;ZBS Gamazo;Urbano;H.C.U. Valladolid;Valladolid Este;Valladolid;86;Mujer
2025-08-31T01:28:00+02:00;2025-09-05T19:43:00+02:00;Sábado;Viernes;ZBS Valladolid Rural I;Rural;H.C.U. Valladolid;Valladolid Este;Valladolid;89;Hombre
2025-08-30T23:33:00+02:00;2025-09-09T18:18:00+02:00;Sábado;Martes;ZBS Medina del Campo Rural;Rural;H.C.U. Valladolid;Valladolid Este;Valladolid;85;Hombre
2025-08-30T22:39:00+02:00;2025-09-02T18:15:00+02:00;Sábado;Martes;ZBS Periurbana Sur;Rural;C.A.U. Salamanca;Salamanca;Salamanca;65;Mujer
2025-08-30T20:06:00+02:00;2025-09-17T16:11:00+02:00;Sábado;Miércoles;ZBS Bembibre;Rural;H. El Bierzo;Bierzo;León;55;Hombre
2025-08-30T19:05:00+02:00;2025-09-03T14:10:00+02:00;Sábado;Miércoles;ZBS F.Villalobos;Urbano;C.A.U. Salamanca;Salamanca;Salamanca;94;Mujer
2025-08-30T19:04:00+02:00;2025-09-03T13:40:00+02:00;Sábado;Miércoles;ZBS Jardinillos;Urbano;H.C.U. Valladolid;Valladolid Este;Valladolid;69;Hombre
2025-08-30T16:12:00+02:00;2025-09-01T19:00:00+02:00;Sábado;Lunes;ZBS Valencia de D. Juan;Rural;C.A.U. León;León;León;65;Hombre
2025-08-30T15:48:00+02:00;2025-09-03T23:53:00+02:00;Sábado;Miércoles;ZBS Soria Sur;Urbano;C.A. Soria;Soria;Soria;84;Mujer
2025-08-30T14:58:00+02:00;2025-09-03T15:52:00+02:00;Sábado;Miércoles;ZBS Huerta del Rey;Urbano;H.U. Río Hortega;Valladolid Oeste;Valladolid;88;Mujer
2025-08-30T14:26:00+02:00;2025-09-02T15:39:00+02:00;Sábado;Martes;Zona Desconocida;Otra;C.A.U. Burgos;Burgos;Burgos;64;Hombre
2025-08-30T07:33:00+02:00;2025-09-15T18:44:00+02:00;Sábado;Lunes;ZBS José Aguado I;Urbano;C.A.U. León;León;León;83;Mujer
2025-08-30T03:02:00+02:00;2025-09-10T15:00:00+02:00;Sábado;Miércoles;Zona Desconocida;Otra;C.A.U. Burgos;Burgos;Burgos;89;Hombre
2025-08-30T02:33:00+02:00;2025-09-04T18:32:00+02:00;Sábado;Jueves;ZBS Santa Marta de Tormes;Rural;C.A.U. Salamanca;Salamanca;Salamanca;94;Hombre
2025-08-30T01:56:00+02:00;2025-09-15T19:44:00+02:00;Viernes;Lunes;ZBS Santa Clara;Urbano;C.A.U. Burgos;Burgos;Burgos;69;Mujer
2025-08-30T01:32:00+02:00;2025-09-04T21:19:00+02:00;Viernes;Jueves;ZBS Guijuelo;Rural;C.A.U. Salamanca;Salamanca;Salamanca;79;Hombre
2025-08-30T00:22:00+02:00;2025-09-04T17:15:00+02:00;Viernes;Jueves;ZBS Ribera del Órbigo;Rural;C.A.U. León;León;León;83;Hombre
2025-08-29T21:01:00+02:00;2025-09-25T13:47:00+02:00;Viernes;Jueves;ZBS Frómista;Rural;C.A.U. Palencia;Palencia;Palencia;93;Mujer
2025-08-29T19:24:00+02:00;2025-09-01T16:21:00+02:00;Viernes;Lunes;ZBS Bierzo;Urbano;H. El Bierzo;Bierzo;León;77;Hombre
2025-08-29T17:04:00+02:00;2025-09-03T16:08:00+02:00;Viernes;Miércoles;ZBS Arévalo;Urbano;C.A. Ávila;Ávila;Ávila;64;Hombre
2025-08-29T14:48:00+02:00;2025-09-26T19:47:00+02:00;Viernes;Viernes;ZBS San Andrés del Rabanedo;Rural;C.A.U. León;León;León;71;Mujer
2025-08-29T13:18:00+02:00;2025-09-12T13:48:00+02:00;Viernes;Viernes;ZBS Valladolid Rural II;Rural;H.C.U. Valladolid;Valladolid Este;Valladolid;84;Hombre
2025-08-29T00:20:00+02:00;2025-09-06T17:10:00+02:00;Jueves;Sábado;ZBS Los Cubos;Urbano;C.A.U. Burgos;Burgos;Burgos;79;Hombre
2025-08-28T17:21:00+02:00;2025-09-03T15:38:00+02:00;Jueves;Miércoles;ZBS Virgen de la Concha;Urbano;C.A. Zamora;Zamora;Zamora;86;Mujer
2025-08-28T16:04:00+02:00;2025-09-02T18:32:00+02:00;Jueves;Martes;ZBS Alaejos;Rural;H.C.U. Valladolid;Valladolid Este;Valladolid;62;Hombre
2025-08-28T16:00:00+02:00;2025-09-01T18:44:00+02:00;Jueves;Lunes;ZBS Casa del Barco;Urbano;H.C.U. Valladolid;Valladolid Este;Valladolid;86;Hombre
2025-08-28T11:26:00+02:00;2025-09-01T16:47:00+02:00;Jueves;Lunes;ZBS Ponferrada III;Urbano;H. El Bierzo;Bierzo;León;68;Hombre
2025-08-28T09:31:00+02:00;2025-09-11T03:19:00+02:00;Jueves;Jueves;Zona Desconocida;Otra;C.A.U. Burgos;Burgos;Burgos;68;Mujer
2025-08-28T08:26:00+02:00;2025-09-02T17:12:00+02:00;Jueves;Martes;ZBS Cuéllar;Urbano;C.A. Segovia;Segovia;Segovia;85;Mujer
2025-08-28T03:43:00+02:00;2025-09-05T17:44:00+02:00;Jueves;Viernes;ZBS Saldaña;Rural;C.A.U. León;León;León;80;Mujer
2025-08-28T02:37:00+02:00;2025-09-11T17:44:00+02:00;Jueves;Jueves;ZBS Circular;Urbano;H.C.U. Valladolid;Valladolid Este;Valladolid;54;Hombre
2025-08-27T23:35:00+02:00;2025-09-01T21:45:00+02:00;Miércoles;Lunes;ZBS Salas de los Infantes;Rural;C.A.U. Burgos;Burgos;Burgos;96;Hombre
2025-08-27T21:29:00+02:00;2025-09-19T13:59:00+02:00;Miércoles;Viernes;ZBS Pintor Oliva;Urbano;C.A.U. Palencia;Palencia;Palencia;68;Hombre
2025-08-27T20:40:00+02:00;2025-09-18T03:30:00+02:00;Miércoles;Jueves;ZBS Soria Rural;Rural;C.A. Soria;Soria;Soria;97;Mujer
2025-08-27T20:38:00+02:00;2025-09-02T18:32:00+02:00;Miércoles;Martes;ZBS Pilarica;Urbano;H.C.U. Valladolid;Valladolid Este;Valladolid;71;Hombre
2025-08-27T20:12:00+02:00;2025-09-12T16:21:00+02:00;Miércoles;Viernes;ZBS Íscar;Rural;H.C.U. Valladolid;Valladolid Este;Valladolid;54;Hombre
2025-08-27T20:06:00+02:00;2025-09-03T21:30:00+02:00;Miércoles;Miércoles;ZBS Ribera del Órbigo;Rural;C.A.U. León;León;León;89;Mujer
2025-08-27T15:23:00+02:00;2025-09-08T18:32:00+02:00;Miércoles;Lunes;ZBS Osorno;Rural;C.A.U. Burgos;Burgos;Burgos;68;Mujer
2025-08-27T13:59:00+02:00;2025-09-02T16:15:00+02:00;Miércoles;Martes;ZBS Tudela;Rural;H.C.U. Valladolid;Valladolid Este;Valladolid;69;Mujer
2025-08-27T12:58:00+02:00;2025-09-03T23:12:00+02:00;Miércoles;Miércoles;ZBS San José;Urbano;C.A.U. Salamanca;Salamanca;Salamanca;73;Hombre
2025-08-27T11:50:00+02:00;2025-08-28T17:21:00+02:00;Miércoles;Jueves;ZBS Parque Alameda-Covaresa;Urbano;H.U. Río Hortega;Valladolid Oeste;Valladolid;64;Hombre
2025-08-27T11:16:00+02:00;2025-09-02T15:48:00+02:00;Miércoles;Martes;ZBS La Magdalena;Rural;C.A.U. León;León;León;78;Hombre
2025-08-27T07:11:00+02:00;2025-09-04T19:05:00+02:00;Miércoles;Jueves;ZBS Olmedo;Rural;H.C.U. Valladolid;Valladolid Este;Valladolid;78;Hombre
2025-08-27T05:09:00+02:00;2025-08-28T16:28:00+02:00;Miércoles;Jueves;ZBS San Andrés del Rabanedo;Rural;C.A.U. León;León;León;91;Mujer
2025-08-27T03:48:00+02:00;2025-08-28T01:50:00+02:00;Miércoles;Miércoles;ZBS Miguel Armijo;Urbano;C.A.U. Salamanca;Salamanca;Salamanca;84;Hombre
2025-08-27T02:22:00+02:00;2025-09-05T16:28:00+02:00;Miércoles;Viernes;ZBS Soria Norte;Urbano;C.A. Soria;Soria;Soria;94;Mujer
2025-08-27T00:18:00+02:00;2025-08-29T18:26:00+02:00;Martes;Viernes;ZBS Valladolid Rural I;Rural;H.C.U. Valladolid;Valladolid Este;Valladolid;68;Mujer
2025-08-26T22:14:00+02:00;2025-09-01T04:16:00+02:00;Martes;Lunes;ZBS José Aguado I;Urbano;C.A.U. León;León;León;93;Mujer
2025-08-26T21:18:00+02:00;2025-08-27T17:00:00+02:00;Martes;Miércoles;ZBS Ciudad Rodrigo;Urbano;C.A.U. Salamanca;Salamanca;Salamanca;77;Hombre
2025-08-26T20:32:00+02:00;2025-09-02T08:45:00+02:00;Martes;Martes;Zona Desconocida;Otra;C.A.U. León;León;León;103;Mujer
2025-08-26T19:06:00+02:00;2025-08-29T19:03:00+02:00;Martes;Viernes;ZBS Arévalo;Urbano;C.A.U. Salamanca;Salamanca;Salamanca;64;Hombre
2025-08-26T18:47:00+02:00;2025-08-29T17:10:00+02:00;Martes;Viernes;ZBS Medina del Campo Rural;Rural;H. Medina del Campo;Valladolid Este;Valladolid;92;Hombre
2025-08-26T18:44:00+02:00;2025-09-10T20:22:00+02:00;Martes;Miércoles;ZBS Pilarica;Urbano;H.C.U. Valladolid;Valladolid Este;Valladolid;80;Mujer
2025-08-26T18:09:00+02:00;2025-08-29T08:30:00+02:00;Martes;Viernes;ZBS Riaza;Rural;C.A. Segovia;Segovia;Segovia;96;Mujer
2025-08-26T17:53:00+02:00;2025-08-27T18:55:00+02:00;Martes;Miércoles;ZBS Periurbana Sur;Rural;C.A.U. Salamanca;Salamanca;Salamanca;85;Hombre
2025-08-26T17:33:00+02:00;2025-09-09T12:43:00+02:00;Martes;Martes;ZBS José Aguado II;Urbano;C.A.U. León;León;León;71;Hombre
2025-08-26T17:14:00+02:00;2025-09-22T12:37:00+02:00;Martes;Lunes;ZBS Arturo Eyries;Urbano;H.U. Río Hortega;Valladolid Oeste;Valladolid;82;Mujer
2025-08-26T12:52:00+02:00;2025-08-27T13:33:00+02:00;Martes;Miércoles;ZBS Toro;Urbano;C.A. Zamora;Zamora;Zamora;80;Hombre
2025-08-25T22:21:00+02:00;2025-08-27T20:41:00+02:00;Lunes;Miércoles;ZBS Carbonero El Mayor;Rural;C.A. Segovia;Segovia;Segovia;100;Hombre
2025-08-25T22:10:00+02:00;2025-08-26T17:48:00+02:00;Lunes;Martes;ZBS Alamedilla;Urbano;C.A.U. Salamanca;Salamanca;Salamanca;62;Mujer
2025-08-25T22:05:00+02:00;2025-09-05T09:30:00+02:00;Lunes;Viernes;ZBS Soria Norte;Urbano;C.A. Soria;Soria;Soria;67;Hombre
2025-08-25T21:45:00+02:00;2025-09-21T23:51:00+02:00;Lunes;Domingo;Zona Desconocida;Otra;C.A.U. León;León;León;84;Hombre
2025-08-25T21:44:00+02:00;2025-08-29T16:13:00+02:00;Lunes;Viernes;ZBS Sotillo de Adrada;Rural;C.A. Ávila;Ávila;Ávila;70;Mujer
2025-08-25T21:43:00+02:00;2025-09-05T10:44:00+02:00;Lunes;Viernes;Zona Desconocida;Otra;C.A. Zamora;Zamora;Zamora;96;Mujer
2025-08-25T21:41:00+02:00;2025-08-27T15:35:00+02:00;Lunes;Miércoles;ZBS Bañeza II;Rural;C.A.U. León;León;León;83;Mujer
2025-08-25T21:02:00+02:00;2025-08-28T15:16:00+02:00;Lunes;Jueves;Zona Desconocida;Otra;C.A.U. Palencia;Palencia;Palencia;74;Mujer
2025-08-25T20:26:00+02:00;2025-08-27T22:30:00+02:00;Lunes;Miércoles;ZBS Puebla de Sanabria;Rural;C.A.U. Salamanca;Salamanca;Salamanca;68;Hombre
2025-08-25T20:09:00+02:00;2025-08-29T18:28:00+02:00;Lunes;Viernes;ZBS Soria Norte;Urbano;C.A. Soria;Soria;Soria;59;Hombre
2025-08-25T19:40:00+02:00;2025-08-29T17:17:00+02:00;Lunes;Viernes;ZBS Benavente Norte;Urbano;C.A. Zamora;Zamora;Zamora;58;Hombre
2025-08-25T19:33:00+02:00;2025-09-18T17:37:00+02:00;Lunes;Jueves;ZBS Universidad Centro;Urbano;C.A.U. Salamanca;Salamanca;Salamanca;53;Mujer
2025-08-25T19:28:00+02:00;2025-08-28T18:40:00+02:00;Lunes;Jueves;ZBS Virgen de la Concha;Urbano;C.A.U. Salamanca;Salamanca;Salamanca;86;Mujer
2025-08-25T18:16:00+02:00;2025-09-02T15:51:00+02:00;Lunes;Martes;ZBS Gamonal las Torres;Urbano;C.A.U. Burgos;Burgos;Burgos;36;Mujer
2025-08-25T17:05:00+02:00;2025-09-01T19:07:00+02:00;Lunes;Lunes;ZBS Garrido Sur;Urbano;C.A.U. Salamanca;Salamanca;Salamanca;74;Mujer
2025-08-25T16:32:00+02:00;2025-08-27T17:53:00+02:00;Lunes;Miércoles;ZBS Arturo Eyries;Urbano;H.U. Río Hortega;Valladolid Oeste;Valladolid;58;Hombre
2025-08-25T16:16:00+02:00;2025-08-29T16:37:00+02:00;Lunes;Viernes;ZBS Sotillo de Adrada;Rural;C.A. Ávila;Ávila;Ávila;75;Mujer
2025-08-25T15:43:00+02:00;2025-09-01T21:44:00+02:00;Lunes;Lunes;ZBS Crucero;Urbano;C.A.U. León;León;León;79;Mujer
2025-08-25T13:43:00+02:00;2025-09-04T19:06:00+02:00;Lunes;Jueves;ZBS Casa del Barco;Urbano;H.C.U. Valladolid;Valladolid Este;Valladolid;58;Hombre
2025-08-25T07:44:00+02:00;2025-09-08T18:00:00+02:00;Lunes;Lunes;ZBS Nava de la Asunción;Rural;C.A. Segovia;Segovia;Segovia;92;Hombre
2025-08-25T05:28:00+02:00;2025-09-03T18:05:00+02:00;Lunes;Miércoles;Zona Desconocida;Otra;C.A.U. León;León;León;57;Mujer
2025-08-25T01:17:00+02:00;2025-08-28T19:07:00+02:00;Domingo;Jueves;ZBS Alamedilla;Urbano;C.A.U. Salamanca;Salamanca;Salamanca;76;Hombre
2025-08-24T23:31:00+02:00;2025-08-28T14:45:00+02:00;Domingo;Jueves;ZBS Parquesol;Urbano;H.U. Río Hortega;Valladolid Oeste;Valladolid;81;Hombre
2025-08-24T22:41:00+02:00;2025-08-27T19:17:00+02:00;Domingo;Miércoles;ZBS Aranda Sur;Urbano;C.A.U. Burgos;Burgos;Burgos;55;Hombre
2025-08-24T22:18:00+02:00;2025-09-11T12:45:00+02:00;Domingo;Jueves;ZBS Valladolid Rural II;Rural;H.C.U. Valladolid;Valladolid Este;Valladolid;91;Hombre
2025-08-24T20:44:00+02:00;2025-08-31T22:20:00+02:00;Domingo;Domingo;ZBS Miguel Armijo;Urbano;C.A.U. Salamanca;Salamanca;Salamanca;81;Hombre
2025-08-24T20:38:00+02:00;2025-09-22T12:39:00+02:00;Domingo;Lunes;ZBS Parquesol;Urbano;H.U. Río Hortega;Valladolid Oeste;Valladolid;89;Hombre
2025-08-24T18:27:00+02:00;2025-09-07T10:00:00+02:00;Domingo;Domingo;ZBS Soria Rural;Rural;C.A. Soria;Soria;Soria;93;Hombre
2025-08-24T17:44:00+02:00;2025-09-02T19:34:00+02:00;Domingo;Martes;ZBS Almazán;Rural;C.A. Soria;Soria;Soria;85;Mujer
2025-08-24T15:55:00+02:00;2025-08-24T18:18:00+02:00;Domingo;Domingo;ZBS Garrido Norte;Urbano;C.A.U. Salamanca;Salamanca;Salamanca;92;Hombre
2025-08-24T15:53:00+02:00;2025-09-10T19:01:00+02:00;Domingo;Miércoles;ZBS Armunia;Rural;C.A.U. León;León;León;69;Mujer
2025-08-24T13:41:00+02:00;2025-08-26T17:30:00+02:00;Domingo;Martes;Zona Desconocida;Otra;H.U. Río Hortega;Valladolid Oeste;Valladolid;74;Mujer
2025-08-24T13:11:00+02:00;2025-08-25T23:10:00+02:00;Domingo;Lunes;ZBS San Pedro Arroyo;Rural;C.A.U. Salamanca;Salamanca;Salamanca;57;Hombre
2025-08-24T12:49:00+02:00;2025-09-13T19:02:00+02:00;Domingo;Sábado;ZBS Bierzo;Urbano;H. El Bierzo;Bierzo;León;70;Hombre
2025-08-24T04:11:00+02:00;2025-09-02T19:46:00+02:00;Domingo;Martes;ZBS Plaza del Ejército;Urbano;H.U. Río Hortega;Valladolid Oeste;Valladolid;65;Hombre
2025-08-24T02:51:00+02:00;2025-08-28T16:07:00+02:00;Domingo;Jueves;ZBS Ponferrada IV;Urbano;H. El Bierzo;Bierzo;León;91;Hombre
2025-08-23T22:41:00+02:00;2025-08-26T14:34:00+02:00;Sábado;Martes;ZBS Valderas;Rural;C.A. Zamora;Zamora;Zamora;82;Hombre
2025-08-23T18:16:00+02:00;2025-08-28T20:00:00+02:00;Sábado;Jueves;ZBS Riaza;Rural;C.A. Segovia;Segovia;Segovia;95;Mujer
2025-08-23T18:13:00+02:00;2025-08-26T16:40:00+02:00;Sábado;Martes;ZBS Circular;Urbano;H.C.U. Valladolid;Valladolid Este;Valladolid;84;Mujer
2025-08-23T17:40:00+02:00;2025-08-25T20:18:00+02:00;Sábado;Lunes;ZBS Sotillo de Adrada;Rural;C.A.U. Salamanca;Salamanca;Salamanca;70;Mujer
2025-08-23T15:21:00+02:00;2025-09-11T21:31:00+02:00;Sábado;Jueves;Zona Desconocida;Otra;C.A.U. Salamanca;Salamanca;Salamanca;88;Hombre
2025-08-23T14:24:00+02:00;2025-09-14T14:52:00+02:00;Sábado;Domingo;ZBS Tordesillas;Rural;H.U. Río Hortega;Valladolid Oeste;Valladolid;85;Hombre
2025-08-23T12:53:00+02:00;2025-08-28T21:08:00+02:00;Sábado;Jueves;ZBS Guijuelo;Rural;C.A.U. Salamanca;Salamanca;Salamanca;82;Hombre
2025-08-23T10:59:00+02:00;2025-09-02T21:04:00+02:00;Sábado;Martes;Zona Desconocida;Otra;H.C.U. Valladolid;Valladolid Este;Valladolid;73;Mujer
2025-08-22T22:51:00+02:00;2025-08-28T19:17:00+02:00;Viernes;Jueves;ZBS Capuchinos;Urbano;C.A.U. Salamanca;Salamanca;Salamanca;72;Mujer
2025-08-22T22:40:00+02:00;2025-09-01T21:11:00+02:00;Viernes;Lunes;ZBS Bermillo de Sayago;Rural;C.A.U. Salamanca;Salamanca;Salamanca;88;Hombre
2025-08-22T22:00:00+02:00;2025-09-17T14:57:00+02:00;Viernes;Miércoles;ZBS San Pablo;Urbano;H.C.U. Valladolid;Valladolid Este;Valladolid;84;Hombre
2025-08-22T21:13:00+02:00;2025-08-27T17:52:00+02:00;Viernes;Miércoles;ZBS José Luis Santamaría;Urbano;C.A.U. Burgos;Burgos;Burgos;82;Mujer
2025-08-22T20:27:00+02:00;2025-08-26T17:53:00+02:00;Viernes;Martes;Zona Desconocida;Otra;C.A.U. Burgos;Burgos;Burgos;81;Hombre
2025-08-22T19:12:00+02:00;2025-08-27T16:39:00+02:00;Viernes;Miércoles;ZBS Parada del Molino;Urbano;C.A. Zamora;Zamora;Zamora;66;Hombre
2025-08-22T18:06:00+02:00;2025-08-27T17:49:00+02:00;Viernes;Miércoles;ZBS Sedano;Rural;C.A.U. Burgos;Burgos;Burgos;84;Hombre
2025-08-22T15:32:00+02:00;2025-09-10T19:04:00+02:00;Viernes;Miércoles;ZBS Aranda Norte;Urbano;C.A.U. Burgos;Burgos;Burgos;82;Hombre
2025-08-22T15:20:00+02:00;2025-08-26T12:50:00+02:00;Viernes;Martes;ZBS Segovia III;Urbano;C.A. Segovia;Segovia;Segovia;77;Mujer
2025-08-22T15:14:00+02:00;2025-08-26T17:48:00+02:00;Viernes;Martes;ZBS Plaza del Ejército;Urbano;H.U. Río Hortega;Valladolid Oeste;Valladolid;89;Mujer
2025-08-22T13:53:00+02:00;2025-08-26T16:57:00+02:00;Viernes;Martes;ZBS Condesa;Urbano;C.A.U. León;León;León;75;Mujer
2025-08-22T04:09:00+02:00;2025-09-17T12:31:00+02:00;Viernes;Miércoles;ZBS Mota del Marqués;Rural;H.U. Río Hortega;Valladolid Oeste;Valladolid;82;Mujer
2025-08-22T03:33:00+02:00;2025-08-22T18:15:00+02:00;Viernes;Viernes;Zona Desconocida;Otra;C.A.U. León;León;León;89;Mujer
2025-08-22T01:28:00+02:00;2025-09-02T19:12:00+02:00;Jueves;Martes;ZBS Villacastín;Rural;C.A. Segovia;Segovia;Segovia;94;Hombre
2025-08-22T00:51:00+02:00;2025-08-29T20:07:00+02:00;Jueves;Viernes;ZBS El Espinar;Rural;C.A. Segovia;Segovia;Segovia;70;Hombre
2025-08-21T23:50:00+02:00;2025-09-02T12:26:00+02:00;Jueves;Martes;ZBS Benavente Norte;Urbano;C.A. Zamora;Zamora;Zamora;70;Hombre
2025-08-21T22:55:00+02:00;2025-09-04T13:53:00+02:00;Jueves;Jueves;ZBS Garrido Norte;Urbano;C.A.U. Salamanca;Salamanca;Salamanca;63;Mujer
2025-08-21T20:50:00+02:00;2025-08-26T21:23:00+02:00;Jueves;Martes;ZBS Saldaña;Rural;H.C.U. Valladolid;Valladolid Este;Valladolid;67;Hombre
2025-08-21T20:44:00+02:00;2025-09-09T12:25:00+02:00;Jueves;Martes;ZBS Rondilla I;Urbano;H.C.U. Valladolid;Valladolid Este;Valladolid;90;Hombre
2025-08-21T20:34:00+02:00;2025-08-29T17:07:00+02:00;Jueves;Viernes;ZBS Eras del Bosque;Urbano;C.A.U. Palencia;Palencia;Palencia;92;Mujer
2025-08-21T20:33:00+02:00;2025-09-02T16:15:00+02:00;Jueves;Martes;ZBS De la Puebla;Urbano;C.A.U. Palencia;Palencia;Palencia;52;Hombre
2025-08-21T19:43:00+02:00;2025-08-25T18:25:00+02:00;Jueves;Lunes;ZBS Benavente Norte;Urbano;C.A.U. León;León;León;58;Hombre
2025-08-21T19:12:00+02:00;2025-08-27T16:29:00+02:00;Jueves;Miércoles;ZBS Ávila Norte;Urbano;C.A. Ávila;Ávila;Ávila;67;Hombre
2025-08-21T18:32:00+02:00;2025-08-22T19:31:00+02:00;Jueves;Viernes;ZBS Puerta Nueva;Urbano;C.A.U. Salamanca;Salamanca;Salamanca;67;Mujer
2025-08-21T15:55:00+02:00;2025-08-26T10:42:00+02:00;Jueves;Martes;ZBS Alcañices;Rural;C.A. Zamora;Zamora;Zamora;80;Mujer
2025-08-21T10:53:00+02:00;2025-08-22T21:32:00+02:00;Jueves;Viernes;ZBS Burgohondo;Rural;C.A.U. Salamanca;Salamanca;Salamanca;65;Mujer
2025-08-21T04:41:00+02:00;2025-08-28T20:37:00+02:00;Jueves;Jueves;ZBS Delicias I;Urbano;H.U. Río Hortega;Valladolid Oeste;Valladolid;88;Mujer
2025-08-21T03:52:00+02:00;2025-08-23T20:35:00+02:00;Jueves;Sábado;ZBS Cuenca del Bernesga;Rural;C.A.U. León;León;León;89;Hombre
2025-08-21T03:44:00+02:00;2025-10-08T19:56:00+02:00;Jueves;Miércoles;ZBS Lerma;Rural;C.A.U. Burgos;Burgos;Burgos;79;Mujer
2025-08-21T01:10:00+02:00;2025-08-26T18:27:00+02:00;Miércoles;Martes;ZBS Valencia de D. Juan;Rural;C.A.U. León;León;León;59;Hombre
2025-08-21T00:45:00+02:00;2025-08-26T19:54:00+02:00;Miércoles;Martes;ZBS Aranda Sur;Urbano;H. Santos Reyes;Burgos;Burgos;85;Mujer
2025-08-21T00:00:00+02:00;2025-08-27T20:40:00+02:00;Miércoles;Miércoles;ZBS Eras del Bosque;Urbano;H.C.U. Valladolid;Valladolid Este;Valladolid;68;Hombre
2025-08-20T22:46:00+02:00;2025-08-28T19:23:00+02:00;Miércoles;Jueves;ZBS Briviesca;Urbano;C.A.U. Burgos;Burgos;Burgos;72;Hombre
2025-08-20T22:00:00+02:00;2025-08-22T19:45:00+02:00;Miércoles;Viernes;ZBS El Burgo de Osma;Rural;C.A. Soria;Soria;Soria;78;Mujer
2025-08-20T21:55:00+02:00;2025-08-24T17:59:00+02:00;Miércoles;Domingo;ZBS Medina de Pomar;Rural;C.A.U. Burgos;Burgos;Burgos;72;Hombre
2025-08-20T21:40:00+02:00;2025-08-21T19:40:00+02:00;Miércoles;Jueves;ZBS Eras del Bosque;Urbano;H.C.U. Valladolid;Valladolid Este;Valladolid;92;Mujer
2025-08-20T21:13:00+02:00;2025-08-25T03:45:00+02:00;Miércoles;Lunes;ZBS Belorado;Rural;C.A.U. Burgos;Burgos;Burgos;91;Hombre
2025-08-20T20:57:00+02:00;2025-09-08T20:46:00+02:00;Miércoles;Lunes;ZBS Ribera del Órbigo;Rural;C.A.U. León;León;León;92;Mujer
2025-08-20T20:56:00+02:00;2025-09-11T22:15:00+02:00;Miércoles;Jueves;ZBS Jardinillos;Urbano;H.C.U. Valladolid;Valladolid Este;Valladolid;73;Hombre
2025-08-20T19:55:00+02:00;2025-09-26T13:20:00+02:00;Miércoles;Viernes;ZBS Pintor Oliva;Urbano;H.C.U. Valladolid;Valladolid Este;Valladolid;66;Hombre
2025-08-20T19:07:00+02:00;2025-08-26T17:32:00+02:00;Miércoles;Martes;ZBS Cuéllar;Urbano;C.A. Segovia;Segovia;Segovia;85;Mujer
2025-08-20T18:58:00+02:00;2025-09-01T11:08:00+02:00;Miércoles;Lunes;ZBS Benavente Norte;Urbano;C.A. Zamora;Zamora;Zamora;70;Hombre
2025-08-20T18:58:00+02:00;2025-10-16T19:37:00+02:00;Miércoles;Jueves;ZBS Elena Ginel Díez;Urbano;C.A.U. Salamanca;Salamanca;Salamanca;63;Hombre
2025-08-20T15:54:00+02:00;2025-08-23T17:43:00+02:00;Miércoles;Sábado;ZBS La Bañeza I;Urbano;C.A.U. León;León;León;77;Hombre
2025-08-20T14:42:00+02:00;2025-08-26T17:27:00+02:00;Miércoles;Martes;ZBS Soria Norte;Urbano;C.A. Soria;Soria;Soria;93;Mujer
2025-08-20T13:04:00+02:00;2025-08-22T19:41:00+02:00;Miércoles;Viernes;ZBS Guijuelo;Rural;C.A.U. Salamanca;Salamanca;Salamanca;90;Hombre
2025-08-20T09:02:00+02:00;2025-08-21T15:10:00+02:00;Miércoles;Jueves;ZBS Alcañices;Rural;C.A.U. Salamanca;Salamanca;Salamanca;80;Mujer
2025-08-20T08:26:00+02:00;2025-08-25T15:00:00+02:00;Miércoles;Lunes;ZBS Villarramiel;Rural;H.C.U. Valladolid;Valladolid Este;Valladolid;22;Hombre
2025-08-20T07:48:00+02:00;2025-08-25T18:10:00+02:00;Miércoles;Lunes;ZBS Aranda Rural;Rural;C.A.U. Burgos;Burgos;Burgos;82;Hombre
2025-08-20T01:27:00+02:00;2025-09-18T09:05:00+02:00;Martes;Jueves;ZBS Fontiveros;Rural;C.A. Ávila;Ávila;Ávila;91;Mujer
2025-08-19T23:35:00+02:00;2025-09-04T17:34:00+02:00;Martes;Jueves;ZBS Santa Elena;Urbano;C.A. Zamora;Zamora;Zamora;85;Hombre
2025-08-19T23:08:00+02:00;2025-08-28T15:54:00+02:00;Martes;Jueves;ZBS Cuéllar;Urbano;C.A. Segovia;Segovia;Segovia;72;Hombre
2025-08-19T21:43:00+02:00;2025-08-22T17:54:00+02:00;Martes;Viernes;ZBS Benavente Sur;Urbano;C.A. Zamora;Zamora;Zamora;60;Hombre
2025-08-19T20:37:00+02:00;2025-08-25T13:27:00+02:00;Martes;Lunes;ZBS Puerta Nueva;Urbano;C.A. Zamora;Zamora;Zamora;55;Mujer
2025-08-19T19:57:00+02:00;2025-08-22T16:24:00+02:00;Martes;Viernes;ZBS Ávila Sur Oeste;Urbano;C.A. Ávila;Ávila;Ávila;72;Mujer
2025-08-19T19:11:00+02:00;2025-08-28T17:20:00+02:00;Martes;Jueves;ZBS La Guareña;Rural;C.A. Zamora;Zamora;Zamora;67;Mujer
2025-08-19T18:05:00+02:00;2025-09-09T13:33:00+02:00;Martes;Martes;ZBS Bañeza II;Rural;C.A.U. León;León;León;63;Hombre
2025-08-19T16:32:00+02:00;2025-08-21T19:30:00+02:00;Martes;Jueves;ZBS Garrido Sur;Urbano;C.A.U. Salamanca;Salamanca;Salamanca;86;Hombre
2025-08-19T14:47:00+02:00;2025-08-26T15:53:00+02:00;Martes;Martes;ZBS Villafranca del Bierzo;Rural;H. El Bierzo;Bierzo;León;81;Hombre
2025-08-19T13:34:00+02:00;2025-08-29T17:45:00+02:00;Martes;Viernes;ZBS Nava de la Asunción;Rural;C.A. Segovia;Segovia;Segovia;93;Hombre
2025-08-19T11:17:00+02:00;2025-08-29T16:32:00+02:00;Martes;Viernes;ZBS Ribera del Órbigo;Rural;C.A.U. León;León;León;79;Mujer
2025-08-19T10:39:00+02:00;2025-08-22T13:54:00+02:00;Martes;Viernes;ZBS Toro;Urbano;C.A. Zamora;Zamora;Zamora;95;Mujer
2025-08-19T02:12:00+02:00;2025-08-22T18:53:00+02:00;Martes;Viernes;ZBS Segovia Rural;Rural;C.A. Segovia;Segovia;Segovia;73;Mujer
2025-08-19T01:48:00+02:00;2025-08-25T18:40:00+02:00;Lunes;Lunes;ZBS Soria Sur;Urbano;C.A. Soria;Soria;Soria;65;Mujer
2025-08-19T01:13:00+02:00;2025-08-22T14:17:00+02:00;Lunes;Viernes;ZBS Arcos de Jalón;Rural;C.A.U. Burgos;Burgos;Burgos;83;Hombre
2025-08-18T23:28:00+02:00;2025-08-22T18:38:00+02:00;Lunes;Viernes;ZBS Sotillo de Adrada;Rural;C.A. Ávila;Ávila;Ávila;84;Hombre
2025-08-18T23:17:00+02:00;2025-08-20T18:33:00+02:00;Lunes;Miércoles;ZBS José Luis Santamaría;Urbano;C.A.U. Burgos;Burgos;Burgos;55;Hombre
2025-08-18T22:30:00+02:00;2025-08-21T11:43:00+02:00;Lunes;Jueves;ZBS La Guareña;Rural;C.A. Zamora;Zamora;Zamora;76;Hombre
2025-08-18T21:55:00+02:00;2025-09-02T19:38:00+02:00;Lunes;Martes;ZBS Valladolid Rural II;Rural;H.U. Río Hortega;Valladolid Oeste;Valladolid;92;Hombre
2025-08-18T21:32:00+02:00;2025-08-22T10:30:00+02:00;Lunes;Viernes;ZBS Cuéllar;Urbano;C.A. Segovia;Segovia;Segovia;71;Hombre
2025-08-18T20:11:00+02:00;2025-08-28T14:15:00+02:00;Lunes;Jueves;ZBS Puerta Nueva;Urbano;C.A. Zamora;Zamora;Zamora;70;Mujer
2025-08-18T19:24:00+02:00;2025-08-22T21:31:00+02:00;Lunes;Viernes;ZBS Periurbana Sur;Rural;C.A.U. Salamanca;Salamanca;Salamanca;73;Mujer
2025-08-18T19:12:00+02:00;2025-08-27T19:01:00+02:00;Lunes;Miércoles;ZBS Arenas de San Pedro;Rural;C.A. Ávila;Ávila;Ávila;78;Hombre
2025-08-18T18:35:00+02:00;2025-08-28T21:42:00+02:00;Lunes;Jueves;ZBS Miranda Oeste;Urbano;H. Santiago Apóstol;Burgos;Burgos;91;Mujer
2025-08-18T18:25:00+02:00;2025-08-22T16:07:00+02:00;Lunes;Viernes;ZBS Ávila Estación;Urbano;C.A. Ávila;Ávila;Ávila;88;Hombre
2025-08-18T16:00:00+02:00;2025-08-25T10:45:00+02:00;Lunes;Lunes;ZBS Benavente Sur;Urbano;C.A. Zamora;Zamora;Zamora;66;Hombre
2025-08-18T15:47:00+02:00;2025-08-29T16:03:00+02:00;Lunes;Viernes;ZBS Eras del Bosque;Urbano;C.A.U. Palencia;Palencia;Palencia;62;Mujer
2025-08-18T15:23:00+02:00;2025-08-29T17:58:00+02:00;Lunes;Viernes;ZBS Eras de Renueva;Urbano;C.A.U. León;León;León;85;Mujer
2025-08-18T14:41:00+02:00;2025-09-09T17:39:00+02:00;Lunes;Martes;ZBS Santa Clara;Urbano;C.A.U. Burgos;Burgos;Burgos;60;Mujer
2025-08-18T12:15:00+02:00;2025-08-21T09:45:00+02:00;Lunes;Jueves;ZBS Segovia Rural;Rural;C.A. Segovia;Segovia;Segovia;64;Hombre
2025-08-18T07:25:00+02:00;2025-08-20T17:32:00+02:00;Lunes;Miércoles;ZBS Osorno;Rural;C.A.U. Palencia;Palencia;Palencia;78;Mujer
2025-08-18T04:29:00+02:00;2025-08-21T19:16:00+02:00;Lunes;Jueves;ZBS Ávila Sur Oeste;Urbano;C.A.U. Salamanca;Salamanca;Salamanca;61;Hombre
2025-08-18T02:53:00+02:00;2025-08-25T18:29:00+02:00;Lunes;Lunes;ZBS Cistierna;Rural;C.A.U. León;León;León;56;Hombre
2025-08-18T02:31:00+02:00;2025-08-25T18:12:00+02:00;Lunes;Lunes;ZBS La Guareña;Rural;C.A.U. Salamanca;Salamanca;Salamanca;64;Hombre
2025-08-18T01:50:00+02:00;2025-08-22T18:29:00+02:00;Domingo;Viernes;ZBS Burgohondo;Rural;C.A.U. Salamanca;Salamanca;Salamanca;63;Hombre
2025-08-18T00:46:00+02:00;2025-08-20T14:41:00+02:00;Domingo;Miércoles;ZBS Puebla de Sanabria;Rural;C.A. Zamora;Zamora;Zamora;89;Mujer
2025-08-17T23:21:00+02:00;2025-08-21T13:45:00+02:00;Domingo;Jueves;ZBS José Aguado II;Urbano;C.A.U. León;León;León;84;Mujer
2025-08-17T22:02:00+02:00;2025-08-20T17:45:00+02:00;Domingo;Miércoles;Zona Desconocida;Otra;C.A.U. Salamanca;Salamanca;Salamanca;78;Mujer
2025-08-17T19:11:00+02:00;2025-08-21T21:30:00+02:00;Domingo;Jueves;ZBS Carbonero El Mayor;Rural;C.A. Segovia;Segovia;Segovia;73;Hombre
2025-08-17T18:52:00+02:00;2025-09-02T18:17:00+02:00;Domingo;Martes;Zona Desconocida;Otra;C.A. Segovia;Segovia;Segovia;91;Hombre
2025-08-17T18:08:00+02:00;2025-08-22T19:21:00+02:00;Domingo;Viernes;ZBS Trobajo del Camino;Rural;C.A.U. León;León;León;78;Hombre
2025-08-17T17:53:00+02:00;2025-08-19T18:47:00+02:00;Domingo;Martes;ZBS Ávila Sur Oeste;Urbano;C.A.U. Salamanca;Salamanca;Salamanca;72;Mujer
2025-08-17T16:13:00+02:00;2025-08-19T18:48:00+02:00;Domingo;Martes;ZBS Puerta Nueva;Urbano;C.A.U. Salamanca;Salamanca;Salamanca;55;Mujer
2025-08-17T15:50:00+02:00;2025-08-22T14:59:00+02:00;Domingo;Viernes;ZBS Alcañices;Rural;C.A. Zamora;Zamora;Zamora;78;Mujer
2025-08-17T12:53:00+02:00;2025-08-19T20:38:00+02:00;Domingo;Martes;ZBS Barco de Ávila;Rural;C.A.U. Salamanca;Salamanca;Salamanca;91;Hombre
2025-08-17T11:48:00+02:00;2025-08-21T18:28:00+02:00;Domingo;Jueves;ZBS San Andrés del Rabanedo;Rural;C.A.U. León;León;León;94;Mujer
2025-08-17T06:53:00+02:00;2025-08-28T18:33:00+02:00;Domingo;Jueves;ZBS Alamedilla;Urbano;C.A.U. Salamanca;Salamanca;Salamanca;86;Hombre
2025-08-17T02:32:00+02:00;2025-08-22T18:18:00+02:00;Domingo;Viernes;ZBS Santa Clara;Urbano;C.A.U. Burgos;Burgos;Burgos;52;Hombre
2025-08-17T02:22:00+02:00;2025-08-21T18:07:00+02:00;Domingo;Jueves;ZBS Santa Marta de Tormes;Rural;C.A.U. Salamanca;Salamanca;Salamanca;75;Hombre
2025-08-17T02:12:00+02:00;2025-08-22T16:47:00+02:00;Domingo;Viernes;ZBS Arenas de San Pedro;Rural;C.A. Ávila;Ávila;Ávila;84;Mujer
2025-08-17T02:08:00+02:00;2025-08-20T21:13:00+02:00;Domingo;Miércoles;Zona Desconocida;Otra;C.A.U. Salamanca;Salamanca;Salamanca;88;Mujer
2025-08-17T00:44:00+02:00;2025-08-26T09:29:00+02:00;Sábado;Martes;ZBS Piedrahita;Rural;C.A. Ávila;Ávila;Ávila;86;Hombre
2025-08-16T22:42:00+02:00;2025-08-19T18:08:00+02:00;Sábado;Martes;ZBS Ribera del Esla;Rural;C.A.U. León;León;León;90;Hombre
2025-08-16T22:31:00+02:00;2025-08-22T20:33:00+02:00;Sábado;Viernes;ZBS Bembibre;Rural;H. El Bierzo;Bierzo;León;62;Hombre
2025-08-16T21:48:00+02:00;2025-08-21T18:52:00+02:00;Sábado;Jueves;Zona Desconocida;Otra;C.A.U. Salamanca;Salamanca;Salamanca;96;Mujer
2025-08-16T21:16:00+02:00;2025-08-22T22:00:00+02:00;Sábado;Viernes;Zona Desconocida;Otra;C.A.U. León;León;León;51;Mujer
2025-08-16T19:45:00+02:00;2025-08-18T19:26:00+02:00;Sábado;Lunes;ZBS Puerta Nueva;Urbano;C.A.U. Salamanca;Salamanca;Salamanca;84;Hombre
2025-08-16T17:29:00+02:00;2025-08-18T19:27:00+02:00;Sábado;Lunes;ZBS Santa Marta de Tormes;Rural;C.A.U. Salamanca;Salamanca;Salamanca;54;Hombre
2025-08-16T16:22:00+02:00;2025-09-01T15:26:00+02:00;Sábado;Lunes;ZBS Ávila Sur Oeste;Urbano;C.A. Ávila;Ávila;Ávila;68;Hombre
2025-08-16T14:37:00+02:00;2025-08-19T19:10:00+02:00;Sábado;Martes;ZBS Guijuelo;Rural;C.A.U. Salamanca;Salamanca;Salamanca;73;Mujer
2025-08-16T14:15:00+02:00;2025-08-18T19:39:00+02:00;Sábado;Lunes;ZBS La Guareña;Rural;C.A.U. Salamanca;Salamanca;Salamanca;76;Hombre
2025-08-16T14:00:00+02:00;2025-08-20T16:17:00+02:00;Sábado;Miércoles;ZBS Benavente Sur;Urbano;C.A.U. León;León;León;78;Mujer
2025-08-16T06:09:00+02:00;2025-08-21T06:59:00+02:00;Sábado;Jueves;ZBS Huerta de Rey;Rural;H. Santos Reyes;Burgos;Burgos;97;Mujer
2025-08-16T06:00:00+02:00;2025-08-22T17:46:00+02:00;Sábado;Viernes;ZBS Guardo;Rural;H.C.U. Valladolid;Valladolid Este;Valladolid;72;Mujer
2025-08-16T05:24:00+02:00;2025-08-18T11:17:00+02:00;Sábado;Lunes;ZBS Segovia Rural;Rural;H.C.U. Valladolid;Valladolid Este;Valladolid;64;Hombre
2025-08-16T03:17:00+02:00;2025-08-18T19:24:00+02:00;Sábado;Lunes;Zona Desconocida;Otra;C.A.U. Salamanca;Salamanca;Salamanca;53;Mujer
2025-08-16T03:10:00+02:00;2025-08-20T19:38:00+02:00;Sábado;Miércoles;ZBS Bañeza II;Rural;C.A.U. León;León;León;81;Mujer
2025-08-16T02:54:00+02:00;2025-08-21T17:14:00+02:00;Sábado;Jueves;ZBS Condesa;Urbano;C.A.U. León;León;León;59;Mujer
2025-08-16T02:01:00+02:00;2025-08-22T16:37:00+02:00;Sábado;Viernes;ZBS Zamora Norte;Rural;C.A. Zamora;Zamora;Zamora;71;Hombre
2025-08-16T01:11:00+02:00;2025-08-16T02:37:00+02:00;Viernes;Sábado;ZBS Segovia Rural;Rural;C.A. Segovia;Segovia;Segovia;64;Hombre
2025-08-15T22:41:00+02:00;2025-08-19T18:05:00+02:00;Viernes;Martes;ZBS Soria Sur;Urbano;C.A. Soria;Soria;Soria;90;Hombre
2025-08-15T22:20:00+02:00;2025-08-20T14:15:00+02:00;Viernes;Miércoles;ZBS Puebla de Sanabria;Rural;C.A. Zamora;Zamora;Zamora;88;Mujer
2025-08-15T22:16:00+02:00;2025-08-20T19:28:00+02:00;Viernes;Miércoles;ZBS Miguel Armijo;Urbano;C.A.U. Salamanca;Salamanca;Salamanca;77;Mujer
2025-08-15T21:31:00+02:00;2025-08-19T21:09:00+02:00;Viernes;Martes;ZBS Puebla de Sanabria;Rural;C.A.U. León;León;León;72;Mujer
2025-08-15T20:43:00+02:00;2025-08-21T14:35:00+02:00;Viernes;Jueves;ZBS Pilarica;Urbano;H.C.U. Valladolid;Valladolid Este;Valladolid;76;Mujer
2025-08-15T18:42:00+02:00;2025-08-26T14:13:00+02:00;Viernes;Martes;ZBS Soria Rural;Rural;C.A. Soria;Soria;Soria;59;Hombre
2025-08-15T15:23:00+02:00;2025-10-09T20:01:00+02:00;Viernes;Jueves;ZBS Cuenca del Bernesga;Rural;C.A.U. León;León;León;49;Hombre
2025-08-15T15:18:00+02:00;2025-08-18T14:48:00+02:00;Viernes;Lunes;ZBS Benavente Sur;Urbano;C.A.U. León;León;León;66;Hombre
2025-08-15T11:25:00+02:00;2025-08-18T18:07:00+02:00;Viernes;Lunes;ZBS José Aguado II;Urbano;C.A.U. León;León;León;58;Mujer
2025-08-15T03:50:00+02:00;2025-08-20T18:05:00+02:00;Viernes;Miércoles;ZBS Segovia I;Urbano;C.A. Segovia;Segovia;Segovia;74;Mujer
2025-08-15T03:11:00+02:00;2025-08-20T17:29:00+02:00;Viernes;Miércoles;ZBS Plaza del Ejército;Urbano;H.U. Río Hortega;Valladolid Oeste;Valladolid;64;Mujer
2025-08-15T02:33:00+02:00;2025-08-20T15:39:00+02:00;Viernes;Miércoles;ZBS Guardo;Rural;C.A.U. León;León;León;72;Mujer
2025-08-15T01:30:00+02:00;2025-08-20T19:29:00+02:00;Jueves;Miércoles;ZBS La Alberca;Rural;C.A.U. Salamanca;Salamanca;Salamanca;75;Hombre
2025-08-15T00:44:00+02:00;2025-08-20T21:32:00+02:00;Jueves;Miércoles;ZBS Segovia Rural;Rural;C.A. Segovia;Segovia;Segovia;82;Hombre
2025-08-14T23:45:00+02:00;2025-08-28T17:50:00+02:00;Jueves;Jueves;ZBS García Lorca;Urbano;C.A.U. Burgos;Burgos;Burgos;76;Mujer
2025-08-14T23:34:00+02:00;2025-08-23T14:22:00+02:00;Jueves;Sábado;ZBS Peñafiel;Rural;H.C.U. Valladolid;Valladolid Este;Valladolid;85;Hombre
2025-08-14T21:58:00+02:00;2025-08-26T19:02:00+02:00;Jueves;Martes;ZBS Alba de Tormes;Rural;C.A.U. Salamanca;Salamanca;Salamanca;69;Hombre
2025-08-14T21:58:00+02:00;2025-08-21T18:11:00+02:00;Jueves;Jueves;ZBS Cebreros;Rural;C.A. Ávila;Ávila;Ávila;51;Hombre
2025-08-14T21:15:00+02:00;2025-08-27T19:28:00+02:00;Jueves;Miércoles;ZBS Universidad Centro;Urbano;C.A.U. Salamanca;Salamanca;Salamanca;72;Mujer
2025-08-14T20:56:00+02:00;2025-08-16T17:14:00+02:00;Jueves;Sábado;ZBS Aranda Norte;Urbano;C.A.U. Burgos;Burgos;Burgos;69;Hombre
2025-08-14T19:49:00+02:00;2025-08-26T15:54:00+02:00;Jueves;Martes;ZBS Fabero;Rural;H. El Bierzo;Bierzo;León;88;Hombre
2025-08-14T18:19:00+02:00;2025-08-30T16:52:00+02:00;Jueves;Sábado;ZBS Ávila Sur Oeste;Urbano;C.A. Ávila;Ávila;Ávila;94;Hombre
2025-08-14T18:17:00+02:00;2025-08-27T21:00:00+02:00;Jueves;Miércoles;ZBS San Antonio;Urbano;C.A.U. León;León;León;81;Hombre
2025-08-14T13:24:00+02:00;2025-08-25T16:20:00+02:00;Jueves;Lunes;ZBS Soria Sur;Urbano;C.A. Soria;Soria;Soria;93;Hombre
2025-08-14T12:36:00+02:00;2025-08-19T14:58:00+02:00;Jueves;Martes;ZBS Benavente Norte;Urbano;C.A. Zamora;Zamora;Zamora;82;Mujer
2025-08-14T03:04:00+02:00;2025-08-17T17:34:00+02:00;Jueves;Domingo;ZBS San Agustín;Urbano;C.A.U. Burgos;Burgos;Burgos;75;Hombre
2025-08-14T02:04:00+02:00;2025-08-14T14:08:00+02:00;Jueves;Jueves;ZBS Guardo;Rural;C.A.U. León;León;León;74;Hombre
2025-08-14T01:58:00+02:00;2025-08-21T15:08:00+02:00;Miércoles;Jueves;ZBS Delicias I;Urbano;H.U. Río Hortega;Valladolid Oeste;Valladolid;58;Hombre
2025-08-14T01:56:00+02:00;2025-08-17T14:49:00+02:00;Miércoles;Domingo;ZBS Puerta Nueva;Urbano;C.A. Zamora;Zamora;Zamora;55;Mujer
2025-08-13T23:23:00+02:00;2025-08-21T13:20:00+02:00;Miércoles;Jueves;Zona Desconocida;Otra;C.A.U. Burgos;Burgos;Burgos;71;Hombre
2025-08-13T22:47:00+02:00;2025-08-27T19:47:00+02:00;Miércoles;Miércoles;ZBS Soria Norte;Urbano;C.A. Soria;Soria;Soria;81;Mujer
2025-08-13T21:46:00+02:00;2025-08-16T19:35:00+02:00;Miércoles;Sábado;ZBS Béjar;Urbano;C.A.U. Salamanca;Salamanca;Salamanca;81;Hombre
2025-08-13T20:02:00+02:00;2025-08-14T10:58:00+02:00;Miércoles;Jueves;ZBS Virgen de la Concha;Urbano;C.A. Zamora;Zamora;Zamora;76;Hombre
2025-08-13T19:49:00+02:00;2025-08-25T16:07:00+02:00;Miércoles;Lunes;Zona Desconocida;Otra;H. El Bierzo;Bierzo;León;87;Mujer
2025-08-13T19:14:00+02:00;2025-08-20T18:54:00+02:00;Miércoles;Miércoles;ZBS I. López Sáiz;Urbano;C.A.U. Burgos;Burgos;Burgos;92;Mujer
2025-08-13T17:55:00+02:00;2025-08-22T16:24:00+02:00;Miércoles;Viernes;ZBS Ávila Rural;Rural;C.A. Ávila;Ávila;Ávila;81;Mujer
2025-08-13T17:30:00+02:00;2025-08-15T00:25:00+02:00;Miércoles;Jueves;ZBS Universidad Centro;Urbano;C.A.U. Salamanca;Salamanca;Salamanca;86;Mujer
2025-08-13T16:15:00+02:00;2025-08-18T16:15:00+02:00;Miércoles;Lunes;ZBS Ávila Estación;Urbano;C.A. Ávila;Ávila;Ávila;66;Mujer
2025-08-13T15:08:00+02:00;2025-08-16T20:36:00+02:00;Miércoles;Sábado;Zona Desconocida;Otra;C.A.U. Salamanca;Salamanca;Salamanca;80;Mujer
2025-08-13T15:01:00+02:00;2025-08-22T19:37:00+02:00;Miércoles;Viernes;ZBS García Lorca;Urbano;C.A.U. Palencia;Palencia;Palencia;94;Mujer
2025-08-13T12:31:00+02:00;2025-08-19T21:01:00+02:00;Miércoles;Martes;ZBS Benavente Sur;Urbano;C.A.U. León;León;León;60;Hombre
2025-08-13T00:05:00+02:00;2025-08-17T10:50:00+02:00;Martes;Domingo;ZBS Armunia;Rural;C.A.U. León;León;León;94;Hombre
2025-08-12T22:31:00+02:00;2025-08-16T13:06:00+02:00;Martes;Sábado;ZBS Huerta del Rey;Urbano;H.U. Río Hortega;Valladolid Oeste;Valladolid;89;Mujer
2025-08-12T20:44:00+02:00;2025-08-18T18:09:00+02:00;Martes;Lunes;ZBS Ribera del Órbigo;Rural;C.A.U. León;León;León;82;Mujer
2025-08-12T20:11:00+02:00;2025-08-18T17:32:00+02:00;Martes;Lunes;Zona Desconocida;Otra;C.A.U. León;León;León;75;Mujer
2025-08-12T19:14:00+02:00;2025-08-26T17:00:00+02:00;Martes;Martes;ZBS Delicias I;Urbano;H.U. Río Hortega;Valladolid Oeste;Valladolid;77;Mujer
2025-08-12T11:27:00+02:00;2025-08-12T13:33:00+02:00;Martes;Martes;ZBS Bermillo de Sayago;Rural;C.A. Zamora;Zamora;Zamora;82;Hombre
2025-08-12T03:15:00+02:00;2025-08-21T15:37:00+02:00;Martes;Jueves;ZBS Salas de los Infantes;Rural;C.A.U. Burgos;Burgos;Burgos;81;Hombre
2025-08-12T03:02:00+02:00;2025-08-14T21:25:00+02:00;Martes;Jueves;ZBS San Antonio;Urbano;H. El Bierzo;Bierzo;León;81;Hombre
2025-08-12T02:48:00+02:00;2025-10-02T07:30:00+02:00;Martes;Jueves;ZBS Valladolid Rural I;Rural;H.C.U. Valladolid;Valladolid Este;Valladolid;74;Mujer
2025-08-12T02:35:00+02:00;2025-08-20T18:42:00+02:00;Martes;Miércoles;ZBS Quintanar de la Sierra;Rural;C.A.U. Burgos;Burgos;Burgos;85;Hombre
2025-08-12T02:17:00+02:00;2025-08-12T06:11:00+02:00;Martes;Martes;ZBS Cristobal Acosta;Urbano;C.A.U. Burgos;Burgos;Burgos;56;Hombre
2025-08-12T01:45:00+02:00;2025-08-18T16:02:00+02:00;Lunes;Lunes;ZBS Cacabelos;Rural;H. El Bierzo;Bierzo;León;93;Mujer
2025-08-11T23:10:00+02:00;2025-08-22T16:07:00+02:00;Lunes;Viernes;Zona Desconocida;Otra;C.A.U. León;León;León;70;Hombre
2025-08-11T22:06:00+02:00;2025-08-19T19:43:00+02:00;Lunes;Martes;ZBS Palencia Rural;Rural;C.A.U. Palencia;Palencia;Palencia;82;Mujer
2025-08-11T21:47:00+02:00;2025-08-20T19:29:00+02:00;Lunes;Miércoles;ZBS Zamora Sur;Rural;C.A.U. Salamanca;Salamanca;Salamanca;70;Hombre
2025-08-11T20:33:00+02:00;2025-08-14T16:33:00+02:00;Lunes;Jueves;ZBS Arévalo;Urbano;C.A. Ávila;Ávila;Ávila;69;Mujer
2025-08-11T20:11:00+02:00;2025-08-20T19:25:00+02:00;Lunes;Miércoles;ZBS Béjar;Urbano;C.A.U. Salamanca;Salamanca;Salamanca;89;Hombre
2025-08-11T19:40:00+02:00;2025-08-14T14:46:00+02:00;Lunes;Jueves;ZBS Toro;Urbano;C.A. Zamora;Zamora;Zamora;51;Hombre
2025-08-11T18:55:00+02:00;2025-08-14T20:58:00+02:00;Lunes;Jueves;ZBS Alba de Tormes;Rural;C.A.U. Salamanca;Salamanca;Salamanca;77;Hombre
2025-08-11T16:05:00+02:00;2025-08-18T18:02:00+02:00;Lunes;Lunes;ZBS De la Puebla;Urbano;C.A.U. Palencia;Palencia;Palencia;69;Mujer
2025-08-11T15:51:00+02:00;2025-08-13T21:21:00+02:00;Lunes;Miércoles;Zona Desconocida;Otra;C.A.U. Salamanca;Salamanca;Salamanca;85;Hombre
2025-08-11T14:24:00+02:00;2025-08-28T18:30:00+02:00;Lunes;Jueves;ZBS Armunia;Rural;C.A.U. León;León;León;95;Mujer
2025-08-10T22:50:00+02:00;2025-08-13T18:28:00+02:00;Domingo;Miércoles;ZBS Tamames;Rural;C.A.U. Salamanca;Salamanca;Salamanca;75;Hombre
2025-08-10T22:50:00+02:00;2025-08-18T20:00:00+02:00;Domingo;Lunes;ZBS Puerta Nueva;Urbano;C.A.U. Salamanca;Salamanca;Salamanca;70;Mujer
2025-08-10T20:28:00+02:00;2025-08-14T16:32:00+02:00;Domingo;Jueves;ZBS Ávila Sur Este;Urbano;C.A. Ávila;Ávila;Ávila;80;Hombre
2025-08-10T19:51:00+02:00;2025-08-12T18:11:00+02:00;Domingo;Martes;ZBS Quintanar de la Sierra;Rural;C.A.U. Burgos;Burgos;Burgos;76;Hombre
2025-08-10T18:34:00+02:00;2025-08-18T19:38:00+02:00;Domingo;Lunes;ZBS Cuenca del Bernesga;Rural;C.A.U. León;León;León;83;Hombre
2025-08-10T17:07:00+02:00;2025-08-19T12:35:00+02:00;Domingo;Martes;ZBS Tudela;Rural;H.C.U. Valladolid;Valladolid Este;Valladolid;85;Hombre
2025-08-10T15:00:00+02:00;2025-08-13T18:50:00+02:00;Domingo;Miércoles;ZBS Virgen de la Concha;Urbano;C.A.U. Salamanca;Salamanca;Salamanca;76;Hombre
2025-08-10T14:10:00+02:00;2025-08-10T17:00:00+02:00;Domingo;Domingo;ZBS Santa Clara;Urbano;C.A.U. Burgos;Burgos;Burgos;78;Mujer
2025-08-10T11:48:00+02:00;2025-08-12T17:48:00+02:00;Domingo;Martes;ZBS Condesa;Urbano;C.A.U. León;León;León;81;Mujer
2025-08-10T04:28:00+02:00;2025-08-27T11:13:00+02:00;Domingo;Miércoles;ZBS San Agustín;Urbano;C.A.U. Burgos;Burgos;Burgos;101;Hombre
2025-08-10T03:08:00+02:00;2025-08-12T17:49:00+02:00;Domingo;Martes;Zona Desconocida;Otra;C.A.U. León;León;León;80;Mujer
2025-08-10T01:30:00+02:00;2025-08-19T12:37:00+02:00;Sábado;Martes;ZBS Olmedo;Rural;H.C.U. Valladolid;Valladolid Este;Valladolid;77;Hombre
2025-08-09T23:06:00+02:00;2025-08-11T18:45:00+02:00;Sábado;Lunes;ZBS Alcañices;Rural;C.A.U. Salamanca;Salamanca;Salamanca;81;Mujer
2025-08-09T22:25:00+02:00;2025-08-25T20:35:00+02:00;Sábado;Lunes;ZBS Cuenca del Bernesga;Rural;C.A.U. León;León;León;83;Mujer
2025-08-09T22:21:00+02:00;2025-08-13T15:56:00+02:00;Sábado;Miércoles;ZBS Bembibre;Rural;H. El Bierzo;Bierzo;León;48;Hombre
2025-08-09T22:16:00+02:00;2025-09-02T12:39:00+02:00;Sábado;Martes;ZBS Gamazo;Urbano;H.C.U. Valladolid;Valladolid Este;Valladolid;90;Hombre
2025-08-09T21:54:00+02:00;2025-08-21T20:31:00+02:00;Sábado;Jueves;ZBS Rondilla I;Urbano;C.A. Soria;Soria;Soria;90;Hombre
2025-08-09T20:54:00+02:00;2025-08-12T15:42:00+02:00;Sábado;Martes;ZBS Peñafiel;Rural;H.C.U. Valladolid;Valladolid Este;Valladolid;63;Hombre
2025-08-09T20:17:00+02:00;2025-08-13T16:09:00+02:00;Sábado;Miércoles;ZBS Carbonero El Mayor;Rural;C.A. Segovia;Segovia;Segovia;68;Mujer
2025-08-09T18:30:00+02:00;2025-08-10T13:00:00+02:00;Sábado;Domingo;ZBS Nava de la Asunción;Rural;C.A. Segovia;Segovia;Segovia;92;Hombre
2025-08-09T17:22:00+02:00;2025-08-18T17:00:00+02:00;Sábado;Lunes;ZBS El Burgo de Osma;Rural;C.A. Soria;Soria;Soria;67;Mujer
2025-08-09T17:15:00+02:00;2025-08-18T09:24:00+02:00;Sábado;Lunes;Zona Desconocida;Otra;C.A.U. León;León;León;88;Mujer
2025-08-09T15:44:00+02:00;2025-08-25T18:08:00+02:00;Sábado;Lunes;ZBS Gamonal Antigua;Urbano;C.A.U. Burgos;Burgos;Burgos;78;Mujer
2025-08-09T14:38:00+02:00;2025-08-12T17:48:00+02:00;Sábado;Martes;ZBS Crucero;Urbano;C.A.U. León;León;León;81;Hombre
2025-08-09T05:09:00+02:00;2025-08-20T22:27:00+02:00;Sábado;Miércoles;ZBS San Ildefonso;Rural;C.A. Segovia;Segovia;Segovia;97;Mujer
2025-08-09T00:54:00+02:00;2025-08-12T18:09:00+02:00;Viernes;Martes;ZBS Aranda Rural;Rural;C.A.U. Burgos;Burgos;Burgos;82;Hombre
2025-08-09T00:25:00+02:00;2025-08-21T15:08:00+02:00;Viernes;Jueves;ZBS Mota del Marqués;Rural;H.U. Río Hortega;Valladolid Oeste;Valladolid;85;Mujer
2025-08-08T23:26:00+02:00;2025-08-28T20:34:00+02:00;Viernes;Jueves;Zona Desconocida;Otra;C.A. Soria;Soria;Soria;88;Mujer
2025-08-08T23:11:00+02:00;2025-08-09T22:30:00+02:00;Viernes;Sábado;ZBS Soria Norte;Urbano;C.A. Soria;Soria;Soria;87;Mujer
2025-08-08T22:55:00+02:00;2025-08-14T10:43:00+02:00;Viernes;Jueves;ZBS Puebla de Sanabria;Rural;C.A. Zamora;Zamora;Zamora;88;Mujer
2025-08-08T21:44:00+02:00;2025-08-13T21:15:00+02:00;Viernes;Miércoles;ZBS Aldeadávila de la Ribera;Rural;C.A.U. Salamanca;Salamanca;Salamanca;78;Hombre
2025-08-08T20:14:00+02:00;2025-08-20T19:33:00+02:00;Viernes;Miércoles;ZBS Almazán;Rural;C.A. Soria;Soria;Soria;87;Mujer
2025-08-08T20:01:00+02:00;2025-08-11T16:16:00+02:00;Viernes;Lunes;ZBS Bembibre;Rural;H. El Bierzo;Bierzo;León;83;Mujer
2025-08-08T19:55:00+02:00;2025-08-13T17:34:00+02:00;Viernes;Miércoles;ZBS Lerma;Rural;C.A.U. Burgos;Burgos;Burgos;93;Hombre
2025-08-08T19:52:00+02:00;2025-08-11T03:55:00+02:00;Viernes;Lunes;ZBS Ciudad Rodrigo;Urbano;C.A.U. Salamanca;Salamanca;Salamanca;89;Mujer
2025-08-08T19:32:00+02:00;2025-09-09T09:30:00+02:00;Viernes;Martes;ZBS Garrido Norte;Urbano;C.A.U. Salamanca;Salamanca;Salamanca;83;Hombre
2025-08-08T19:15:00+02:00;2025-08-13T17:45:00+02:00;Viernes;Miércoles;ZBS García Lorca;Urbano;C.A.U. Burgos;Burgos;Burgos;62;Mujer
2025-08-08T14:17:00+02:00;2025-08-13T17:54:00+02:00;Viernes;Miércoles;ZBS Tudela;Rural;H.C.U. Valladolid;Valladolid Este;Valladolid;94;Hombre
2025-08-08T14:14:00+02:00;2025-08-22T16:12:00+02:00;Viernes;Viernes;ZBS Eras del Bosque;Urbano;H.C.U. Valladolid;Valladolid Este;Valladolid;58;Mujer
2025-08-08T13:14:00+02:00;2025-08-14T11:58:00+02:00;Viernes;Jueves;ZBS Pedrosillo el Ralo;Rural;C.A.U. Salamanca;Salamanca;Salamanca;69;Hombre
2025-08-08T11:45:00+02:00;2025-08-12T16:27:00+02:00;Viernes;Martes;ZBS Paredes de Nava;Rural;H.C.U. Valladolid;Valladolid Este;Valladolid;40;Hombre
2025-08-08T11:17:00+02:00;2025-08-10T16:56:00+02:00;Viernes;Domingo;ZBS Segovia II;Urbano;H.U. Río Hortega;Valladolid Oeste;Valladolid;77;Hombre
2025-08-08T06:54:00+02:00;2025-08-12T15:11:00+02:00;Viernes;Martes;ZBS San Pedro Manrique;Rural;C.A.U. Burgos;Burgos;Burgos;80;Hombre
2025-08-08T05:51:00+02:00;2025-08-11T18:15:00+02:00;Viernes;Lunes;ZBS Elena Ginel Díez;Urbano;C.A.U. Salamanca;Salamanca;Salamanca;90;Hombre
2025-08-08T03:50:00+02:00;2025-08-08T16:34:00+02:00;Viernes;Viernes;ZBS Villacastín;Rural;C.A. Ávila;Ávila;Ávila;91;Hombre
2025-08-08T02:02:00+02:00;2025-08-11T21:10:00+02:00;Viernes;Lunes;ZBS Arévalo;Urbano;C.A.U. Salamanca;Salamanca;Salamanca;69;Mujer
2025-08-08T00:27:00+02:00;2025-08-13T15:57:00+02:00;Jueves;Miércoles;ZBS Virgen de la Concha;Urbano;C.A. Zamora;Zamora;Zamora;58;Hombre
2025-08-07T21:57:00+02:00;2025-08-12T16:56:00+02:00;Jueves;Martes;ZBS Arévalo;Urbano;C.A. Ávila;Ávila;Ávila;76;Mujer
2025-08-07T20:07:00+02:00;2025-08-08T18:43:00+02:00;Jueves;Viernes;ZBS Soria Norte;Urbano;C.A. Soria;Soria;Soria;93;Mujer
2025-08-07T19:48:00+02:00;2025-08-13T18:29:00+02:00;Jueves;Miércoles;ZBS Astorga II;Rural;C.A.U. León;León;León;46;Mujer
2025-08-07T19:46:00+02:00;2025-08-13T17:35:00+02:00;Jueves;Miércoles;ZBS Briviesca;Urbano;C.A.U. Burgos;Burgos;Burgos;95;Hombre
2025-08-07T19:35:00+02:00;2025-08-21T14:12:00+02:00;Jueves;Jueves;ZBS Pintor Oliva;Urbano;C.A.U. Palencia;Palencia;Palencia;84;Mujer
2025-08-07T19:27:00+02:00;2025-08-13T18:29:00+02:00;Jueves;Miércoles;ZBS Fuente de San Esteban;Rural;C.A.U. Salamanca;Salamanca;Salamanca;62;Hombre
2025-08-07T19:24:00+02:00;2025-08-11T19:38:00+02:00;Jueves;Lunes;ZBS Los Cubos;Urbano;C.A.U. Burgos;Burgos;Burgos;84;Hombre
2025-08-07T18:58:00+02:00;2025-08-30T03:30:00+02:00;Jueves;Sábado;ZBS Cacabelos;Rural;H. El Bierzo;Bierzo;León;73;Mujer
2025-08-07T16:21:00+02:00;2025-08-11T18:16:00+02:00;Jueves;Lunes;Zona Desconocida;Otra;C.A.U. Salamanca;Salamanca;Salamanca;83;Mujer
2025-08-07T13:43:00+02:00;2025-08-07T18:10:00+02:00;Jueves;Jueves;ZBS Villalpando;Rural;C.A. Zamora;Zamora;Zamora;97;Mujer
2025-08-07T12:18:00+02:00;2025-08-12T13:38:00+02:00;Jueves;Martes;ZBS Virgen de la Concha;Urbano;C.A. Zamora;Zamora;Zamora;86;Hombre
2025-08-07T05:34:00+02:00;2025-10-10T22:22:00+02:00;Jueves;Viernes;ZBS Lumbrales;Rural;C.A.U. Salamanca;Salamanca;Salamanca;48;Hombre
2025-08-07T04:48:00+02:00;2025-08-11T19:38:00+02:00;Jueves;Lunes;ZBS Quintanar de la Sierra;Rural;C.A.U. Burgos;Burgos;Burgos;91;Mujer
2025-08-07T03:27:00+02:00;2025-08-12T17:24:00+02:00;Jueves;Martes;ZBS El Espinar;Rural;C.A. Segovia;Segovia;Segovia;71;Hombre
2025-08-07T02:01:00+02:00;2025-08-13T23:11:00+02:00;Jueves;Miércoles;ZBS San José;Urbano;C.A.U. Salamanca;Salamanca;Salamanca;80;Mujer
2025-08-06T22:37:00+02:00;2025-08-25T18:56:00+02:00;Miércoles;Lunes;ZBS Ribera del Órbigo;Rural;C.A.U. León;León;León;72;Hombre
2025-08-06T21:50:00+02:00;2025-08-08T18:29:00+02:00;Miércoles;Viernes;ZBS La Victoria;Urbano;H.C.U. Valladolid;Valladolid Este;Valladolid;98;Mujer
2025-08-06T21:27:00+02:00;2025-08-21T17:37:00+02:00;Miércoles;Jueves;ZBS Aguilar de Campoo;Rural;C.A.U. Palencia;Palencia;Palencia;61;Mujer
2025-08-06T21:14:00+02:00;2025-08-08T22:00:00+02:00;Miércoles;Viernes;ZBS Periurbana Sur;Rural;C.A.U. Salamanca;Salamanca;Salamanca;65;Hombre
2025-08-06T20:13:00+02:00;2025-08-08T00:22:00+02:00;Miércoles;Jueves;ZBS Arévalo;Urbano;C.A. Ávila;Ávila;Ávila;69;Mujer
2025-08-06T20:06:00+02:00;2025-08-12T22:57:00+02:00;Miércoles;Martes;ZBS Periurbana Norte;Rural;C.A.U. Salamanca;Salamanca;Salamanca;87;Hombre
2025-08-06T19:53:00+02:00;2025-08-11T16:21:00+02:00;Miércoles;Lunes;ZBS Bembibre;Rural;H. El Bierzo;Bierzo;León;81;Hombre
2025-08-06T19:35:00+02:00;2025-08-12T12:40:00+02:00;Miércoles;Martes;ZBS Camarzana de Tera;Rural;C.A. Zamora;Zamora;Zamora;91;Mujer
2025-08-06T17:46:00+02:00;2025-08-08T15:23:00+02:00;Miércoles;Viernes;ZBS La Palomera;Urbano;C.A.U. León;León;León;80;Hombre
2025-08-06T17:05:00+02:00;2025-08-08T17:43:00+02:00;Miércoles;Viernes;ZBS Arturo Eyries;Urbano;H.U. Río Hortega;Valladolid Oeste;Valladolid;75;Mujer
2025-08-06T15:38:00+02:00;2025-08-12T11:00:00+02:00;Miércoles;Martes;ZBS Sepúlveda;Rural;H.C.U. Valladolid;Valladolid Este;Valladolid;88;Mujer
2025-08-06T15:22:00+02:00;2025-08-19T19:11:00+02:00;Miércoles;Martes;ZBS Guijuelo;Rural;C.A.U. Salamanca;Salamanca;Salamanca;76;Hombre
2025-08-06T15:04:00+02:00;2025-08-12T20:28:00+02:00;Miércoles;Martes;ZBS Villarrín;Rural;C.A. Zamora;Zamora;Zamora;94;Mujer
2025-08-06T14:32:00+02:00;2025-08-08T16:46:00+02:00;Miércoles;Viernes;ZBS Villacastín;Rural;C.A. Ávila;Ávila;Ávila;47;Hombre
2025-08-06T14:18:00+02:00;2025-08-09T01:52:00+02:00;Miércoles;Viernes;ZBS Puebla de Sanabria;Rural;C.A.U. León;León;León;88;Mujer
2025-08-06T12:28:00+02:00;2025-10-02T21:10:00+02:00;Miércoles;Jueves;ZBS Villalón de Campos;Rural;H.C.U. Valladolid;Valladolid Este;Valladolid;70;Hombre
2025-08-06T12:14:00+02:00;2025-08-13T18:29:00+02:00;Miércoles;Miércoles;ZBS Capuchinos;Urbano;C.A.U. Salamanca;Salamanca;Salamanca;96;Hombre
2025-08-06T04:13:00+02:00;2025-08-12T15:11:00+02:00;Miércoles;Martes;ZBS Burgos Rural Sur;Rural;C.A.U. Burgos;Burgos;Burgos;83;Hombre
2025-08-06T04:05:00+02:00;2025-08-11T18:14:00+02:00;Miércoles;Lunes;ZBS Guijuelo;Rural;C.A.U. Salamanca;Salamanca;Salamanca;44;Mujer
2025-08-06T03:55:00+02:00;2025-08-08T21:38:00+02:00;Miércoles;Viernes;ZBS Magdalena;Urbano;H.C.U. Valladolid;Valladolid Este;Valladolid;78;Mujer
2025-08-06T01:24:00+02:00;2025-08-08T17:42:00+02:00;Martes;Viernes;ZBS Delicias II;Urbano;H.U. Río Hortega;Valladolid Oeste;Valladolid;59;Hombre
2025-08-06T01:20:00+02:00;2025-08-12T19:05:00+02:00;Martes;Martes;ZBS Delicias I;Urbano;H.C.U. Valladolid;Valladolid Este;Valladolid;77;Mujer
2025-08-06T01:02:00+02:00;2025-08-11T15:13:00+02:00;Martes;Lunes;ZBS Cistierna;Rural;C.A.U. León;León;León;75;Mujer
2025-08-06T00:47:00+02:00;2025-08-11T17:47:00+02:00;Martes;Lunes;ZBS Nava de la Asunción;Rural;C.A. Segovia;Segovia;Segovia;98;Mujer
2025-08-06T00:35:00+02:00;2025-08-08T18:01:00+02:00;Martes;Viernes;ZBS Ávila Sur Oeste;Urbano;C.A. Ávila;Ávila;Ávila;85;Mujer
2025-08-05T21:34:00+02:00;2025-08-13T19:41:00+02:00;Martes;Miércoles;ZBS Salas de los Infantes;Rural;C.A.U. Burgos;Burgos;Burgos;95;Mujer
2025-08-05T21:25:00+02:00;2025-08-13T19:11:00+02:00;Martes;Miércoles;ZBS De la Puebla;Urbano;C.A.U. Palencia;Palencia;Palencia;88;Mujer
2025-08-05T21:04:00+02:00;2025-08-12T16:59:00+02:00;Martes;Martes;ZBS Ávila Sur Oeste;Urbano;C.A. Ávila;Ávila;Ávila;75;Hombre
2025-08-05T21:02:00+02:00;2025-08-13T16:27:00+02:00;Martes;Miércoles;ZBS Jardinillos;Urbano;C.A.U. Palencia;Palencia;Palencia;82;Mujer
2025-08-05T20:32:00+02:00;2025-08-08T18:08:00+02:00;Martes;Viernes;ZBS Periurbana Norte;Rural;C.A.U. Salamanca;Salamanca;Salamanca;90;Mujer
2025-08-05T18:54:00+02:00;2025-08-07T19:59:00+02:00;Martes;Jueves;Zona Desconocida;Otra;C.A.U. Burgos;Burgos;Burgos;86;Hombre
2025-08-05T18:50:00+02:00;2025-08-08T16:47:00+02:00;Martes;Viernes;ZBS Piedrahita;Rural;C.A. Ávila;Ávila;Ávila;78;Hombre
2025-08-05T18:25:00+02:00;2025-08-15T14:54:00+02:00;Martes;Viernes;ZBS Pilarica;Urbano;H.C.U. Valladolid;Valladolid Este;Valladolid;83;Hombre
2025-08-05T17:28:00+02:00;2025-08-13T20:09:00+02:00;Martes;Miércoles;ZBS Periurbana Sur;Rural;C.A.U. Salamanca;Salamanca;Salamanca;93;Hombre
2025-08-05T17:21:00+02:00;2025-08-07T20:02:00+02:00;Martes;Jueves;Zona Desconocida;Otra;H.C.U. Valladolid;Valladolid Este;Valladolid;77;Mujer
2025-08-05T17:12:00+02:00;2025-08-12T22:55:00+02:00;Martes;Martes;ZBS Mombuey;Rural;C.A.U. León;León;León;44;Mujer
2025-08-05T15:11:00+02:00;2025-08-16T08:40:00+02:00;Martes;Sábado;Zona Desconocida;Otra;H. El Bierzo;Bierzo;León;82;Hombre
2025-08-05T09:05:00+02:00;2025-08-07T17:59:00+02:00;Martes;Jueves;ZBS Elena Ginel Díez;Urbano;C.A.U. Salamanca;Salamanca;Salamanca;77;Hombre
2025-08-05T02:40:00+02:00;2025-08-21T16:54:00+02:00;Martes;Jueves;ZBS Ávila Estación;Urbano;C.A. Ávila;Ávila;Ávila;75;Mujer
2025-08-05T02:38:00+02:00;2025-08-11T20:50:00+02:00;Martes;Lunes;ZBS Palencia Rural;Rural;H.C.U. Valladolid;Valladolid Este;Valladolid;82;Mujer
2025-08-05T01:26:00+02:00;2025-08-13T23:11:00+02:00;Lunes;Miércoles;ZBS Pedrosillo el Ralo;Rural;C.A.U. Salamanca;Salamanca;Salamanca;96;Mujer
2025-08-05T00:26:00+02:00;2025-08-13T16:07:00+02:00;Lunes;Miércoles;ZBS Segovia Rural;Rural;C.A. Segovia;Segovia;Segovia;76;Mujer
2025-08-04T22:18:00+02:00;2025-08-11T19:43:00+02:00;Lunes;Lunes;ZBS Burgos Rural Norte;Rural;C.A.U. Burgos;Burgos;Burgos;92;Mujer
2025-08-04T22:04:00+02:00;2025-10-31T17:22:00+01:00;Lunes;Viernes;ZBS Torquemada;Rural;C.A.U. Palencia;Palencia;Palencia;67;Mujer
2025-08-04T20:22:00+02:00;2025-08-06T20:22:00+02:00;Lunes;Miércoles;ZBS San José;Urbano;C.A.U. Salamanca;Salamanca;Salamanca;62;Hombre
2025-08-04T18:20:00+02:00;2025-08-08T20:39:00+02:00;Lunes;Viernes;ZBS Medina del Campo Rural;Rural;H. Medina del Campo;Valladolid Este;Valladolid;86;Hombre
2025-08-04T17:34:00+02:00;2025-08-11T11:23:00+02:00;Lunes;Lunes;ZBS La Guareña;Rural;C.A. Zamora;Zamora;Zamora;80;Mujer
2025-08-04T15:57:00+02:00;2025-08-07T16:47:00+02:00;Lunes;Jueves;ZBS El Burgo de Osma;Rural;C.A. Soria;Soria;Soria;71;Mujer
2025-08-04T15:52:00+02:00;2025-09-29T19:53:00+02:00;Lunes;Lunes;ZBS Sahagún de Campos;Rural;C.A.U. León;León;León;82;Hombre
2025-08-04T15:43:00+02:00;2025-08-06T17:13:00+02:00;Lunes;Miércoles;ZBS Ciudad Rodrigo;Urbano;C.A.U. Salamanca;Salamanca;Salamanca;61;Hombre
2025-08-04T15:08:00+02:00;2025-08-29T20:20:00+02:00;Lunes;Viernes;ZBS Sahagún de Campos;Rural;C.A.U. León;León;León;82;Hombre
2025-08-04T12:51:00+02:00;2025-08-07T19:42:00+02:00;Lunes;Jueves;ZBS Los Cubos;Urbano;H.U. Río Hortega;Valladolid Oeste;Valladolid;79;Mujer
2025-08-04T10:31:00+02:00;2025-08-21T14:42:00+02:00;Lunes;Jueves;Zona Desconocida;Otra;C.A.U. Burgos;Burgos;Burgos;76;Mujer
2025-08-04T02:40:00+02:00;2025-08-06T17:12:00+02:00;Lunes;Miércoles;ZBS La Victoria;Urbano;H.C.U. Valladolid;Valladolid Este;Valladolid;98;Mujer
2025-08-04T01:38:00+02:00;2025-08-18T12:26:00+02:00;Domingo;Lunes;ZBS Alamedilla;Urbano;C.A.U. Salamanca;Salamanca;Salamanca;65;Hombre
2025-08-04T00:27:00+02:00;2025-08-06T20:45:00+02:00;Domingo;Miércoles;ZBS Medina del Campo Urbano;Urbano;H. Medina del Campo;Valladolid Este;Valladolid;86;Hombre
2025-08-03T21:01:00+02:00;2025-08-18T17:00:00+02:00;Domingo;Lunes;ZBS El Burgo de Osma;Rural;C.A. Soria;Soria;Soria;78;Mujer
2025-08-03T20:54:00+02:00;2025-08-19T20:02:00+02:00;Domingo;Martes;ZBS Pintor Oliva;Urbano;C.A.U. Palencia;Palencia;Palencia;79;Hombre
2025-08-03T20:40:00+02:00;2025-08-14T18:35:00+02:00;Domingo;Jueves;Zona Desconocida;Otra;C.A. Segovia;Segovia;Segovia;86;Mujer
2025-08-03T19:55:00+02:00;2025-08-07T16:28:00+02:00;Domingo;Jueves;ZBS Parada del Molino;Urbano;C.A.U. Salamanca;Salamanca;Salamanca;64;Hombre
2025-08-03T19:14:00+02:00;2025-09-12T19:13:00+02:00;Domingo;Viernes;ZBS Parada del Molino;Urbano;C.A.U. Salamanca;Salamanca;Salamanca;69;Hombre
2025-08-03T18:43:00+02:00;2025-08-20T18:41:00+02:00;Domingo;Miércoles;ZBS Los Cubos;Urbano;C.A.U. Burgos;Burgos;Burgos;53;Hombre
2025-08-03T16:25:00+02:00;2025-08-05T08:16:00+02:00;Domingo;Martes;Zona Desconocida;Otra;C.A.U. Burgos;Burgos;Burgos;90;Mujer
2025-08-03T15:08:00+02:00;2025-08-06T18:44:00+02:00;Domingo;Miércoles;ZBS Arévalo;Urbano;C.A.U. Salamanca;Salamanca;Salamanca;69;Mujer
2025-08-03T14:15:00+02:00;2025-08-08T17:52:00+02:00;Domingo;Viernes;ZBS Segovia Rural;Rural;C.A. Segovia;Segovia;Segovia;82;Hombre
2025-08-03T06:01:00+02:00;2025-08-06T17:45:00+02:00;Domingo;Miércoles;ZBS Cuéllar;Urbano;C.A. Segovia;Segovia;Segovia;81;Hombre
2025-08-03T00:25:00+02:00;2025-08-07T16:48:00+02:00;Sábado;Jueves;Zona Desconocida;Otra;C.A. Soria;Soria;Soria;76;Hombre
2025-08-03T00:06:00+02:00;2025-08-04T15:43:00+02:00;Sábado;Lunes;ZBS Cuéllar;Urbano;H.C.U. Valladolid;Valladolid Este;Valladolid;91;Hombre
2025-08-02T20:13:00+02:00;2025-08-06T14:37:00+02:00;Sábado;Miércoles;ZBS Villacastín;Rural;C.A.U. Salamanca;Salamanca;Salamanca;47;Hombre
2025-08-02T19:32:00+02:00;2025-08-14T13:21:00+02:00;Sábado;Jueves;ZBS Miguel Armijo;Urbano;C.A.U. Salamanca;Salamanca;Salamanca;75;Hombre
2025-08-02T14:54:00+02:00;2025-08-19T21:01:00+02:00;Sábado;Martes;ZBS Crucero;Urbano;C.A.U. León;León;León;84;Mujer
2025-08-02T12:35:00+02:00;2025-08-05T19:57:00+02:00;Sábado;Martes;ZBS Ribera del Órbigo;Rural;C.A.U. León;León;León;53;Mujer
2025-08-02T10:08:00+02:00;2025-08-03T18:36:00+02:00;Sábado;Domingo;Zona Desconocida;Otra;H.C.U. Valladolid;Valladolid Este;Valladolid;86;Mujer
2025-08-02T05:30:00+02:00;2025-08-26T16:58:00+02:00;Sábado;Martes;ZBS Sahagún de Campos;Rural;C.A.U. León;León;León;72;Mujer
2025-08-02T04:55:00+02:00;2025-08-02T05:52:00+02:00;Sábado;Sábado;Zona Desconocida;Otra;C.A. Segovia;Segovia;Segovia;86;Mujer
2025-08-02T04:14:00+02:00;2025-08-27T21:15:00+02:00;Sábado;Miércoles;ZBS Segovia III;Urbano;C.A. Segovia;Segovia;Segovia;78;Hombre
2025-08-02T02:44:00+02:00;2025-08-04T23:30:00+02:00;Sábado;Lunes;ZBS Miguel Armijo;Urbano;C.A.U. Salamanca;Salamanca;Salamanca;74;Hombre
2025-08-02T02:17:00+02:00;2025-08-05T17:28:00+02:00;Sábado;Martes;ZBS Periurbana Norte;Rural;C.A.U. Salamanca;Salamanca;Salamanca;56;Hombre
2025-08-02T01:24:00+02:00;2025-08-05T20:55:00+02:00;Viernes;Martes;ZBS De la Puebla;Urbano;H.C.U. Valladolid;Valladolid Este;Valladolid;88;Mujer
2025-08-02T01:07:00+02:00;2025-08-08T16:33:00+02:00;Viernes;Viernes;ZBS Villacastín;Rural;C.A. Segovia;Segovia;Segovia;63;Mujer
2025-08-02T00:37:00+02:00;2025-08-03T10:24:00+02:00;Viernes;Domingo;ZBS Soria Rural;Rural;C.A. Soria;Soria;Soria;80;Mujer
2025-08-01T23:20:00+02:00;2025-08-07T22:53:00+02:00;Viernes;Jueves;ZBS Los Comuneros;Urbano;C.A.U. Burgos;Burgos;Burgos;87;Mujer
2025-08-01T22:18:00+02:00;2025-08-07T17:36:00+02:00;Viernes;Jueves;ZBS Cacabelos;Rural;C.A.U. León;León;León;73;Mujer
2025-08-01T21:26:00+02:00;2025-08-07T17:36:00+02:00;Viernes;Jueves;ZBS El Espinar;Rural;C.A. Segovia;Segovia;Segovia;91;Mujer
2025-08-01T20:22:00+02:00;2025-08-04T19:43:00+02:00;Viernes;Lunes;ZBS Mombeltrán;Rural;C.A.U. Salamanca;Salamanca;Salamanca;60;Hombre
2025-08-01T19:24:00+02:00;2025-08-05T03:06:00+02:00;Viernes;Martes;ZBS La Palomera;Urbano;C.A.U. León;León;León;85;Hombre
2025-08-01T18:55:00+02:00;2025-08-13T16:33:00+02:00;Viernes;Miércoles;ZBS Ávila Estación;Urbano;C.A.U. Salamanca;Salamanca;Salamanca;66;Mujer
2025-08-01T18:48:00+02:00;2025-08-26T17:26:00+02:00;Viernes;Martes;ZBS Soria Norte;Urbano;C.A. Soria;Soria;Soria;69;Hombre
2025-08-01T16:58:00+02:00;2025-08-01T23:22:00+02:00;Viernes;Viernes;ZBS Cacabelos;Rural;H. El Bierzo;Bierzo;León;73;Mujer
2025-08-01T15:26:00+02:00;2025-08-07T17:32:00+02:00;Viernes;Jueves;ZBS La Palomera;Urbano;C.A.U. León;León;León;53;Hombre
2025-08-01T12:01:00+02:00;2025-08-02T14:30:00+02:00;Viernes;Sábado;ZBS Toreno;Rural;H. El Bierzo;Bierzo;León;93;Hombre
2025-08-01T11:32:00+02:00;2025-08-11T11:48:00+02:00;Viernes;Lunes;ZBS Briviesca;Urbano;C.A.U. Burgos;Burgos;Burgos;81;Hombre
2025-08-01T10:10:00+02:00;2025-08-06T19:44:00+02:00;Viernes;Miércoles;ZBS Sahagún de Campos;Rural;C.A.U. León;León;León;85;Hombre
2025-07-31T22:21:00+02:00;2025-08-18T19:00:00+02:00;Jueves;Lunes;ZBS Circunvalación;Urbano;H.C.U. Valladolid;Valladolid Este;Valladolid;60;Hombre
2025-07-31T22:14:00+02:00;2025-08-08T20:32:00+02:00;Jueves;Viernes;ZBS Valladolid Rural II;Rural;H.C.U. Valladolid;Valladolid Este;Valladolid;81;Mujer
2025-07-31T21:57:00+02:00;2025-08-05T15:53:00+02:00;Jueves;Martes;ZBS Delicias II;Urbano;H.U. Río Hortega;Valladolid Oeste;Valladolid;78;Mujer
2025-07-31T21:52:00+02:00;2025-08-14T22:14:00+02:00;Jueves;Jueves;Zona Desconocida;Otra;C.A.U. Burgos;Burgos;Burgos;66;Mujer
2025-07-31T21:06:00+02:00;2025-08-08T18:42:00+02:00;Jueves;Viernes;ZBS Pizarrales-Vidal;Urbano;C.A.U. Salamanca;Salamanca;Salamanca;85;Hombre
2025-07-31T20:52:00+02:00;2025-08-04T18:20:00+02:00;Jueves;Lunes;ZBS La Guareña;Rural;C.A.U. Salamanca;Salamanca;Salamanca;80;Mujer
2025-07-31T18:46:00+02:00;2025-08-04T19:34:00+02:00;Jueves;Lunes;ZBS Torquemada;Rural;H.C.U. Valladolid;Valladolid Este;Valladolid;67;Mujer
2025-07-31T16:43:00+02:00;2025-08-01T18:54:00+02:00;Jueves;Viernes;ZBS Soria Norte;Urbano;C.A.U. Burgos;Burgos;Burgos;69;Hombre
2025-07-31T16:34:00+02:00;2025-08-12T12:09:00+02:00;Jueves;Martes;ZBS San Pablo;Urbano;H.C.U. Valladolid;Valladolid Este;Valladolid;77;Hombre
2025-07-31T14:48:00+02:00;2025-08-11T17:24:00+02:00;Jueves;Lunes;ZBS Eras de Renueva;Urbano;C.A.U. León;León;León;62;Hombre
2025-07-31T14:12:00+02:00;2025-08-14T15:45:00+02:00;Jueves;Jueves;ZBS Fabero;Rural;H. El Bierzo;Bierzo;León;64;Mujer
2025-07-31T10:26:00+02:00;2025-08-05T16:36:00+02:00;Jueves;Martes;ZBS La Guareña;Rural;C.A. Zamora;Zamora;Zamora;71;Hombre
2025-07-31T05:32:00+02:00;2025-08-07T18:08:00+02:00;Jueves;Jueves;ZBS Pintor Oliva;Urbano;H.C.U. Valladolid;Valladolid Este;Valladolid;84;Mujer
2025-07-31T03:27:00+02:00;2025-08-22T12:46:00+02:00;Jueves;Viernes;ZBS Delicias II;Urbano;H.U. Río Hortega;Valladolid Oeste;Valladolid;67;Mujer
2025-07-31T02:07:00+02:00;2025-08-08T15:52:00+02:00;Jueves;Viernes;ZBS Villafranca del Bierzo;Rural;H. El Bierzo;Bierzo;León;85;Hombre
2025-07-31T01:22:00+02:00;2025-08-14T10:00:00+02:00;Miércoles;Jueves;ZBS Fuente de San Esteban;Rural;C.A.U. Salamanca;Salamanca;Salamanca;89;Mujer
2025-07-30T23:39:00+02:00;2025-08-04T22:36:00+02:00;Miércoles;Lunes;Zona Desconocida;Otra;C.A. Segovia;Segovia;Segovia;85;Mujer
2025-07-30T22:39:00+02:00;2025-08-04T19:10:00+02:00;Miércoles;Lunes;ZBS La Palomera;Urbano;C.A.U. León;León;León;91;Mujer
2025-07-30T22:27:00+02:00;2025-08-18T19:01:00+02:00;Miércoles;Lunes;ZBS Cuéllar;Urbano;H.C.U. Valladolid;Valladolid Este;Valladolid;71;Hombre
2025-07-30T22:18:00+02:00;2025-08-08T18:12:00+02:00;Miércoles;Viernes;ZBS San Juan;Urbano;C.A.U. Salamanca;Salamanca;Salamanca;78;Hombre
2025-07-30T21:24:00+02:00;2025-08-05T20:30:00+02:00;Miércoles;Martes;ZBS La Palomera;Urbano;C.A.U. León;León;León;78;Mujer
2025-07-30T21:16:00+02:00;2025-07-31T04:28:00+02:00;Miércoles;Jueves;ZBS Pintor Oliva;Urbano;C.A.U. Palencia;Palencia;Palencia;84;Mujer
2025-07-30T18:15:00+02:00;2025-08-06T14:27:00+02:00;Miércoles;Miércoles;ZBS Zamora Sur;Rural;C.A. Zamora;Zamora;Zamora;88;Hombre
2025-07-30T18:14:00+02:00;2025-08-08T15:53:00+02:00;Miércoles;Viernes;ZBS Bembibre;Rural;H. El Bierzo;Bierzo;León;71;Hombre
2025-07-30T16:48:00+02:00;2025-08-04T19:12:00+02:00;Miércoles;Lunes;ZBS José Aguado II;Urbano;C.A.U. León;León;León;66;Hombre
2025-07-30T16:34:00+02:00;2025-08-08T20:13:00+02:00;Miércoles;Viernes;ZBS Almazán;Rural;C.A. Soria;Soria;Soria;87;Mujer
2025-07-30T14:29:00+02:00;2025-08-01T15:37:00+02:00;Miércoles;Viernes;ZBS Salas de los Infantes;Rural;C.A.U. Burgos;Burgos;Burgos;72;Mujer
2025-07-30T03:02:00+02:00;2025-08-04T18:17:00+02:00;Miércoles;Lunes;Zona Desconocida;Otra;C.A.U. Salamanca;Salamanca;Salamanca;72;Mujer
2025-07-30T02:31:00+02:00;2025-08-01T21:04:00+02:00;Miércoles;Viernes;ZBS Laguna de Duero;Rural;H.U. Río Hortega;Valladolid Oeste;Valladolid;60;Hombre
2025-07-30T01:36:00+02:00;2025-08-12T17:47:00+02:00;Martes;Martes;Zona Desconocida;Otra;C.A.U. León;León;León;91;Mujer
2025-07-29T23:25:00+02:00;2025-08-14T16:28:00+02:00;Martes;Jueves;ZBS Ávila Sur Este;Urbano;C.A. Ávila;Ávila;Ávila;78;Hombre
2025-07-29T22:39:00+02:00;2025-08-11T18:14:00+02:00;Martes;Lunes;ZBS Ciudad Rodrigo;Urbano;C.A.U. Salamanca;Salamanca;Salamanca;91;Mujer
2025-07-29T22:13:00+02:00;2025-08-01T14:03:00+02:00;Martes;Viernes;ZBS El Burgo de Osma;Rural;C.A. Soria;Soria;Soria;85;Hombre
2025-07-29T21:55:00+02:00;2025-08-03T17:30:00+02:00;Martes;Domingo;ZBS Aldeadávila de la Ribera;Rural;C.A.U. Salamanca;Salamanca;Salamanca;90;Mujer
2025-07-29T21:46:00+02:00;2025-07-30T16:06:00+02:00;Martes;Miércoles;ZBS San Antonio;Urbano;H. El Bierzo;Bierzo;León;75;Hombre
2025-07-29T21:27:00+02:00;2025-08-05T18:27:00+02:00;Martes;Martes;ZBS De la Puebla;Urbano;C.A.U. Palencia;Palencia;Palencia;74;Hombre
2025-07-29T21:05:00+02:00;2025-08-05T17:50:00+02:00;Martes;Martes;ZBS Linares de Riofrío;Rural;C.A.U. Salamanca;Salamanca;Salamanca;72;Hombre
2025-07-29T19:21:00+02:00;2025-08-11T17:24:00+02:00;Martes;Lunes;ZBS Mayorga de Campos;Rural;C.A.U. León;León;León;72;Hombre
2025-07-29T18:06:00+02:00;2025-09-13T13:00:00+02:00;Martes;Sábado;ZBS La Victoria;Urbano;H.C.U. Valladolid;Valladolid Este;Valladolid;58;Hombre
2025-07-29T17:06:00+02:00;2025-08-20T11:36:00+02:00;Martes;Miércoles;ZBS Huerta del Rey;Urbano;H.U. Río Hortega;Valladolid Oeste;Valladolid;79;Mujer
2025-07-29T09:15:00+02:00;2025-08-06T17:49:00+02:00;Martes;Miércoles;ZBS Las Huelgas;Urbano;C.A.U. Burgos;Burgos;Burgos;74;Hombre
2025-07-29T04:44:00+02:00;2025-07-30T18:50:00+02:00;Martes;Miércoles;ZBS Corrales del Vino;Rural;C.A.U. Salamanca;Salamanca;Salamanca;68;Mujer
2025-07-29T03:44:00+02:00;2025-08-07T16:44:00+02:00;Martes;Jueves;ZBS Cuéllar;Urbano;C.A. Segovia;Segovia;Segovia;87;Mujer
2025-07-29T03:17:00+02:00;2025-07-30T20:25:00+02:00;Martes;Miércoles;ZBS Pintor Oliva;Urbano;H.C.U. Valladolid;Valladolid Este;Valladolid;84;Mujer
2025-07-29T01:14:00+02:00;2025-07-31T15:22:00+02:00;Lunes;Jueves;ZBS Aranda Norte;Urbano;H. Santos Reyes;Burgos;Burgos;79;Hombre
2025-07-28T23:04:00+02:00;2025-07-30T10:15:00+02:00;Lunes;Miércoles;ZBS Nava de la Asunción;Rural;C.A. Segovia;Segovia;Segovia;76;Hombre
2025-07-28T22:17:00+02:00;2025-08-06T17:12:00+02:00;Lunes;Miércoles;ZBS Pilarica;Urbano;H.C.U. Valladolid;Valladolid Este;Valladolid;66;Hombre
2025-07-28T21:27:00+02:00;2025-08-05T19:57:00+02:00;Lunes;Martes;ZBS Trobajo del Camino;Rural;C.A.U. León;León;León;64;Hombre
2025-07-28T21:06:00+02:00;2025-08-05T19:32:00+02:00;Lunes;Martes;ZBS San Esteban de Gormaz;Rural;C.A. Soria;Soria;Soria;71;Mujer
2025-07-28T20:59:00+02:00;2025-07-31T17:42:00+02:00;Lunes;Jueves;ZBS Segovia Rural;Rural;C.A. Segovia;Segovia;Segovia;68;Hombre
2025-07-28T20:46:00+02:00;2025-08-04T19:09:00+02:00;Lunes;Lunes;ZBS García Lorca;Urbano;C.A.U. Burgos;Burgos;Burgos;83;Hombre
2025-07-28T20:01:00+02:00;2025-08-04T19:24:00+02:00;Lunes;Lunes;ZBS San Andrés del Rabanedo;Rural;C.A.U. León;León;León;87;Mujer
2025-07-28T20:01:00+02:00;2025-08-05T15:33:00+02:00;Lunes;Martes;ZBS Circunvalación;Urbano;H.C.U. Valladolid;Valladolid Este;Valladolid;73;Hombre
2025-07-28T19:57:00+02:00;2025-08-03T17:36:00+02:00;Lunes;Domingo;ZBS Sotillo de Adrada;Rural;C.A.U. Salamanca;Salamanca;Salamanca;75;Hombre
2025-07-28T19:56:00+02:00;2025-08-05T15:52:00+02:00;Lunes;Martes;ZBS Ponferrada III;Urbano;H. El Bierzo;Bierzo;León;80;Mujer
2025-07-28T19:50:00+02:00;2025-08-08T19:37:00+02:00;Lunes;Viernes;ZBS Bembibre;Rural;H. El Bierzo;Bierzo;León;92;Mujer
2025-07-28T19:15:00+02:00;2025-08-08T16:39:00+02:00;Lunes;Viernes;ZBS Villafranca del Bierzo;Rural;H. El Bierzo;Bierzo;León;98;Mujer
2025-07-28T19:08:00+02:00;2025-09-03T16:10:00+02:00;Lunes;Miércoles;ZBS Ponferrada IV;Urbano;H. El Bierzo;Bierzo;León;86;Mujer
2025-07-28T16:10:00+02:00;2025-07-29T16:51:00+02:00;Lunes;Martes;ZBS Huerta del Rey;Urbano;H.C.U. Valladolid;Valladolid Este;Valladolid;79;Mujer
2025-07-28T14:51:00+02:00;2025-08-11T17:00:00+02:00;Lunes;Lunes;ZBS Pisuerga;Rural;H.U. Río Hortega;Valladolid Oeste;Valladolid;86;Hombre
2025-07-28T12:18:00+02:00;2025-08-08T20:32:00+02:00;Lunes;Viernes;ZBS Tudela;Rural;H.C.U. Valladolid;Valladolid Este;Valladolid;88;Mujer
2025-07-28T06:48:00+02:00;2025-08-01T18:56:00+02:00;Lunes;Viernes;Zona Desconocida;Otra;C.A.U. Burgos;Burgos;Burgos;35;Mujer
2025-07-28T03:50:00+02:00;2025-07-30T17:57:00+02:00;Lunes;Miércoles;ZBS Los Cubos;Urbano;C.A.U. Burgos;Burgos;Burgos;82;Mujer
2025-07-28T02:41:00+02:00;2025-07-31T13:45:00+02:00;Lunes;Jueves;ZBS Madrigal de las Altas Torres;Rural;H.C.U. Valladolid;Valladolid Este;Valladolid;81;Mujer
2025-07-27T23:19:00+02:00;2025-07-29T20:51:00+02:00;Domingo;Martes;ZBS De la Puebla;Urbano;H.C.U. Valladolid;Valladolid Este;Valladolid;74;Hombre
2025-07-27T22:52:00+02:00;2025-08-04T12:44:00+02:00;Domingo;Lunes;ZBS Valladolid Rural II;Rural;H.C.U. Valladolid;Valladolid Este;Valladolid;91;Hombre
2025-07-27T21:31:00+02:00;2025-08-20T12:25:00+02:00;Domingo;Miércoles;ZBS Medina del Campo Rural;Rural;H.C.U. Valladolid;Valladolid Este;Valladolid;72;Hombre
2025-07-27T19:26:00+02:00;2025-07-30T16:21:00+02:00;Domingo;Miércoles;ZBS San Antonio;Urbano;H. El Bierzo;Bierzo;León;58;Hombre
2025-07-27T17:41:00+02:00;2025-07-28T13:00:00+02:00;Domingo;Lunes;ZBS La Victoria;Urbano;H.C.U. Valladolid;Valladolid Este;Valladolid;76;Mujer
2025-07-27T14:12:00+02:00;2025-08-01T18:17:00+02:00;Domingo;Viernes;ZBS Villacastín;Rural;C.A. Segovia;Segovia;Segovia;94;Mujer
2025-07-27T13:21:00+02:00;2025-08-14T19:11:00+02:00;Domingo;Jueves;ZBS Soria Sur;Urbano;C.A. Soria;Soria;Soria;83;Mujer
2025-07-27T13:03:00+02:00;2025-07-29T15:07:00+02:00;Domingo;Martes;Zona Desconocida;Otra;C.A.U. Burgos;Burgos;Burgos;62;Hombre
2025-07-27T11:42:00+02:00;2025-07-30T18:45:00+02:00;Domingo;Miércoles;ZBS José Luis Santamaría;Urbano;C.A.U. Burgos;Burgos;Burgos;45;Hombre
2025-07-27T08:00:00+02:00;2025-08-09T09:41:00+02:00;Domingo;Sábado;ZBS Cistierna;Rural;C.A.U. León;León;León;76;Mujer
2025-07-27T02:23:00+02:00;2025-08-12T18:10:00+02:00;Domingo;Martes;ZBS I. López Sáiz;Urbano;C.A.U. Burgos;Burgos;Burgos;87;Hombre
2025-07-27T02:22:00+02:00;2025-08-04T17:22:00+02:00;Domingo;Lunes;ZBS Crucero;Urbano;C.A.U. León;León;León;77;Hombre
2025-07-26T23:59:00+02:00;2025-07-29T18:16:00+02:00;Sábado;Martes;ZBS Belorado;Rural;H.C.U. Valladolid;Valladolid Este;Valladolid;73;Hombre
2025-07-26T23:24:00+02:00;2025-08-07T09:25:00+02:00;Sábado;Jueves;ZBS Eras del Bosque;Urbano;C.A.U. Palencia;Palencia;Palencia;93;Mujer
2025-07-26T23:15:00+02:00;2025-08-05T20:30:00+02:00;Sábado;Martes;ZBS Condesa;Urbano;C.A.U. León;León;León;52;Mujer
2025-07-26T21:40:00+02:00;2025-08-06T17:20:00+02:00;Sábado;Miércoles;Zona Desconocida;Otra;C.A.U. Burgos;Burgos;Burgos;91;Mujer
2025-07-26T21:02:00+02:00;2025-08-04T19:10:00+02:00;Sábado;Lunes;ZBS Valle de Valdebezana;Rural;C.A.U. Burgos;Burgos;Burgos;78;Hombre
2025-07-26T20:55:00+02:00;2025-07-31T14:00:00+02:00;Sábado;Jueves;ZBS Ponferrada IV;Urbano;H. El Bierzo;Bierzo;León;90;Hombre
2025-07-26T12:58:00+02:00;2025-07-28T18:24:00+02:00;Sábado;Lunes;ZBS Cistierna;Rural;C.A.U. León;León;León;88;Mujer
2025-07-26T03:46:00+02:00;2025-07-29T18:11:00+02:00;Sábado;Martes;ZBS Valle de Valdebezana;Rural;C.A.U. Burgos;Burgos;Burgos;81;Hombre
2025-07-26T03:32:00+02:00;2025-08-04T23:31:00+02:00;Sábado;Lunes;ZBS Arévalo;Urbano;C.A.U. Salamanca;Salamanca;Salamanca;66;Hombre
2025-07-26T02:46:00+02:00;2025-07-29T17:51:00+02:00;Sábado;Martes;ZBS Cuéllar;Urbano;C.A. Segovia;Segovia;Segovia;73;Hombre
2025-07-26T02:38:00+02:00;2025-08-03T18:15:00+02:00;Sábado;Domingo;ZBS Soria Sur;Urbano;C.A.U. Burgos;Burgos;Burgos;50;Hombre
2025-07-26T01:51:00+02:00;2025-07-29T18:42:00+02:00;Viernes;Martes;ZBS Astorga I;Urbano;C.A.U. León;León;León;88;Hombre
2025-07-26T01:34:00+02:00;2025-07-30T15:41:00+02:00;Viernes;Miércoles;ZBS Arenas de San Pedro;Rural;C.A. Ávila;Ávila;Ávila;75;Mujer
2025-07-26T01:03:00+02:00;2025-07-31T17:33:00+02:00;Viernes;Jueves;ZBS Cuenca del Bernesga;Rural;C.A.U. León;León;León;67;Hombre
2025-07-26T00:44:00+02:00;2025-08-01T17:23:00+02:00;Viernes;Viernes;ZBS José Aguado II;Urbano;C.A.U. León;León;León;77;Mujer
2025-07-26T00:30:00+02:00;2025-08-08T00:33:00+02:00;Viernes;Jueves;ZBS Armunia;Rural;C.A.U. León;León;León;67;Hombre
2025-07-25T20:13:00+02:00;2025-07-29T18:04:00+02:00;Viernes;Martes;ZBS Segovia I;Urbano;C.A. Segovia;Segovia;Segovia;60;Hombre
2025-07-25T19:33:00+02:00;2025-07-30T16:02:00+02:00;Viernes;Miércoles;ZBS Tudela;Rural;H.C.U. Valladolid;Valladolid Este;Valladolid;82;Mujer
2025-07-25T19:06:00+02:00;2025-07-30T18:46:00+02:00;Viernes;Miércoles;ZBS Briviesca;Urbano;C.A.U. Burgos;Burgos;Burgos;62;Hombre
2025-07-25T18:34:00+02:00;2025-08-01T21:03:00+02:00;Viernes;Viernes;ZBS Laguna de Duero;Rural;H.U. Río Hortega;Valladolid Oeste;Valladolid;89;Mujer
2025-07-25T18:01:00+02:00;2025-08-05T19:21:00+02:00;Viernes;Martes;ZBS Garrido Sur;Urbano;C.A.U. Salamanca;Salamanca;Salamanca;67;Hombre
2025-07-25T17:57:00+02:00;2025-08-05T18:57:00+02:00;Viernes;Martes;ZBS Carbonero El Mayor;Rural;C.A. Segovia;Segovia;Segovia;93;Hombre
2025-07-25T15:38:00+02:00;2025-08-05T05:30:00+02:00;Viernes;Martes;ZBS Delicias II;Urbano;H.U. Río Hortega;Valladolid Oeste;Valladolid;78;Mujer
2025-07-25T15:32:00+02:00;2025-07-28T20:02:00+02:00;Viernes;Lunes;ZBS San Andrés del Rabanedo;Rural;C.A.U. León;León;León;75;Hombre
2025-07-25T13:05:00+02:00;2025-08-19T16:29:00+02:00;Viernes;Martes;ZBS Cuéllar;Urbano;C.A. Segovia;Segovia;Segovia;70;Hombre
2025-07-25T12:57:00+02:00;2025-07-31T14:30:00+02:00;Viernes;Jueves;ZBS Soria Norte;Urbano;C.A. Soria;Soria;Soria;69;Hombre
2025-07-25T03:35:00+02:00;2025-07-28T18:23:00+02:00;Viernes;Lunes;ZBS Bierzo;Urbano;C.A.U. León;León;León;86;Mujer
2025-07-24T19:56:00+02:00;2025-08-01T21:56:00+02:00;Jueves;Viernes;ZBS Condesa;Urbano;C.A.U. León;León;León;84;Mujer
2025-07-24T19:19:00+02:00;2025-07-28T19:33:00+02:00;Jueves;Lunes;ZBS San Esteban de Gormaz;Rural;C.A.U. Burgos;Burgos;Burgos;71;Mujer
2025-07-24T17:29:00+02:00;2025-08-12T20:16:00+02:00;Jueves;Martes;ZBS Valencia de D. Juan;Rural;C.A.U. León;León;León;71;Hombre
2025-07-24T12:22:00+02:00;2025-07-28T03:30:00+02:00;Jueves;Lunes;Zona Desconocida;Otra;H. El Bierzo;Bierzo;León;87;Mujer
2025-07-24T09:08:00+02:00;2025-07-29T20:24:00+02:00;Jueves;Martes;ZBS San Antonio;Urbano;C.A.U. León;León;León;75;Hombre
2025-07-24T07:44:00+02:00;2025-07-30T19:15:00+02:00;Jueves;Miércoles;ZBS José Luis Santamaría;Urbano;C.A.U. Burgos;Burgos;Burgos;75;Hombre
2025-07-24T00:47:00+02:00;2025-07-28T16:13:00+02:00;Miércoles;Lunes;ZBS Ávila Sur Este;Urbano;C.A. Ávila;Ávila;Ávila;79;Hombre
2025-07-24T00:03:00+02:00;2025-07-28T12:57:00+02:00;Miércoles;Lunes;ZBS Parque Alameda-Covaresa;Urbano;H.U. Río Hortega;Valladolid Oeste;Valladolid;90;Mujer
2025-07-23T22:57:00+02:00;2025-07-30T18:40:00+02:00;Miércoles;Miércoles;ZBS Periurbana Norte;Rural;C.A.U. Salamanca;Salamanca;Salamanca;39;Hombre
2025-07-23T20:02:00+02:00;2025-07-29T19:02:00+02:00;Miércoles;Martes;ZBS Palencia Rural;Rural;C.A.U. Palencia;Palencia;Palencia;66;Hombre
2025-07-23T20:00:00+02:00;2025-08-04T19:39:00+02:00;Miércoles;Lunes;ZBS Cervera de Pisuerga;Rural;C.A.U. Palencia;Palencia;Palencia;73;Mujer
2025-07-23T19:58:00+02:00;2025-07-25T15:58:00+02:00;Miércoles;Viernes;ZBS Puerta Nueva;Urbano;C.A. Zamora;Zamora;Zamora;74;Hombre
2025-07-23T19:53:00+02:00;2025-07-24T11:49:00+02:00;Miércoles;Jueves;ZBS Mombuey;Rural;C.A. Zamora;Zamora;Zamora;79;Mujer
2025-07-23T18:02:00+02:00;2025-07-28T20:03:00+02:00;Miércoles;Lunes;ZBS Capuchinos;Urbano;C.A.U. Salamanca;Salamanca;Salamanca;73;Mujer
2025-07-23T17:20:00+02:00;2025-07-25T17:29:00+02:00;Miércoles;Viernes;ZBS Pampliega;Rural;C.A.U. Burgos;Burgos;Burgos;92;Hombre
2025-07-23T15:02:00+02:00;2025-08-06T20:33:00+02:00;Miércoles;Miércoles;ZBS Aguilar de Campoo;Rural;C.A.U. Burgos;Burgos;Burgos;61;Mujer
2025-07-23T12:45:00+02:00;2025-07-27T18:37:00+02:00;Miércoles;Domingo;ZBS Villadiego;Rural;C.A.U. Burgos;Burgos;Burgos;80;Mujer
2025-07-23T08:11:00+02:00;2025-07-31T16:15:00+02:00;Miércoles;Jueves;ZBS Ponferrada IV;Urbano;H. El Bierzo;Bierzo;León;83;Hombre
2025-07-23T05:51:00+02:00;2025-07-25T17:45:00+02:00;Miércoles;Viernes;ZBS Ávila Estación;Urbano;C.A.U. Salamanca;Salamanca;Salamanca;82;Hombre
2025-07-23T03:00:00+02:00;2025-08-04T19:04:00+02:00;Miércoles;Lunes;ZBS José Luis Santamaría;Urbano;C.A.U. Burgos;Burgos;Burgos;55;Hombre
2025-07-23T01:51:00+02:00;2025-08-20T12:24:00+02:00;Martes;Miércoles;ZBS Béjar;Urbano;C.A.U. Salamanca;Salamanca;Salamanca;82;Mujer
2025-07-23T01:17:00+02:00;2025-07-29T19:04:00+02:00;Martes;Martes;ZBS Aldeadávila de la Ribera;Rural;C.A.U. Salamanca;Salamanca;Salamanca;74;Hombre
2025-07-23T00:12:00+02:00;2025-07-23T16:44:00+02:00;Martes;Miércoles;ZBS Piedrahita;Rural;C.A. Ávila;Ávila;Ávila;85;Mujer
2025-07-22T22:56:00+02:00;2025-07-25T17:33:00+02:00;Martes;Viernes;ZBS Las Huelgas;Urbano;C.A.U. Burgos;Burgos;Burgos;79;Hombre
2025-07-22T22:11:00+02:00;2025-07-28T14:06:00+02:00;Martes;Lunes;ZBS Puebla de Sanabria;Rural;C.A. Zamora;Zamora;Zamora;81;Mujer
2025-07-22T19:25:00+02:00;2025-07-25T16:18:00+02:00;Martes;Viernes;ZBS Circular;Urbano;H.C.U. Valladolid;Valladolid Este;Valladolid;62;Hombre
2025-07-22T18:59:00+02:00;2025-08-13T18:46:00+02:00;Martes;Miércoles;ZBS Guijuelo;Rural;C.A.U. Salamanca;Salamanca;Salamanca;90;Hombre
2025-07-22T16:38:00+02:00;2025-08-07T19:42:00+02:00;Martes;Jueves;ZBS La Bañeza I;Urbano;C.A.U. León;León;León;78;Hombre
2025-07-22T16:17:00+02:00;2025-08-20T16:00:00+02:00;Martes;Miércoles;ZBS Bierzo;Urbano;H. El Bierzo;Bierzo;León;84;Hombre
2025-07-22T09:50:00+02:00;2025-08-01T16:18:00+02:00;Martes;Viernes;ZBS Sta. María del Páramo;Rural;C.A.U. León;León;León;68;Hombre
2025-07-22T09:10:00+02:00;2025-07-23T18:14:00+02:00;Martes;Miércoles;ZBS Palencia Rural;Rural;H.C.U. Valladolid;Valladolid Este;Valladolid;66;Hombre
2025-07-22T02:38:00+02:00;2025-07-28T17:25:00+02:00;Martes;Lunes;ZBS San Antonio;Urbano;H. El Bierzo;Bierzo;León;43;Hombre
2025-07-22T00:56:00+02:00;2025-07-24T18:34:00+02:00;Lunes;Jueves;ZBS Alaejos;Rural;H.U. Río Hortega;Valladolid Oeste;Valladolid;90;Mujer
2025-07-22T00:07:00+02:00;2025-07-25T16:18:00+02:00;Lunes;Viernes;ZBS Medina del Campo Urbano;Urbano;H.C.U. Valladolid;Valladolid Este;Valladolid;78;Hombre
2025-07-21T22:43:00+02:00;2025-08-18T16:05:00+02:00;Lunes;Lunes;ZBS Toreno;Rural;H. El Bierzo;Bierzo;León;95;Mujer
2025-07-21T22:39:00+02:00;2025-07-29T16:30:00+02:00;Lunes;Martes;ZBS Ávila Estación;Urbano;C.A. Ávila;Ávila;Ávila;72;Hombre
2025-07-21T22:17:00+02:00;2025-07-27T04:49:00+02:00;Lunes;Domingo;ZBS Quintanar de la Sierra;Rural;C.A.U. Burgos;Burgos;Burgos;89;Mujer
2025-07-21T21:29:00+02:00;2025-07-24T19:45:00+02:00;Lunes;Jueves;ZBS Condesa;Urbano;C.A.U. León;León;León;97;Mujer
2025-07-21T20:19:00+02:00;2025-07-31T17:21:00+02:00;Lunes;Jueves;ZBS Rondilla II;Urbano;H.C.U. Valladolid;Valladolid Este;Valladolid;81;Hombre
2025-07-21T18:37:00+02:00;2025-08-10T11:45:00+02:00;Lunes;Domingo;ZBS Piedrahita;Rural;C.A.U. Salamanca;Salamanca;Salamanca;93;Hombre
2025-07-21T17:37:00+02:00;2025-07-23T16:02:00+02:00;Lunes;Miércoles;ZBS Toreno;Rural;H. El Bierzo;Bierzo;León;66;Hombre
2025-07-21T16:36:00+02:00;2025-08-03T02:50:00+02:00;Lunes;Domingo;ZBS Peñafiel;Rural;H.C.U. Valladolid;Valladolid Este;Valladolid;80;Hombre
2025-07-21T16:23:00+02:00;2025-08-11T19:40:00+02:00;Lunes;Lunes;ZBS Aranda Norte;Urbano;C.A.U. Burgos;Burgos;Burgos;80;Mujer
2025-07-21T16:01:00+02:00;2025-07-23T23:23:00+02:00;Lunes;Miércoles;ZBS Ávila Sur Este;Urbano;C.A.U. Salamanca;Salamanca;Salamanca;79;Hombre
2025-07-21T14:59:00+02:00;2025-07-22T18:50:00+02:00;Lunes;Martes;ZBS Parada del Molino;Urbano;C.A.U. León;León;León;59;Mujer
2025-07-21T12:22:00+02:00;2025-08-06T20:39:00+02:00;Lunes;Miércoles;ZBS Gamonal las Torres;Urbano;C.A.U. Burgos;Burgos;Burgos;95;Mujer
2025-07-21T10:24:00+02:00;2025-07-31T16:25:00+02:00;Lunes;Jueves;ZBS Torquemada;Rural;C.A.U. Palencia;Palencia;Palencia;67;Mujer
2025-07-21T09:52:00+02:00;2025-07-21T16:17:00+02:00;Lunes;Lunes;ZBS Cacabelos;Rural;H. El Bierzo;Bierzo;León;59;Mujer
2025-07-21T03:42:00+02:00;2025-07-25T18:53:00+02:00;Lunes;Viernes;ZBS San José;Urbano;C.A.U. Salamanca;Salamanca;Salamanca;69;Hombre
2025-07-21T01:00:00+02:00;2025-07-23T20:06:00+02:00;Domingo;Miércoles;ZBS Cervera de Pisuerga;Rural;H.C.U. Valladolid;Valladolid Este;Valladolid;73;Mujer
2025-07-21T00:45:00+02:00;2025-08-11T13:00:00+02:00;Domingo;Lunes;ZBS Arturo Eyries;Urbano;H.C.U. Valladolid;Valladolid Este;Valladolid;95;Mujer
2025-07-21T00:17:00+02:00;2025-07-24T09:40:00+02:00;Domingo;Jueves;ZBS Aranda Norte;Urbano;H. Santos Reyes;Burgos;Burgos;102;Mujer
2025-07-21T00:08:00+02:00;2025-07-23T17:45:00+02:00;Domingo;Miércoles;ZBS Guardo;Rural;H.C.U. Valladolid;Valladolid Este;Valladolid;93;Hombre
2025-07-20T21:29:00+02:00;2025-07-21T22:51:00+02:00;Domingo;Lunes;ZBS Fontiveros;Rural;C.A.U. Salamanca;Salamanca;Salamanca;91;Hombre
2025-07-20T20:06:00+02:00;2025-07-22T18:41:00+02:00;Domingo;Martes;ZBS Cantalejo;Rural;C.A. Segovia;Segovia;Segovia;90;Mujer
2025-07-20T18:09:00+02:00;2025-07-22T14:30:00+02:00;Domingo;Martes;ZBS Cristobal Acosta;Urbano;C.A.U. Burgos;Burgos;Burgos;86;Mujer
2025-07-20T16:43:00+02:00;2025-07-24T22:54:00+02:00;Domingo;Jueves;ZBS Carbonero El Mayor;Rural;C.A. Segovia;Segovia;Segovia;84;Hombre
2025-07-20T14:33:00+02:00;2025-07-24T14:57:00+02:00;Domingo;Jueves;ZBS Pisuerga;Rural;H.U. Río Hortega;Valladolid Oeste;Valladolid;80;Hombre
2025-07-20T13:46:00+02:00;2025-07-24T19:46:00+02:00;Domingo;Jueves;ZBS José Aguado I;Urbano;C.A.U. León;León;León;69;Mujer
2025-07-20T13:46:00+02:00;2025-07-23T15:41:00+02:00;Domingo;Miércoles;ZBS Soria Rural;Rural;C.A. Soria;Soria;Soria;60;Mujer
2025-07-20T13:25:00+02:00;2025-07-30T17:30:00+02:00;Domingo;Miércoles;ZBS Valencia de D. Juan;Rural;C.A.U. León;León;León;55;Mujer
2025-07-20T10:25:00+02:00;2025-08-12T14:57:00+02:00;Domingo;Martes;ZBS Medina del Campo Urbano;Urbano;H.C.U. Valladolid;Valladolid Este;Valladolid;67;Hombre
2025-07-20T03:49:00+02:00;2025-07-23T18:30:00+02:00;Domingo;Miércoles;ZBS El Espinar;Rural;C.A. Segovia;Segovia;Segovia;66;Hombre
2025-07-20T02:11:00+02:00;2025-07-23T19:04:00+02:00;Domingo;Miércoles;ZBS Mombuey;Rural;C.A.U. Salamanca;Salamanca;Salamanca;79;Mujer
2025-07-20T00:44:00+02:00;2025-07-20T13:45:00+02:00;Sábado;Domingo;ZBS Olmedo;Rural;H.C.U. Valladolid;Valladolid Este;Valladolid;77;Mujer
2025-07-19T23:27:00+02:00;2025-07-20T19:30:00+02:00;Sábado;Domingo;Zona Desconocida;Otra;C.A.U. León;León;León;75;Hombre
2025-07-19T22:01:00+02:00;2025-08-07T13:02:00+02:00;Sábado;Jueves;ZBS Pisuerga;Rural;H.U. Río Hortega;Valladolid Oeste;Valladolid;59;Hombre
2025-07-19T20:32:00+02:00;2025-07-20T08:20:00+02:00;Sábado;Domingo;ZBS Villafranca del Bierzo;Rural;H. El Bierzo;Bierzo;León;87;Hombre
2025-07-19T20:20:00+02:00;2025-07-23T16:16:00+02:00;Sábado;Miércoles;Zona Desconocida;Otra;C.A.U. Burgos;Burgos;Burgos;86;Mujer
2025-07-19T17:16:00+02:00;2025-07-25T12:54:00+02:00;Sábado;Viernes;ZBS Plaza del Ejército;Urbano;H.U. Río Hortega;Valladolid Oeste;Valladolid;79;Hombre
2025-07-19T15:26:00+02:00;2025-07-22T02:10:00+02:00;Sábado;Martes;ZBS Carbonero El Mayor;Rural;C.A. Segovia;Segovia;Segovia;88;Hombre
2025-07-19T15:21:00+02:00;2025-07-25T20:15:00+02:00;Sábado;Viernes;ZBS San Antonio;Urbano;H. El Bierzo;Bierzo;León;76;Mujer
2025-07-19T14:27:00+02:00;2025-07-20T06:21:00+02:00;Sábado;Domingo;ZBS Ávila Norte;Urbano;C.A. Ávila;Ávila;Ávila;85;Hombre
2025-07-19T05:12:00+02:00;2025-07-24T17:47:00+02:00;Sábado;Jueves;Zona Desconocida;Otra;C.A. Segovia;Segovia;Segovia;85;Mujer
2025-07-19T02:48:00+02:00;2025-08-01T22:28:00+02:00;Sábado;Viernes;ZBS José Aguado I;Urbano;C.A.U. León;León;León;84;Mujer
2025-07-18T22:35:00+02:00;2025-07-23T19:05:00+02:00;Viernes;Miércoles;ZBS Fuente de San Esteban;Rural;C.A.U. Salamanca;Salamanca;Salamanca;92;Hombre
2025-07-18T21:29:00+02:00;2025-07-23T19:02:00+02:00;Viernes;Miércoles;ZBS Ciudad Rodrigo;Urbano;C.A.U. Salamanca;Salamanca;Salamanca;81;Mujer
2025-07-18T18:24:00+02:00;2025-07-22T19:53:00+02:00;Viernes;Martes;ZBS Gamonal las Torres;Urbano;C.A.U. Burgos;Burgos;Burgos;86;Hombre
2025-07-18T17:15:00+02:00;2025-07-21T18:26:00+02:00;Viernes;Lunes;ZBS Toreno;Rural;C.A.U. León;León;León;66;Hombre
2025-07-18T15:32:00+02:00;2025-07-31T16:09:00+02:00;Viernes;Jueves;ZBS Béjar;Urbano;C.A.U. Salamanca;Salamanca;Salamanca;98;Mujer
2025-07-18T15:01:00+02:00;2025-07-22T17:12:00+02:00;Viernes;Martes;ZBS De la Puebla;Urbano;C.A.U. Palencia;Palencia;Palencia;69;Hombre
2025-07-18T14:45:00+02:00;2025-08-07T16:51:00+02:00;Viernes;Jueves;Zona Desconocida;Otra;C.A.U. Burgos;Burgos;Burgos;81;Mujer
2025-07-18T02:34:00+02:00;2025-07-25T16:07:00+02:00;Viernes;Viernes;ZBS Bembibre;Rural;H. El Bierzo;Bierzo;León;66;Hombre
2025-07-18T02:20:00+02:00;2025-07-28T17:52:00+02:00;Viernes;Lunes;ZBS Segovia I;Urbano;C.A. Segovia;Segovia;Segovia;76;Mujer
2025-07-18T01:09:00+02:00;2025-07-22T19:55:00+02:00;Jueves;Martes;ZBS San Agustín;Urbano;C.A.U. Burgos;Burgos;Burgos;66;Hombre
2025-07-17T22:35:00+02:00;2025-07-28T17:18:00+02:00;Jueves;Lunes;ZBS Alamedilla;Urbano;C.A.U. Salamanca;Salamanca;Salamanca;84;Mujer
2025-07-17T22:05:00+02:00;2025-07-21T22:15:00+02:00;Jueves;Lunes;ZBS Ávila Estación;Urbano;C.A.U. Salamanca;Salamanca;Salamanca;72;Hombre
2025-07-17T21:43:00+02:00;2025-07-21T16:40:00+02:00;Jueves;Lunes;ZBS Ávila Rural;Rural;C.A. Ávila;Ávila;Ávila;87;Hombre
2025-07-17T20:41:00+02:00;2025-07-23T15:56:00+02:00;Jueves;Miércoles;ZBS El Burgo de Osma;Rural;C.A. Soria;Soria;Soria;100;Mujer
2025-07-17T19:51:00+02:00;2025-08-04T16:14:00+02:00;Jueves;Lunes;ZBS Sotillo de Adrada;Rural;C.A. Ávila;Ávila;Ávila;76;Mujer
2025-07-17T19:28:00+02:00;2025-07-22T17:15:00+02:00;Jueves;Martes;ZBS Laguna de Duero;Rural;H.U. Río Hortega;Valladolid Oeste;Valladolid;73;Mujer
2025-07-17T19:18:00+02:00;2025-07-21T17:49:00+02:00;Jueves;Lunes;ZBS Medina del Campo Rural;Rural;H.C.U. Valladolid;Valladolid Este;Valladolid;80;Mujer
2025-07-17T15:57:00+02:00;2025-07-22T18:30:00+02:00;Jueves;Martes;ZBS Huerta del Rey;Urbano;H.U. Río Hortega;Valladolid Oeste;Valladolid;87;Mujer
2025-07-17T15:51:00+02:00;2025-07-29T18:03:00+02:00;Jueves;Martes;ZBS Segovia Rural;Rural;C.A. Segovia;Segovia;Segovia;63;Mujer
2025-07-17T15:37:00+02:00;2025-07-20T19:50:00+02:00;Jueves;Domingo;Zona Desconocida;Otra;C.A.U. Palencia;Palencia;Palencia;83;Mujer
2025-07-17T13:47:00+02:00;2025-07-28T10:46:00+02:00;Jueves;Lunes;ZBS Mombuey;Rural;C.A. Zamora;Zamora;Zamora;89;Mujer
2025-07-17T11:03:00+02:00;2025-07-25T17:57:00+02:00;Jueves;Viernes;ZBS Ribera del Esla;Rural;C.A.U. León;León;León;57;Mujer
2025-07-17T01:46:00+02:00;2025-07-17T02:20:00+02:00;Miércoles;Jueves;Zona Desconocida;Otra;C.A.U. Palencia;Palencia;Palencia;83;Mujer
2025-07-16T23:27:00+02:00;2025-08-01T13:30:00+02:00;Miércoles;Viernes;ZBS Osorno;Rural;C.A.U. Palencia;Palencia;Palencia;92;Mujer
2025-07-16T23:06:00+02:00;2025-08-18T19:43:00+02:00;Miércoles;Lunes;ZBS Crucero;Urbano;C.A.U. León;León;León;83;Mujer
2025-07-16T22:37:00+02:00;2025-07-21T17:27:00+02:00;Miércoles;Lunes;ZBS Guijuelo;Rural;C.A.U. Salamanca;Salamanca;Salamanca;89;Hombre
2025-07-16T19:24:00+02:00;2025-08-04T19:05:00+02:00;Miércoles;Lunes;ZBS Los Cubos;Urbano;C.A.U. Burgos;Burgos;Burgos;67;Mujer
2025-07-16T19:10:00+02:00;2025-07-18T15:59:00+02:00;Miércoles;Viernes;ZBS San Antonio;Urbano;H. El Bierzo;Bierzo;León;78;Mujer
2025-07-16T19:03:00+02:00;2025-07-23T16:08:00+02:00;Miércoles;Miércoles;ZBS Huerta del Rey;Urbano;H.U. Río Hortega;Valladolid Oeste;Valladolid;65;Hombre
2025-07-16T17:20:00+02:00;2025-07-17T19:26:00+02:00;Miércoles;Jueves;ZBS Laguna de Duero;Rural;H.C.U. Valladolid;Valladolid Este;Valladolid;73;Mujer
2025-07-16T17:17:00+02:00;2025-07-23T18:59:00+02:00;Miércoles;Miércoles;ZBS Béjar;Urbano;C.A.U. Salamanca;Salamanca;Salamanca;79;Mujer
2025-07-16T16:47:00+02:00;2025-08-12T18:06:00+02:00;Miércoles;Martes;ZBS José Luis Santamaría;Urbano;C.A.U. Burgos;Burgos;Burgos;51;Mujer
2025-07-16T15:18:00+02:00;2025-07-22T15:55:00+02:00;Miércoles;Martes;ZBS Ponferrada IV;Urbano;H. El Bierzo;Bierzo;León;83;Mujer
2025-07-16T15:11:00+02:00;2025-07-21T16:04:00+02:00;Miércoles;Lunes;ZBS San Antonio;Urbano;H. El Bierzo;Bierzo;León;67;Hombre
2025-07-16T11:36:00+02:00;2025-07-21T17:49:00+02:00;Miércoles;Lunes;ZBS Rondilla I;Urbano;H.C.U. Valladolid;Valladolid Este;Valladolid;84;Mujer
2025-07-16T03:52:00+02:00;2025-08-01T17:49:00+02:00;Miércoles;Viernes;ZBS Benavente Norte;Urbano;C.A.U. Salamanca;Salamanca;Salamanca;31;Hombre
2025-07-16T02:45:00+02:00;2025-07-22T18:15:00+02:00;Miércoles;Martes;ZBS Béjar;Urbano;C.A.U. Salamanca;Salamanca;Salamanca;71;Mujer
2025-07-16T00:30:00+02:00;2025-07-18T14:18:00+02:00;Martes;Viernes;ZBS De la Puebla;Urbano;H.C.U. Valladolid;Valladolid Este;Valladolid;69;Hombre
2025-07-15T23:14:00+02:00;2025-07-18T16:26:00+02:00;Martes;Viernes;ZBS San Pedro Arroyo;Rural;C.A. Ávila;Ávila;Ávila;65;Hombre
2025-07-15T22:19:00+02:00;2025-07-23T13:20:00+02:00;Martes;Miércoles;ZBS Serrada;Rural;H.C.U. Valladolid;Valladolid Este;Valladolid;76;Hombre
2025-07-15T21:52:00+02:00;2025-07-18T23:12:00+02:00;Martes;Viernes;ZBS Mombeltrán;Rural;C.A. Ávila;Ávila;Ávila;33;Hombre
2025-07-15T21:03:00+02:00;2025-07-20T04:25:00+02:00;Martes;Domingo;ZBS Universidad Centro;Urbano;C.A.U. Salamanca;Salamanca;Salamanca;79;Hombre
2025-07-15T20:34:00+02:00;2025-07-18T18:18:00+02:00;Martes;Viernes;ZBS El Espinar;Rural;C.A. Segovia;Segovia;Segovia;54;Hombre
2025-07-15T18:34:00+02:00;2025-07-18T15:06:00+02:00;Martes;Viernes;ZBS Canterac;Urbano;H.C.U. Valladolid;Valladolid Este;Valladolid;40;Mujer
2025-07-15T17:23:00+02:00;2025-07-22T11:50:00+02:00;Martes;Martes;Zona Desconocida;Otra;C.A.U. Burgos;Burgos;Burgos;98;Mujer
2025-07-15T15:02:00+02:00;2025-07-17T14:30:00+02:00;Martes;Jueves;ZBS Mombuey;Rural;C.A.U. León;León;León;89;Mujer
2025-07-15T15:01:00+02:00;2025-07-16T18:32:00+02:00;Martes;Miércoles;ZBS Huerta del Rey;Urbano;H.C.U. Valladolid;Valladolid Este;Valladolid;65;Hombre
2025-07-15T14:46:00+02:00;2025-07-18T18:10:00+02:00;Martes;Viernes;ZBS Gamonal Antigua;Urbano;C.A.U. Burgos;Burgos;Burgos;76;Mujer
2025-07-15T13:43:00+02:00;2025-09-15T13:34:00+02:00;Martes;Lunes;ZBS Circular;Urbano;H.C.U. Valladolid;Valladolid Este;Valladolid;59;Mujer
2025-07-15T12:47:00+02:00;2025-07-15T22:30:00+02:00;Martes;Martes;ZBS Astorga I;Urbano;C.A.U. León;León;León;70;Hombre
2025-07-15T12:40:00+02:00;2025-07-18T18:19:00+02:00;Martes;Viernes;ZBS San Ildefonso;Rural;C.A. Segovia;Segovia;Segovia;88;Hombre
2025-07-15T05:01:00+02:00;2025-07-15T06:06:00+02:00;Martes;Martes;Zona Desconocida;Otra;C.A.U. Burgos;Burgos;Burgos;87;Mujer
2025-07-15T04:21:00+02:00;2025-07-17T18:13:00+02:00;Martes;Jueves;ZBS Huerta del Rey;Urbano;H.U. Río Hortega;Valladolid Oeste;Valladolid;79;Hombre
2025-07-15T03:24:00+02:00;2025-07-29T21:43:00+02:00;Martes;Martes;ZBS Ávila Sur Este;Urbano;C.A.U. Salamanca;Salamanca;Salamanca;78;Hombre
2025-07-15T03:09:00+02:00;2025-07-15T03:43:00+02:00;Martes;Martes;Zona Desconocida;Otra;C.A.U. Palencia;Palencia;Palencia;49;Mujer
2025-07-15T02:15:00+02:00;2025-07-17T19:45:00+02:00;Martes;Jueves;ZBS La Bañeza I;Urbano;C.A.U. León;León;León;87;Mujer
2025-07-15T00:20:00+02:00;2025-07-16T16:24:00+02:00;Lunes;Miércoles;ZBS Astorga I;Urbano;C.A.U. León;León;León;55;Hombre
2025-07-14T22:24:00+02:00;2025-07-15T15:53:00+02:00;Lunes;Martes;ZBS Ávila Estación;Urbano;C.A. Ávila;Ávila;Ávila;79;Mujer
2025-07-14T21:36:00+02:00;2025-07-16T18:43:00+02:00;Lunes;Miércoles;ZBS Baltanás;Rural;C.A.U. Palencia;Palencia;Palencia;93;Mujer
2025-07-14T18:31:00+02:00;2025-07-23T19:03:00+02:00;Lunes;Miércoles;ZBS Puerta Nueva;Urbano;C.A.U. Salamanca;Salamanca;Salamanca;74;Hombre
2025-07-14T18:22:00+02:00;2025-07-17T20:13:00+02:00;Lunes;Jueves;ZBS Sta. María del Páramo;Rural;C.A.U. León;León;León;85;Hombre
2025-07-14T18:04:00+02:00;2025-07-18T12:29:00+02:00;Lunes;Viernes;Zona Desconocida;Otra;H.C.U. Valladolid;Valladolid Este;Valladolid;57;Hombre
2025-07-14T17:30:00+02:00;2025-07-31T21:35:00+02:00;Lunes;Jueves;ZBS Ribera del Órbigo;Rural;C.A.U. León;León;León;83;Mujer
2025-07-14T17:01:00+02:00;2025-07-22T10:25:00+02:00;Lunes;Martes;ZBS Toro;Urbano;C.A. Zamora;Zamora;Zamora;82;Hombre
2025-07-14T16:54:00+02:00;2025-07-17T18:13:00+02:00;Lunes;Jueves;ZBS Arturo Eyries;Urbano;H.U. Río Hortega;Valladolid Oeste;Valladolid;63;Hombre
2025-07-14T13:06:00+02:00;2025-07-24T20:40:00+02:00;Lunes;Jueves;ZBS Santa Clara;Urbano;C.A.U. Burgos;Burgos;Burgos;77;Mujer
2025-07-14T12:39:00+02:00;2025-07-16T17:24:00+02:00;Lunes;Miércoles;ZBS Medina del Campo Rural;Rural;H.C.U. Valladolid;Valladolid Este;Valladolid;77;Mujer
2025-07-14T04:22:00+02:00;2025-07-17T18:34:00+02:00;Lunes;Jueves;ZBS Sotillo de Adrada;Rural;C.A.U. Salamanca;Salamanca;Salamanca;76;Mujer
2025-07-14T04:17:00+02:00;2025-07-15T22:35:00+02:00;Lunes;Martes;ZBS San Pedro Arroyo;Rural;C.A.U. Salamanca;Salamanca;Salamanca;65;Hombre
2025-07-14T03:58:00+02:00;2025-07-15T17:37:00+02:00;Lunes;Martes;ZBS San Agustín;Urbano;C.A.U. Burgos;Burgos;Burgos;54;Hombre
2025-07-14T01:47:00+02:00;2025-07-29T16:16:00+02:00;Domingo;Martes;ZBS Ávila Sur Este;Urbano;C.A. Ávila;Ávila;Ávila;85;Mujer
2025-07-14T00:41:00+02:00;2025-07-18T12:29:00+02:00;Domingo;Viernes;ZBS Benavente Norte;Urbano;H.C.U. Valladolid;Valladolid Este;Valladolid;66;Hombre
2025-07-14T00:23:00+02:00;2025-07-18T17:12:00+02:00;Domingo;Viernes;ZBS José Aguado II;Urbano;C.A.U. León;León;León;81;Mujer
2025-07-13T22:08:00+02:00;2025-07-28T14:16:00+02:00;Domingo;Lunes;ZBS Quintanar de la Sierra;Rural;C.A.U. Burgos;Burgos;Burgos;80;Mujer
2025-07-13T21:51:00+02:00;2025-07-28T17:52:00+02:00;Domingo;Lunes;ZBS Segovia III;Urbano;C.A. Segovia;Segovia;Segovia;85;Mujer
2025-07-13T21:42:00+02:00;2025-07-15T21:49:00+02:00;Domingo;Martes;ZBS Bembibre;Rural;C.A.U. León;León;León;89;Mujer
2025-07-13T19:39:00+02:00;2025-07-31T22:35:00+02:00;Domingo;Jueves;ZBS Eras de Renueva;Urbano;C.A.U. León;León;León;87;Mujer
2025-07-13T16:48:00+02:00;2025-07-14T20:38:00+02:00;Domingo;Lunes;ZBS Baltanás;Rural;H.C.U. Valladolid;Valladolid Este;Valladolid;93;Mujer
2025-07-13T14:22:00+02:00;2025-07-22T15:56:00+02:00;Domingo;Martes;ZBS Ponferrada III;Urbano;H. El Bierzo;Bierzo;León;65;Mujer
2025-07-13T12:04:00+02:00;2025-07-23T20:10:00+02:00;Domingo;Miércoles;ZBS San Leonardo de Yagüe;Rural;C.A. Soria;Soria;Soria;71;Mujer
2025-07-13T04:25:00+02:00;2025-07-16T18:42:00+02:00;Domingo;Miércoles;ZBS Saldaña;Rural;C.A.U. Palencia;Palencia;Palencia;96;Hombre
2025-07-13T02:57:00+02:00;2025-07-16T17:31:00+02:00;Domingo;Miércoles;ZBS Roa de Duero;Rural;C.A.U. Burgos;Burgos;Burgos;84;Hombre
2025-07-13T02:23:00+02:00;2025-08-05T19:31:00+02:00;Domingo;Martes;ZBS Valencia de D. Juan;Rural;C.A.U. León;León;León;70;Hombre
2025-07-13T01:03:00+02:00;2025-07-29T09:22:00+02:00;Sábado;Martes;ZBS Barco de Ávila;Rural;C.A. Ávila;Ávila;Ávila;72;Hombre
2025-07-13T00:55:00+02:00;2025-07-15T16:05:00+02:00;Sábado;Martes;ZBS Cristobal Acosta;Urbano;C.A.U. Burgos;Burgos;Burgos;87;Mujer
2025-07-12T23:31:00+02:00;2025-07-16T17:17:00+02:00;Sábado;Miércoles;ZBS Laguna de Duero;Rural;H.U. Río Hortega;Valladolid Oeste;Valladolid;63;Hombre
2025-07-12T22:25:00+02:00;2025-07-23T15:20:00+02:00;Sábado;Miércoles;ZBS Gamonal Antigua;Urbano;C.A.U. Burgos;Burgos;Burgos;55;Mujer
2025-07-12T21:28:00+02:00;2025-07-25T17:30:00+02:00;Sábado;Viernes;ZBS Las Huelgas;Urbano;C.A.U. Burgos;Burgos;Burgos;56;Hombre
2025-07-12T21:03:00+02:00;2025-07-22T18:55:00+02:00;Sábado;Martes;ZBS Ponferrada IV;Urbano;H. El Bierzo;Bierzo;León;77;Mujer
2025-07-12T21:02:00+02:00;2025-07-14T15:58:00+02:00;Sábado;Lunes;ZBS Cacabelos;Rural;H. El Bierzo;Bierzo;León;81;Hombre
2025-07-12T19:52:00+02:00;2025-07-14T17:11:00+02:00;Sábado;Lunes;ZBS Sta. María del Páramo;Rural;C.A.U. León;León;León;81;Hombre
2025-07-12T03:38:00+02:00;2025-07-13T15:45:00+02:00;Sábado;Domingo;ZBS Segovia II;Urbano;C.A. Segovia;Segovia;Segovia;75;Mujer
2025-07-12T02:37:00+02:00;2025-07-19T19:26:00+02:00;Sábado;Sábado;ZBS José Aguado II;Urbano;C.A.U. León;León;León;73;Mujer
2025-07-11T22:45:00+02:00;2025-07-16T18:27:00+02:00;Viernes;Miércoles;ZBS Cigales;Rural;H.C.U. Valladolid;Valladolid Este;Valladolid;94;Mujer
2025-07-11T22:14:00+02:00;2025-07-24T16:23:00+02:00;Viernes;Jueves;ZBS Pisuerga;Rural;H.U. Río Hortega;Valladolid Oeste;Valladolid;95;Mujer
2025-07-11T19:44:00+02:00;2025-07-14T17:48:00+02:00;Viernes;Lunes;ZBS Burgos Rural Norte;Rural;C.A.U. Burgos;Burgos;Burgos;69;Hombre
2025-07-11T19:20:00+02:00;2025-07-14T16:21:00+02:00;Viernes;Lunes;ZBS Bierzo;Urbano;H. El Bierzo;Bierzo;León;77;Mujer
2025-07-11T18:57:00+02:00;2025-07-23T17:45:00+02:00;Viernes;Miércoles;ZBS Portillo;Rural;H.C.U. Valladolid;Valladolid Este;Valladolid;68;Mujer
2025-07-11T18:21:00+02:00;2025-07-13T14:50:00+02:00;Viernes;Domingo;ZBS Cuéllar;Urbano;C.A. Segovia;Segovia;Segovia;94;Hombre
2025-07-11T16:58:00+02:00;2025-07-25T17:54:00+02:00;Viernes;Viernes;ZBS Ávila Norte;Urbano;C.A. Ávila;Ávila;Ávila;72;Hombre
2025-07-11T16:39:00+02:00;2025-07-16T14:30:00+02:00;Viernes;Miércoles;Zona Desconocida;Otra;C.A. Segovia;Segovia;Segovia;84;Mujer
2025-07-11T14:16:00+02:00;2025-07-16T17:57:00+02:00;Viernes;Miércoles;ZBS Garrido Sur;Urbano;C.A.U. Salamanca;Salamanca;Salamanca;84;Mujer
2025-07-11T03:54:00+02:00;2025-07-18T18:19:00+02:00;Viernes;Viernes;ZBS Segovia II;Urbano;C.A. Segovia;Segovia;Segovia;76;Hombre
2025-07-11T03:28:00+02:00;2025-07-18T20:57:00+02:00;Viernes;Viernes;ZBS Cigales;Rural;H.C.U. Valladolid;Valladolid Este;Valladolid;80;Hombre
2025-07-11T02:55:00+02:00;2025-07-24T15:52:00+02:00;Viernes;Jueves;ZBS Tudela;Rural;H.C.U. Valladolid;Valladolid Este;Valladolid;89;Mujer
2025-07-11T01:11:00+02:00;2025-07-13T16:25:00+02:00;Jueves;Domingo;ZBS Linares de Riofrío;Rural;C.A.U. Salamanca;Salamanca;Salamanca;98;Mujer
2025-07-11T00:56:00+02:00;2025-07-11T15:01:00+02:00;Jueves;Viernes;ZBS Aranda Norte;Urbano;C.A.U. León;León;León;79;Hombre
2025-07-11T00:53:00+02:00;2025-07-16T19:14:00+02:00;Jueves;Miércoles;ZBS Cuenca del Bernesga;Rural;C.A.U. León;León;León;79;Mujer
2025-07-10T23:40:00+02:00;2025-07-14T18:04:00+02:00;Jueves;Lunes;ZBS Peñaranda;Rural;C.A.U. Salamanca;Salamanca;Salamanca;74;Mujer
2025-07-10T22:27:00+02:00;2025-07-15T18:24:00+02:00;Jueves;Martes;ZBS Fuente de San Esteban;Rural;C.A.U. Salamanca;Salamanca;Salamanca;69;Mujer
2025-07-10T20:16:00+02:00;2025-07-17T23:40:00+02:00;Jueves;Jueves;ZBS Lerma;Rural;C.A.U. Burgos;Burgos;Burgos;83;Hombre
2025-07-10T18:33:00+02:00;2025-07-22T17:52:00+02:00;Jueves;Martes;ZBS Gamonal las Torres;Urbano;C.A.U. Burgos;Burgos;Burgos;43;Hombre
2025-07-10T16:15:00+02:00;2025-07-18T19:57:00+02:00;Jueves;Viernes;ZBS Pisuerga;Rural;H.C.U. Valladolid;Valladolid Este;Valladolid;88;Mujer
2025-07-10T06:55:00+02:00;2025-07-15T17:39:00+02:00;Jueves;Martes;ZBS Gamonal las Torres;Urbano;C.A.U. Burgos;Burgos;Burgos;88;Hombre
2025-07-10T01:49:00+02:00;2025-07-15T18:05:00+02:00;Miércoles;Martes;ZBS Ciudad Rodrigo;Urbano;C.A.U. Salamanca;Salamanca;Salamanca;72;Mujer
2025-07-09T23:10:00+02:00;2025-07-17T15:58:00+02:00;Miércoles;Jueves;ZBS Olmedo;Rural;H.C.U. Valladolid;Valladolid Este;Valladolid;79;Mujer
2025-07-09T23:01:00+02:00;2025-07-16T16:23:00+02:00;Miércoles;Miércoles;ZBS Eras de Renueva;Urbano;C.A.U. León;León;León;94;Mujer
2025-07-09T22:34:00+02:00;2025-08-07T16:18:00+02:00;Miércoles;Jueves;ZBS San Antonio;Urbano;H. El Bierzo;Bierzo;León;84;Hombre
2025-07-09T21:55:00+02:00;2025-07-17T17:45:00+02:00;Miércoles;Jueves;ZBS San Andrés del Rabanedo;Rural;C.A.U. León;León;León;51;Mujer
2025-07-09T21:26:00+02:00;2025-07-20T16:19:00+02:00;Miércoles;Domingo;ZBS Carrión de los Condes;Rural;C.A.U. Palencia;Palencia;Palencia;81;Hombre
2025-07-09T19:43:00+02:00;2025-07-17T17:41:00+02:00;Miércoles;Jueves;ZBS Aranda Rural;Rural;C.A.U. Burgos;Burgos;Burgos;80;Hombre
2025-07-09T19:22:00+02:00;2025-07-15T18:24:00+02:00;Miércoles;Martes;ZBS Alamedilla;Urbano;C.A.U. Salamanca;Salamanca;Salamanca;65;Hombre
2025-07-09T19:11:00+02:00;2025-07-22T19:11:00+02:00;Miércoles;Martes;ZBS Burgos Rural Norte;Rural;C.A.U. Burgos;Burgos;Burgos;74;Hombre
2025-07-09T19:03:00+02:00;2025-07-13T11:28:00+02:00;Miércoles;Domingo;ZBS Ávila Estación;Urbano;C.A.U. Salamanca;Salamanca;Salamanca;9;Mujer
2025-07-09T18:52:00+02:00;2025-07-10T17:13:00+02:00;Miércoles;Jueves;ZBS Benavente Sur;Urbano;C.A. Zamora;Zamora;Zamora;69;Hombre
2025-07-09T18:18:00+02:00;2025-07-14T18:02:00+02:00;Miércoles;Lunes;ZBS Ávila Norte;Urbano;C.A. Ávila;Ávila;Ávila;85;Hombre
2025-07-09T17:57:00+02:00;2025-07-09T20:57:00+02:00;Miércoles;Miércoles;ZBS Arévalo;Urbano;C.A. Ávila;Ávila;Ávila;66;Mujer
2025-07-09T17:09:00+02:00;2025-07-15T18:10:00+02:00;Miércoles;Martes;ZBS Canterac;Urbano;H.C.U. Valladolid;Valladolid Este;Valladolid;81;Hombre
2025-07-09T16:42:00+02:00;2025-07-11T18:08:00+02:00;Miércoles;Viernes;ZBS Bierzo;Urbano;C.A.U. León;León;León;76;Mujer
2025-07-09T15:23:00+02:00;2025-07-23T19:05:00+02:00;Miércoles;Miércoles;ZBS Valencia de D. Juan;Rural;C.A.U. León;León;León;71;Mujer
2025-07-09T14:35:00+02:00;2025-07-14T18:03:00+02:00;Miércoles;Lunes;ZBS Muñana;Rural;C.A. Ávila;Ávila;Ávila;73;Hombre
2025-07-09T13:42:00+02:00;2025-07-14T17:41:00+02:00;Miércoles;Lunes;ZBS Corrales del Vino;Rural;C.A.U. Salamanca;Salamanca;Salamanca;76;Mujer
2025-07-09T13:07:00+02:00;2025-07-15T18:53:00+02:00;Miércoles;Martes;ZBS Tórtola;Urbano;H.C.U. Valladolid;Valladolid Este;Valladolid;90;Hombre
2025-07-09T12:43:00+02:00;2025-07-15T18:30:00+02:00;Miércoles;Martes;ZBS Navafría;Rural;C.A. Segovia;Segovia;Segovia;69;Hombre
2025-07-09T03:55:00+02:00;2025-07-16T17:42:00+02:00;Miércoles;Miércoles;ZBS Los Cubos;Urbano;H.C.U. Valladolid;Valladolid Este;Valladolid;67;Mujer
2025-07-09T02:27:00+02:00;2025-07-11T17:56:00+02:00;Miércoles;Viernes;ZBS Arévalo;Urbano;C.A. Ávila;Ávila;Ávila;84;Mujer
2025-07-09T02:25:00+02:00;2025-07-14T18:03:00+02:00;Miércoles;Lunes;ZBS Ávila Norte;Urbano;C.A. Ávila;Ávila;Ávila;45;Hombre
2025-07-09T00:22:00+02:00;2025-07-09T02:30:00+02:00;Martes;Miércoles;ZBS Los Cubos;Urbano;C.A.U. Burgos;Burgos;Burgos;67;Mujer
2025-07-08T23:24:00+02:00;2025-07-09T16:25:00+02:00;Martes;Miércoles;ZBS Bañeza II;Rural;C.A.U. León;León;León;79;Mujer
2025-07-08T23:03:00+02:00;2025-07-25T11:05:00+02:00;Martes;Viernes;ZBS Miguel Armijo;Urbano;C.A.U. Salamanca;Salamanca;Salamanca;44;Hombre
2025-07-08T22:25:00+02:00;2025-07-18T16:42:00+02:00;Martes;Viernes;ZBS Arenas de San Pedro;Rural;C.A. Ávila;Ávila;Ávila;76;Mujer
2025-07-08T22:24:00+02:00;2025-07-11T17:41:00+02:00;Martes;Viernes;ZBS Cristobal Acosta;Urbano;C.A.U. Burgos;Burgos;Burgos;76;Mujer
2025-07-08T21:07:00+02:00;2025-07-10T21:14:00+02:00;Martes;Jueves;ZBS Periurbana Sur;Rural;C.A.U. Salamanca;Salamanca;Salamanca;98;Mujer
2025-07-08T20:10:00+02:00;2025-07-16T18:04:00+02:00;Martes;Miércoles;ZBS Cebreros;Rural;C.A. Ávila;Ávila;Ávila;42;Mujer
2025-07-08T20:03:00+02:00;2025-07-25T15:34:00+02:00;Martes;Viernes;ZBS Venta de Baños;Rural;C.A.U. Palencia;Palencia;Palencia;94;Hombre
2025-07-08T18:21:00+02:00;2025-07-14T19:27:00+02:00;Martes;Lunes;ZBS Segovia Rural;Rural;C.A. Segovia;Segovia;Segovia;78;Hombre
2025-07-08T18:17:00+02:00;2025-07-14T17:39:00+02:00;Martes;Lunes;ZBS Santa Marta de Tormes;Rural;C.A.U. Salamanca;Salamanca;Salamanca;83;Mujer
2025-07-08T18:08:00+02:00;2025-07-15T18:25:00+02:00;Martes;Martes;ZBS Delicias I;Urbano;H.U. Río Hortega;Valladolid Oeste;Valladolid;84;Mujer
2025-07-08T17:34:00+02:00;2025-07-11T16:27:00+02:00;Martes;Viernes;ZBS Ponferrada IV;Urbano;H. El Bierzo;Bierzo;León;80;Hombre
2025-07-08T16:48:00+02:00;2025-07-16T13:35:00+02:00;Martes;Miércoles;ZBS Parada del Molino;Urbano;C.A. Zamora;Zamora;Zamora;60;Mujer
2025-07-08T04:55:00+02:00;2025-07-17T16:00:00+02:00;Martes;Jueves;ZBS José Luis Santamaría;Urbano;C.A.U. Burgos;Burgos;Burgos;57;Mujer
2025-07-08T02:36:00+02:00;2025-07-11T20:03:00+02:00;Martes;Viernes;ZBS Villacastín;Rural;C.A.U. Salamanca;Salamanca;Salamanca;85;Mujer
2025-07-08T01:52:00+02:00;2025-07-09T14:45:00+02:00;Lunes;Miércoles;ZBS Fuenteguinaldo;Rural;C.A.U. Salamanca;Salamanca;Salamanca;77;Hombre
2025-07-08T00:53:00+02:00;2025-07-10T01:45:00+02:00;Lunes;Miércoles;ZBS Benavente Sur;Urbano;C.A.U. León;León;León;69;Hombre
2025-07-07T22:57:00+02:00;2025-07-11T17:49:00+02:00;Lunes;Viernes;ZBS Ávila Sur Este;Urbano;C.A. Ávila;Ávila;Ávila;74;Hombre
2025-07-07T22:41:00+02:00;2025-07-15T21:18:00+02:00;Lunes;Martes;ZBS Plaza del Ejército;Urbano;H.U. Río Hortega;Valladolid Oeste;Valladolid;85;Mujer
2025-07-07T22:29:00+02:00;2025-07-21T19:23:00+02:00;Lunes;Lunes;ZBS Fuentesaúco;Rural;C.A. Segovia;Segovia;Segovia;88;Hombre
2025-07-07T21:59:00+02:00;2025-07-13T02:50:00+02:00;Lunes;Domingo;ZBS Fuente de San Esteban;Rural;C.A.U. Salamanca;Salamanca;Salamanca;76;Hombre
2025-07-07T20:54:00+02:00;2025-07-10T16:46:00+02:00;Lunes;Jueves;ZBS Ávila Estación;Urbano;C.A. Ávila;Ávila;Ávila;65;Mujer
2025-07-07T20:45:00+02:00;2025-07-14T17:32:00+02:00;Lunes;Lunes;ZBS Peñaranda;Rural;C.A.U. Salamanca;Salamanca;Salamanca;87;Mujer
2025-07-07T20:44:00+02:00;2025-07-14T22:06:00+02:00;Lunes;Lunes;ZBS De la Puebla;Urbano;H.C.U. Valladolid;Valladolid Este;Valladolid;80;Hombre
2025-07-07T20:11:00+02:00;2025-07-11T16:10:00+02:00;Lunes;Viernes;ZBS Medina del Campo Rural;Rural;H.C.U. Valladolid;Valladolid Este;Valladolid;73;Hombre
2025-07-07T19:59:00+02:00;2025-07-14T19:27:00+02:00;Lunes;Lunes;ZBS Segovia Rural;Rural;C.A. Segovia;Segovia;Segovia;61;Hombre
2025-07-07T18:48:00+02:00;2025-07-15T15:16:00+02:00;Lunes;Martes;ZBS Virgen de la Concha;Urbano;C.A. Zamora;Zamora;Zamora;73;Hombre
2025-07-07T17:32:00+02:00;2025-07-16T20:36:00+02:00;Lunes;Miércoles;ZBS San Antonio;Urbano;C.A.U. León;León;León;78;Mujer
2025-07-07T14:02:00+02:00;2025-07-09T14:13:00+02:00;Lunes;Miércoles;ZBS Muñana;Rural;C.A.U. Salamanca;Salamanca;Salamanca;73;Hombre
2025-07-07T13:07:00+02:00;2025-07-25T21:38:00+02:00;Lunes;Viernes;ZBS Circunvalación;Urbano;H.C.U. Valladolid;Valladolid Este;Valladolid;69;Hombre
2025-07-07T09:22:00+02:00;2025-07-11T15:40:00+02:00;Lunes;Viernes;ZBS Piedrahita;Rural;C.A.U. Salamanca;Salamanca;Salamanca;76;Hombre
2025-07-07T04:28:00+02:00;2025-07-10T21:14:00+02:00;Lunes;Jueves;ZBS San José;Urbano;C.A.U. Salamanca;Salamanca;Salamanca;67;Hombre
2025-07-07T02:22:00+02:00;2025-07-11T19:30:00+02:00;Lunes;Viernes;ZBS San Juan;Urbano;C.A.U. Salamanca;Salamanca;Salamanca;64;Hombre
2025-07-07T02:22:00+02:00;2025-07-15T16:19:00+02:00;Lunes;Martes;ZBS Villablino;Rural;H. El Bierzo;Bierzo;León;64;Hombre
2025-07-07T02:21:00+02:00;2025-07-09T15:54:00+02:00;Lunes;Miércoles;ZBS Ponferrada III;Urbano;H. El Bierzo;Bierzo;León;85;Hombre
2025-07-06T23:37:00+02:00;2025-07-11T18:40:00+02:00;Domingo;Viernes;ZBS Villafrechós;Rural;H.U. Río Hortega;Valladolid Oeste;Valladolid;95;Mujer
2025-07-06T23:35:00+02:00;2025-07-09T18:27:00+02:00;Domingo;Miércoles;ZBS Ávila Estación;Urbano;C.A. Ávila;Ávila;Ávila;9;Mujer
2025-07-06T21:26:00+02:00;2025-07-10T17:35:00+02:00;Domingo;Jueves;ZBS Miranda Oeste;Urbano;C.A.U. Burgos;Burgos;Burgos;78;Mujer
2025-07-06T20:58:00+02:00;2025-07-08T18:00:00+02:00;Domingo;Martes;ZBS Delicias I;Urbano;H.C.U. Valladolid;Valladolid Este;Valladolid;84;Mujer
2025-07-06T20:15:00+02:00;2025-07-08T18:08:00+02:00;Domingo;Martes;ZBS Periurbana Norte;Rural;C.A.U. Salamanca;Salamanca;Salamanca;92;Hombre
2025-07-06T17:57:00+02:00;2025-07-31T20:50:00+02:00;Domingo;Jueves;ZBS La Bañeza I;Urbano;C.A.U. León;León;León;88;Mujer
2025-07-06T17:44:00+02:00;2025-07-10T16:52:00+02:00;Domingo;Jueves;ZBS Trobajo del Camino;Rural;C.A.U. León;León;León;58;Mujer
2025-07-06T17:43:00+02:00;2025-07-22T13:21:00+02:00;Domingo;Martes;ZBS De la Puebla;Urbano;H.C.U. Valladolid;Valladolid Este;Valladolid;52;Hombre
2025-07-06T15:53:00+02:00;2025-07-11T16:30:00+02:00;Domingo;Viernes;ZBS Bembibre;Rural;H. El Bierzo;Bierzo;León;87;Hombre
2025-07-06T15:48:00+02:00;2025-07-10T23:50:00+02:00;Domingo;Jueves;ZBS Laguna de Duero;Rural;H.U. Río Hortega;Valladolid Oeste;Valladolid;97;Mujer
2025-07-06T15:07:00+02:00;2025-07-21T18:26:00+02:00;Domingo;Lunes;ZBS Ribera del Órbigo;Rural;C.A.U. León;León;León;78;Hombre
2025-07-06T15:05:00+02:00;2025-07-08T16:17:00+02:00;Domingo;Martes;ZBS Rondilla I;Urbano;C.A.U. Salamanca;Salamanca;Salamanca;62;Mujer
2025-07-06T14:16:00+02:00;2025-07-08T22:32:00+02:00;Domingo;Martes;ZBS García Lorca;Urbano;C.A.U. Burgos;Burgos;Burgos;67;Hombre
2025-07-06T12:26:00+02:00;2025-07-09T21:57:00+02:00;Domingo;Miércoles;ZBS Circular;Urbano;H.C.U. Valladolid;Valladolid Este;Valladolid;77;Hombre
2025-07-06T03:31:00+02:00;2025-07-07T15:31:00+02:00;Domingo;Lunes;ZBS San Antonio;Urbano;H. El Bierzo;Bierzo;León;78;Mujer
2025-07-06T02:55:00+02:00;2025-07-11T16:44:00+02:00;Domingo;Viernes;ZBS Bembibre;Rural;H. El Bierzo;Bierzo;León;95;Mujer
2025-07-06T01:36:00+02:00;2025-07-11T00:20:00+02:00;Sábado;Jueves;ZBS Ávila Estación;Urbano;C.A. Ávila;Ávila;Ávila;79;Mujer
2025-07-05T22:56:00+02:00;2025-07-07T20:00:00+02:00;Sábado;Lunes;ZBS Ávila Rural;Rural;C.A.U. Salamanca;Salamanca;Salamanca;57;Hombre
2025-07-05T22:14:00+02:00;2025-08-08T15:02:00+02:00;Sábado;Viernes;ZBS Palencia Rural;Rural;C.A.U. Palencia;Palencia;Palencia;82;Mujer
2025-07-05T21:13:00+02:00;2025-07-07T20:53:00+02:00;Sábado;Lunes;ZBS Fuentesaúco;Rural;H.C.U. Valladolid;Valladolid Este;Valladolid;88;Hombre
2025-07-05T20:30:00+02:00;2025-07-22T21:26:00+02:00;Sábado;Martes;ZBS Garrido Norte;Urbano;C.A.U. Salamanca;Salamanca;Salamanca;55;Mujer
2025-07-05T19:34:00+02:00;2025-07-06T13:45:00+02:00;Sábado;Domingo;ZBS San Andrés del Rabanedo;Rural;C.A.U. León;León;León;36;Hombre
2025-07-05T18:59:00+02:00;2025-07-08T18:09:00+02:00;Sábado;Martes;ZBS Puerta Nueva;Urbano;C.A.U. Salamanca;Salamanca;Salamanca;74;Hombre
2025-07-05T16:00:00+02:00;2025-07-30T18:09:00+02:00;Sábado;Miércoles;ZBS Medina de Rioseco;Rural;H.U. Río Hortega;Valladolid Oeste;Valladolid;82;Hombre
2025-07-05T12:24:00+02:00;2025-07-11T20:59:00+02:00;Sábado;Viernes;ZBS Vitigudino;Rural;C.A.U. Salamanca;Salamanca;Salamanca;83;Hombre
2025-07-05T09:05:00+02:00;2025-07-30T18:00:00+02:00;Sábado;Miércoles;ZBS La Palomera;Urbano;C.A.U. León;León;León;61;Hombre
2025-07-05T05:37:00+02:00;2025-07-17T11:41:00+02:00;Sábado;Jueves;ZBS Plaza del Ejército;Urbano;H.U. Río Hortega;Valladolid Oeste;Valladolid;92;Mujer
2025-07-05T02:53:00+02:00;2025-07-11T16:39:00+02:00;Sábado;Viernes;ZBS Laguna de Duero;Rural;H.U. Río Hortega;Valladolid Oeste;Valladolid;68;Mujer
2025-07-05T02:44:00+02:00;2025-07-11T14:42:00+02:00;Sábado;Viernes;Zona Desconocida;Otra;H.C.U. Valladolid;Valladolid Este;Valladolid;84;Mujer
2025-07-05T02:37:00+02:00;2025-07-10T16:48:00+02:00;Sábado;Jueves;ZBS Ávila Sur Oeste;Urbano;C.A. Ávila;Ávila;Ávila;95;Hombre
2025-07-05T02:13:00+02:00;2025-07-09T15:09:00+02:00;Sábado;Miércoles;ZBS Salas de los Infantes;Rural;C.A.U. Burgos;Burgos;Burgos;65;Hombre
2025-07-05T02:01:00+02:00;2025-07-08T17:12:00+02:00;Sábado;Martes;Zona Desconocida;Otra;C.A.U. León;León;León;87;Mujer
2025-07-05T01:40:00+02:00;2025-07-09T21:31:00+02:00;Viernes;Miércoles;ZBS Trobajo del Camino;Rural;C.A.U. León;León;León;91;Mujer
2025-07-04T23:20:00+02:00;2025-07-05T01:03:00+02:00;Viernes;Viernes;Zona Desconocida;Otra;C.A. Segovia;Segovia;Segovia;84;Mujer
2025-07-04T23:08:00+02:00;2025-07-08T18:46:00+02:00;Viernes;Martes;ZBS Calzada de Valdunciel;Rural;C.A.U. Salamanca;Salamanca;Salamanca;82;Mujer
2025-07-04T22:37:00+02:00;2025-08-07T19:52:00+02:00;Viernes;Jueves;ZBS Soria Norte;Urbano;C.A. Soria;Soria;Soria;79;Mujer
2025-07-04T22:28:00+02:00;2025-07-08T00:00:00+02:00;Viernes;Lunes;ZBS Ávila Sur Este;Urbano;C.A.U. Salamanca;Salamanca;Salamanca;74;Hombre
2025-07-04T21:04:00+02:00;2025-07-08T15:34:00+02:00;Viernes;Martes;ZBS Camarzana de Tera;Rural;C.A. Zamora;Zamora;Zamora;91;Mujer
2025-07-04T20:42:00+02:00;2025-07-10T17:37:00+02:00;Viernes;Jueves;ZBS Pampliega;Rural;C.A.U. Burgos;Burgos;Burgos;87;Hombre
2025-07-04T19:41:00+02:00;2025-07-09T20:18:00+02:00;Viernes;Miércoles;ZBS Carbonero El Mayor;Rural;C.A. Segovia;Segovia;Segovia;89;Mujer
2025-07-04T17:40:00+02:00;2025-07-11T20:02:00+02:00;Viernes;Viernes;ZBS Ávila Estación;Urbano;C.A.U. Salamanca;Salamanca;Salamanca;77;Hombre
2025-07-04T16:06:00+02:00;2025-07-09T19:53:00+02:00;Viernes;Miércoles;ZBS Aranda Rural;Rural;H. Santos Reyes;Burgos;Burgos;95;Mujer
2025-07-04T11:58:00+02:00;2025-07-07T19:44:00+02:00;Viernes;Lunes;ZBS Virgen de la Concha;Urbano;C.A.U. Salamanca;Salamanca;Salamanca;73;Hombre
2025-07-04T11:20:00+02:00;2025-07-09T14:12:00+02:00;Viernes;Miércoles;ZBS Valladolid Rural I;Rural;H.C.U. Valladolid;Valladolid Este;Valladolid;69;Hombre
2025-07-04T02:47:00+02:00;2025-07-14T11:47:00+02:00;Viernes;Lunes;ZBS I. López Sáiz;Urbano;C.A.U. Burgos;Burgos;Burgos;66;Mujer
2025-07-04T00:00:00+02:00;2025-07-07T19:46:00+02:00;Jueves;Lunes;ZBS Ávila Estación;Urbano;C.A.U. Salamanca;Salamanca;Salamanca;65;Mujer
2025-07-03T23:09:00+02:00;2025-07-07T16:41:00+02:00;Jueves;Lunes;Zona Desconocida;Otra;H.C.U. Valladolid;Valladolid Este;Valladolid;65;Hombre
2025-07-03T22:53:00+02:00;2025-07-10T19:00:00+02:00;Jueves;Jueves;ZBS Toreno;Rural;H. El Bierzo;Bierzo;León;66;Hombre
2025-07-03T22:16:00+02:00;2025-07-07T23:45:00+02:00;Jueves;Lunes;ZBS Armunia;Rural;C.A.U. León;León;León;88;Hombre
2025-07-03T22:05:00+02:00;2025-07-17T07:34:00+02:00;Jueves;Jueves;ZBS Delicias II;Urbano;H.U. Río Hortega;Valladolid Oeste;Valladolid;94;Mujer
2025-07-03T21:21:00+02:00;2025-07-07T20:30:00+02:00;Jueves;Lunes;ZBS Puerta Nueva;Urbano;C.A.U. Salamanca;Salamanca;Salamanca;83;Hombre
2025-07-03T21:20:00+02:00;2025-07-07T17:02:00+02:00;Jueves;Lunes;ZBS Toro;Urbano;C.A. Zamora;Zamora;Zamora;75;Mujer
2025-07-03T20:52:00+02:00;2025-07-08T18:07:00+02:00;Jueves;Martes;ZBS Cebreros;Rural;C.A.U. Salamanca;Salamanca;Salamanca;42;Mujer
2025-07-03T20:04:00+02:00;2025-07-11T11:52:00+02:00;Jueves;Viernes;ZBS Camarzana de Tera;Rural;C.A. Zamora;Zamora;Zamora;94;Hombre
2025-07-03T17:19:00+02:00;2025-07-08T20:41:00+02:00;Jueves;Martes;ZBS Arenas de San Pedro;Rural;C.A.U. Salamanca;Salamanca;Salamanca;76;Mujer
2025-07-03T03:58:00+02:00;2025-07-07T16:41:00+02:00;Jueves;Lunes;ZBS Circunvalación;Urbano;H.C.U. Valladolid;Valladolid Este;Valladolid;41;Hombre
2025-07-03T03:55:00+02:00;2025-07-07T17:22:00+02:00;Jueves;Lunes;ZBS José Aguado II;Urbano;C.A.U. León;León;León;78;Hombre
2025-07-03T03:25:00+02:00;2025-07-10T21:13:00+02:00;Jueves;Jueves;ZBS Vitigudino;Rural;C.A.U. Salamanca;Salamanca;Salamanca;89;Hombre
2025-07-03T02:52:00+02:00;2025-07-04T08:55:00+02:00;Jueves;Viernes;ZBS Tórtola;Urbano;H.C.U. Valladolid;Valladolid Este;Valladolid;91;Hombre
2025-07-03T02:15:00+02:00;2025-07-09T16:27:00+02:00;Jueves;Miércoles;ZBS Santa Clara;Urbano;C.A.U. Burgos;Burgos;Burgos;92;Hombre
2025-07-02T23:26:00+02:00;2025-07-07T20:34:00+02:00;Miércoles;Lunes;ZBS Béjar;Urbano;C.A.U. Salamanca;Salamanca;Salamanca;89;Mujer
2025-07-02T22:37:00+02:00;2025-07-17T19:31:00+02:00;Miércoles;Jueves;ZBS García Lorca;Urbano;C.A.U. Burgos;Burgos;Burgos;89;Mujer
2025-07-02T21:27:00+02:00;2025-07-09T16:59:00+02:00;Miércoles;Miércoles;ZBS Parque Alameda-Covaresa;Urbano;H.U. Río Hortega;Valladolid Oeste;Valladolid;94;Mujer
2025-07-02T20:23:00+02:00;2025-07-09T16:27:00+02:00;Miércoles;Miércoles;ZBS Ávila Norte;Urbano;C.A. Ávila;Ávila;Ávila;86;Mujer
2025-07-02T20:21:00+02:00;2025-07-08T18:43:00+02:00;Miércoles;Martes;ZBS Ágreda;Rural;C.A. Soria;Soria;Soria;66;Hombre
2025-07-02T19:47:00+02:00;2025-07-08T16:31:00+02:00;Miércoles;Martes;ZBS Jardinillos;Urbano;C.A.U. Palencia;Palencia;Palencia;100;Mujer
2025-07-02T15:50:00+02:00;2025-07-08T15:38:00+02:00;Miércoles;Martes;ZBS Los Comuneros;Urbano;C.A.U. Burgos;Burgos;Burgos;88;Hombre
2025-07-02T15:23:00+02:00;2025-07-08T17:55:00+02:00;Miércoles;Martes;ZBS Parada del Molino;Urbano;C.A.U. Salamanca;Salamanca;Salamanca;60;Mujer
2025-07-02T15:00:00+02:00;2025-07-03T16:05:00+02:00;Miércoles;Jueves;ZBS Villafranca del Bierzo;Rural;H. El Bierzo;Bierzo;León;82;Mujer
2025-07-02T13:21:00+02:00;2025-07-22T19:18:00+02:00;Miércoles;Martes;ZBS Huerta del Rey;Urbano;H.C.U. Valladolid;Valladolid Este;Valladolid;84;Mujer
2025-07-02T07:31:00+02:00;2025-07-15T18:25:00+02:00;Miércoles;Martes;ZBS F.Villalobos;Urbano;C.A.U. Salamanca;Salamanca;Salamanca;63;Hombre
2025-07-01T21:37:00+02:00;2025-07-10T13:34:00+02:00;Martes;Jueves;ZBS Palencia Rural;Rural;C.A.U. Palencia;Palencia;Palencia;72;Hombre
2025-07-01T21:04:00+02:00;2025-07-05T16:35:00+02:00;Martes;Sábado;ZBS El Espinar;Rural;C.A. Segovia;Segovia;Segovia;85;Hombre
2025-07-01T19:40:00+02:00;2025-07-07T15:55:00+02:00;Martes;Lunes;ZBS Íscar;Rural;H.C.U. Valladolid;Valladolid Este;Valladolid;92;Hombre
2025-07-01T18:47:00+02:00;2025-07-02T13:43:00+02:00;Martes;Miércoles;ZBS Parada del Molino;Urbano;C.A. Zamora;Zamora;Zamora;37;Hombre
2025-07-01T17:49:00+02:00;2025-07-08T17:04:00+02:00;Martes;Martes;ZBS Laguna de Duero;Rural;H.U. Río Hortega;Valladolid Oeste;Valladolid;57;Hombre
2025-07-01T17:21:00+02:00;2025-07-03T17:21:00+02:00;Martes;Jueves;ZBS Cuenca del Bernesga;Rural;C.A.U. León;León;León;71;Mujer
2025-07-01T16:41:00+02:00;2025-08-13T19:56:00+02:00;Martes;Miércoles;ZBS Puente de Domingo Florez;Rural;C.A.U. León;León;León;77;Hombre
2025-07-01T16:31:00+02:00;2025-07-08T19:31:00+02:00;Martes;Martes;ZBS Jardinillos;Urbano;C.A.U. Palencia;Palencia;Palencia;86;Mujer
2025-07-01T14:29:00+02:00;2025-07-21T20:00:00+02:00;Martes;Lunes;ZBS Laguna de Duero;Rural;H.U. Río Hortega;Valladolid Oeste;Valladolid;52;Hombre
2025-07-01T10:55:00+02:00;2025-07-03T17:26:00+02:00;Martes;Jueves;ZBS José Aguado II;Urbano;C.A.U. León;León;León;82;Mujer
2025-07-01T05:37:00+02:00;2025-07-04T16:28:00+02:00;Martes;Viernes;ZBS Huerta del Rey;Urbano;H.U. Río Hortega;Valladolid Oeste;Valladolid;76;Hombre
2025-07-01T04:16:00+02:00;2025-07-08T20:34:00+02:00;Martes;Martes;ZBS Ponferrada IV;Urbano;C.A.U. León;León;León;80;Hombre
2025-07-01T01:04:00+02:00;2025-07-04T19:43:00+02:00;Lunes;Viernes;ZBS Pinares-Covaleda;Rural;C.A. Soria;Soria;Soria;63;Hombre
2025-06-30T23:58:00+02:00;2025-07-03T22:58:00+02:00;Lunes;Jueves;ZBS Villoria;Rural;C.A.U. Salamanca;Salamanca;Salamanca;74;Mujer
2025-06-30T22:58:00+02:00;2025-07-04T22:22:00+02:00;Lunes;Viernes;ZBS Fontiveros;Rural;C.A. Ávila;Ávila;Ávila;91;Hombre
2025-06-30T22:57:00+02:00;2025-07-02T16:06:00+02:00;Lunes;Miércoles;ZBS Circunvalación;Urbano;H.C.U. Valladolid;Valladolid Este;Valladolid;73;Hombre
2025-06-30T22:55:00+02:00;2025-07-10T02:58:00+02:00;Lunes;Jueves;ZBS Santa Elena;Urbano;C.A. Zamora;Zamora;Zamora;93;Mujer
2025-06-30T22:02:00+02:00;2025-07-02T19:16:00+02:00;Lunes;Miércoles;ZBS Nava de la Asunción;Rural;C.A. Segovia;Segovia;Segovia;76;Mujer
2025-06-30T21:33:00+02:00;2025-07-03T20:16:00+02:00;Lunes;Jueves;ZBS Toro;Urbano;C.A.U. Salamanca;Salamanca;Salamanca;75;Mujer
2025-06-30T21:13:00+02:00;2025-07-03T13:41:00+02:00;Lunes;Jueves;ZBS Virgen de la Concha;Urbano;C.A. Zamora;Zamora;Zamora;76;Hombre
2025-06-30T20:17:00+02:00;2025-07-09T11:49:00+02:00;Lunes;Miércoles;ZBS Pilarica;Urbano;H.C.U. Valladolid;Valladolid Este;Valladolid;85;Mujer
2025-06-30T20:15:00+02:00;2025-07-11T11:23:00+02:00;Lunes;Viernes;ZBS Puerta Nueva;Urbano;C.A. Zamora;Zamora;Zamora;82;Hombre
2025-06-30T20:09:00+02:00;2025-07-09T12:12:00+02:00;Lunes;Miércoles;ZBS Benavente Sur;Urbano;C.A. Zamora;Zamora;Zamora;87;Mujer
2025-06-30T20:01:00+02:00;2025-07-12T21:57:00+02:00;Lunes;Sábado;ZBS Ribera del Órbigo;Rural;C.A.U. León;León;León;75;Hombre
2025-06-30T19:57:00+02:00;2025-07-18T12:48:00+02:00;Lunes;Viernes;ZBS Quintanar de la Sierra;Rural;C.A.U. Burgos;Burgos;Burgos;86;Hombre
2025-06-30T19:39:00+02:00;2025-07-12T03:58:00+02:00;Lunes;Sábado;ZBS San José;Urbano;C.A.U. Salamanca;Salamanca;Salamanca;90;Mujer
2025-06-30T18:50:00+02:00;2025-07-04T16:31:00+02:00;Lunes;Viernes;ZBS Burgohondo;Rural;C.A. Ávila;Ávila;Ávila;72;Hombre
2025-06-30T18:45:00+02:00;2025-07-28T11:46:00+02:00;Lunes;Lunes;ZBS Canterac;Urbano;H.C.U. Valladolid;Valladolid Este;Valladolid;65;Hombre
2025-06-30T17:28:00+02:00;2025-07-02T17:19:00+02:00;Lunes;Miércoles;ZBS Ágreda;Rural;C.A.U. Burgos;Burgos;Burgos;66;Hombre
2025-06-30T16:45:00+02:00;2025-07-10T17:00:00+02:00;Lunes;Jueves;ZBS Soria Norte;Urbano;C.A. Soria;Soria;Soria;70;Hombre
2025-06-30T16:39:00+02:00;2025-07-02T15:49:00+02:00;Lunes;Miércoles;ZBS La Bañeza I;Urbano;C.A.U. León;León;León;75;Hombre
2025-06-30T14:19:00+02:00;2025-07-29T21:04:00+02:00;Lunes;Martes;ZBS Los Comuneros;Urbano;C.A.U. Burgos;Burgos;Burgos;63;Mujer
2025-06-30T13:35:00+02:00;2025-07-01T17:37:00+02:00;Lunes;Martes;ZBS Laguna de Duero;Rural;H.C.U. Valladolid;Valladolid Este;Valladolid;57;Hombre
2025-06-30T10:22:00+02:00;2025-07-14T18:19:00+02:00;Lunes;Lunes;ZBS Segovia Rural;Rural;C.A. Segovia;Segovia;Segovia;69;Hombre
2025-06-30T06:00:00+02:00;2025-07-03T14:09:00+02:00;Lunes;Jueves;ZBS Cigales;Rural;H.C.U. Valladolid;Valladolid Este;Valladolid;64;Mujer
2025-06-30T01:22:00+02:00;2025-07-07T02:24:00+02:00;Domingo;Lunes;Zona Desconocida;Otra;C.A.U. León;León;León;92;Mujer
2025-06-30T01:17:00+02:00;2025-07-04T15:38:00+02:00;Domingo;Viernes;ZBS Sotillo de Adrada;Rural;C.A. Ávila;Ávila;Ávila;86;Hombre
2025-06-29T23:49:00+02:00;2025-07-03T20:31:00+02:00;Domingo;Jueves;ZBS Parque Alameda-Covaresa;Urbano;H.U. Río Hortega;Valladolid Oeste;Valladolid;88;Mujer
2025-06-29T21:58:00+02:00;2025-07-02T18:15:00+02:00;Domingo;Miércoles;ZBS San Agustín;Urbano;C.A.U. Burgos;Burgos;Burgos;90;Mujer
2025-06-29T20:26:00+02:00;2025-07-03T20:31:00+02:00;Domingo;Jueves;ZBS Tordesillas;Rural;H.U. Río Hortega;Valladolid Oeste;Valladolid;68;Hombre
2025-06-29T19:47:00+02:00;2025-07-03T17:47:00+02:00;Domingo;Jueves;ZBS Segovia Rural;Rural;C.A. Segovia;Segovia;Segovia;95;Hombre
2025-06-29T18:57:00+02:00;2025-07-02T19:55:00+02:00;Domingo;Miércoles;ZBS Ávila Rural;Rural;C.A.U. Salamanca;Salamanca;Salamanca;84;Hombre
2025-06-29T17:42:00+02:00;2025-07-03T19:57:00+02:00;Domingo;Jueves;ZBS Barco de Ávila;Rural;C.A.U. Salamanca;Salamanca;Salamanca;69;Hombre
2025-06-29T17:09:00+02:00;2025-07-04T15:46:00+02:00;Domingo;Viernes;ZBS Toro;Urbano;C.A. Zamora;Zamora;Zamora;98;Mujer
2025-06-29T16:07:00+02:00;2025-07-04T20:42:00+02:00;Domingo;Viernes;ZBS San Pablo;Urbano;H.C.U. Valladolid;Valladolid Este;Valladolid;81;Mujer
2025-06-29T16:05:00+02:00;2025-07-02T18:17:00+02:00;Domingo;Miércoles;ZBS Gamonal las Torres;Urbano;C.A.U. Burgos;Burgos;Burgos;36;Hombre
2025-06-29T14:55:00+02:00;2025-07-07T17:48:00+02:00;Domingo;Lunes;ZBS Armunia;Rural;C.A.U. León;León;León;78;Hombre
2025-06-29T14:49:00+02:00;2025-06-30T18:36:00+02:00;Domingo;Lunes;ZBS Burgohondo;Rural;C.A.U. Salamanca;Salamanca;Salamanca;72;Hombre
2025-06-29T14:13:00+02:00;2025-06-30T20:33:00+02:00;Domingo;Lunes;ZBS Nava de la Asunción;Rural;H.C.U. Valladolid;Valladolid Este;Valladolid;76;Mujer
2025-06-29T14:09:00+02:00;2025-07-01T21:21:00+02:00;Domingo;Martes;ZBS Bañeza II;Rural;C.A.U. León;León;León;95;Mujer
2025-06-29T06:21:00+02:00;2025-07-08T20:53:00+02:00;Domingo;Martes;ZBS Segovia I;Urbano;C.A. Segovia;Segovia;Segovia;71;Hombre
2025-06-29T02:42:00+02:00;2025-07-02T07:25:00+02:00;Domingo;Miércoles;ZBS Toreno;Rural;H. El Bierzo;Bierzo;León;79;Mujer
2025-06-29T02:21:00+02:00;2025-07-04T21:08:00+02:00;Domingo;Viernes;ZBS Ávila Estación;Urbano;C.A. Ávila;Ávila;Ávila;79;Mujer
2025-06-29T00:59:00+02:00;2025-07-04T17:57:00+02:00;Sábado;Viernes;ZBS José Aguado II;Urbano;C.A.U. León;León;León;77;Hombre
2025-06-28T19:28:00+02:00;2025-07-03T22:04:00+02:00;Sábado;Jueves;ZBS Periurbana Norte;Rural;C.A.U. Salamanca;Salamanca;Salamanca;59;Mujer
2025-06-28T19:25:00+02:00;2025-06-29T05:28:00+02:00;Sábado;Domingo;ZBS José Aguado I;Urbano;C.A.U. León;León;León;88;Mujer
2025-06-28T19:03:00+02:00;2025-07-12T19:31:00+02:00;Sábado;Sábado;ZBS Puente de Domingo Florez;Rural;C.A.U. León;León;León;70;Hombre
2025-06-28T18:43:00+02:00;2025-07-11T14:22:00+02:00;Sábado;Viernes;ZBS De la Puebla;Urbano;C.A.U. Palencia;Palencia;Palencia;75;Hombre
2025-06-28T18:40:00+02:00;2025-07-04T17:28:00+02:00;Sábado;Viernes;ZBS Condesa;Urbano;C.A.U. León;León;León;85;Mujer
2025-06-28T18:28:00+02:00;2025-07-04T20:42:00+02:00;Sábado;Viernes;ZBS Huerta del Rey;Urbano;H.C.U. Valladolid;Valladolid Este;Valladolid;91;Hombre
2025-06-28T16:44:00+02:00;2025-06-30T19:23:00+02:00;Sábado;Lunes;ZBS San Juan;Urbano;C.A.U. Salamanca;Salamanca;Salamanca;90;Hombre
2025-06-28T16:07:00+02:00;2025-06-29T11:45:00+02:00;Sábado;Domingo;ZBS Laguna de Duero;Rural;H.C.U. Valladolid;Valladolid Este;Valladolid;56;Mujer
2025-06-28T14:45:00+02:00;2025-07-14T18:17:00+02:00;Sábado;Lunes;ZBS García Lorca;Urbano;C.A.U. Burgos;Burgos;Burgos;54;Hombre
2025-06-28T14:24:00+02:00;2025-07-07T22:21:00+02:00;Sábado;Lunes;ZBS Cistierna;Rural;C.A.U. León;León;León;67;Hombre
2025-06-28T14:12:00+02:00;2025-07-03T14:50:00+02:00;Sábado;Jueves;ZBS Béjar;Urbano;C.A.U. Salamanca;Salamanca;Salamanca;88;Hombre
2025-06-28T10:41:00+02:00;2025-07-09T21:40:00+02:00;Sábado;Miércoles;ZBS Jardinillos;Urbano;C.A.U. Palencia;Palencia;Palencia;87;Mujer
2025-06-28T06:59:00+02:00;2025-06-30T15:31:00+02:00;Sábado;Lunes;Zona Desconocida;Otra;C.A. Ávila;Ávila;Ávila;74;Hombre
2025-06-28T05:43:00+02:00;2025-07-01T18:43:00+02:00;Sábado;Martes;ZBS Parada del Molino;Urbano;C.A.U. Salamanca;Salamanca;Salamanca;37;Hombre
2025-06-28T05:02:00+02:00;2025-07-03T16:15:00+02:00;Sábado;Jueves;ZBS Briviesca;Urbano;C.A.U. Burgos;Burgos;Burgos;81;Mujer
2025-06-28T01:59:00+02:00;2025-07-02T19:36:00+02:00;Viernes;Miércoles;ZBS Alamedilla;Urbano;C.A.U. Salamanca;Salamanca;Salamanca;89;Mujer
2025-06-28T01:49:00+02:00;2025-07-01T22:24:00+02:00;Viernes;Martes;ZBS Virgen de la Concha;Urbano;C.A.U. Salamanca;Salamanca;Salamanca;73;Mujer
2025-06-28T01:14:00+02:00;2025-07-02T16:27:00+02:00;Viernes;Miércoles;ZBS Jardinillos;Urbano;H.C.U. Valladolid;Valladolid Este;Valladolid;78;Mujer
2025-06-28T01:14:00+02:00;2025-06-28T19:17:00+02:00;Viernes;Sábado;ZBS Santa Marta de Tormes;Rural;C.A.U. Salamanca;Salamanca;Salamanca;57;Hombre
2025-06-27T23:18:00+02:00;2025-07-01T16:15:00+02:00;Viernes;Martes;ZBS Ribera del Órbigo;Rural;C.A.U. León;León;León;88;Mujer
2025-06-27T23:13:00+02:00;2025-07-03T17:26:00+02:00;Viernes;Jueves;ZBS San Andrés del Rabanedo;Rural;C.A.U. León;León;León;42;Mujer
2025-06-27T21:42:00+02:00;2025-06-30T21:02:00+02:00;Viernes;Lunes;ZBS Virgen de la Concha;Urbano;C.A.U. Salamanca;Salamanca;Salamanca;76;Hombre
2025-06-27T21:24:00+02:00;2025-07-03T21:21:00+02:00;Viernes;Jueves;ZBS Garrido Sur;Urbano;C.A.U. Salamanca;Salamanca;Salamanca;94;Mujer
2025-06-27T20:50:00+02:00;2025-07-09T13:17:00+02:00;Viernes;Miércoles;ZBS San Esteban de Gormaz;Rural;C.A. Soria;Soria;Soria;74;Hombre
2025-06-27T19:29:00+02:00;2025-06-28T15:20:00+02:00;Viernes;Sábado;ZBS José Aguado I;Urbano;C.A.U. León;León;León;66;Mujer
2025-06-27T19:11:00+02:00;2025-07-01T16:11:00+02:00;Viernes;Martes;ZBS Fabero;Rural;H. El Bierzo;Bierzo;León;90;Hombre
2025-06-27T16:05:00+02:00;2025-07-01T16:15:00+02:00;Viernes;Martes;ZBS Ponferrada IV;Urbano;H. El Bierzo;Bierzo;León;81;Mujer
2025-06-27T16:00:00+02:00;2025-06-30T19:35:00+02:00;Viernes;Lunes;ZBS Puerta Nueva;Urbano;C.A.U. Salamanca;Salamanca;Salamanca;82;Hombre
2025-06-27T15:48:00+02:00;2025-07-01T19:43:00+02:00;Viernes;Martes;ZBS Eras de Renueva;Urbano;C.A.U. León;León;León;67;Mujer
2025-06-27T13:38:00+02:00;2025-07-03T17:25:00+02:00;Viernes;Jueves;ZBS Trobajo del Camino;Rural;C.A.U. León;León;León;40;Hombre
2025-06-27T11:16:00+02:00;2025-06-30T20:37:00+02:00;Viernes;Lunes;ZBS Benavente Norte;Urbano;C.A.U. León;León;León;87;Mujer
2025-06-27T10:34:00+02:00;2025-07-09T17:40:00+02:00;Viernes;Miércoles;ZBS Lerma;Rural;C.A.U. Burgos;Burgos;Burgos;62;Hombre
2025-06-27T02:29:00+02:00;2025-06-28T13:15:00+02:00;Viernes;Sábado;ZBS Segovia Rural;Rural;C.A. Segovia;Segovia;Segovia;96;Mujer
2025-06-27T01:48:00+02:00;2025-07-02T15:37:00+02:00;Jueves;Miércoles;ZBS Ávila Rural;Rural;C.A. Ávila;Ávila;Ávila;72;Hombre
2025-06-26T19:20:00+02:00;2025-07-25T21:43:00+02:00;Jueves;Viernes;ZBS Segovia I;Urbano;H.U. Río Hortega;Valladolid Oeste;Valladolid;60;Hombre
2025-06-26T19:03:00+02:00;2025-07-02T13:47:00+02:00;Jueves;Miércoles;ZBS Santibañez de Vidriales;Rural;C.A. Zamora;Zamora;Zamora;58;Mujer
2025-06-26T18:32:00+02:00;2025-07-23T11:35:00+02:00;Jueves;Miércoles;ZBS Medina del Campo Urbano;Urbano;H.C.U. Valladolid;Valladolid Este;Valladolid;85;Mujer
2025-06-26T16:09:00+02:00;2025-06-26T17:00:00+02:00;Jueves;Jueves;ZBS Segovia I;Urbano;C.A. Segovia;Segovia;Segovia;60;Hombre
2025-06-26T15:38:00+02:00;2025-06-27T17:15:00+02:00;Jueves;Viernes;ZBS San José;Urbano;C.A.U. Salamanca;Salamanca;Salamanca;79;Hombre
2025-06-26T14:49:00+02:00;2025-07-11T16:10:00+02:00;Jueves;Viernes;ZBS San Pablo;Urbano;H.C.U. Valladolid;Valladolid Este;Valladolid;80;Mujer
2025-06-26T03:06:00+02:00;2025-07-02T19:37:00+02:00;Jueves;Miércoles;ZBS Sta. María del Páramo;Rural;C.A.U. León;León;León;67;Hombre
2025-06-26T02:23:00+02:00;2025-07-05T17:37:00+02:00;Jueves;Sábado;ZBS San Antonio;Urbano;C.A.U. León;León;León;43;Mujer
2025-06-25T23:30:00+02:00;2025-07-07T15:55:00+02:00;Miércoles;Lunes;ZBS La Victoria;Urbano;H.C.U. Valladolid;Valladolid Este;Valladolid;55;Hombre
2025-06-25T23:10:00+02:00;2025-06-27T15:49:00+02:00;Miércoles;Viernes;ZBS Frómista;Rural;H.C.U. Valladolid;Valladolid Este;Valladolid;41;Hombre
2025-06-25T22:38:00+02:00;2025-06-27T15:07:00+02:00;Miércoles;Viernes;ZBS Fabero;Rural;H. El Bierzo;Bierzo;León;69;Hombre
2025-06-25T21:49:00+02:00;2025-07-15T13:01:00+02:00;Miércoles;Martes;ZBS Soria Rural;Rural;C.A. Soria;Soria;Soria;78;Mujer
2025-06-25T21:22:00+02:00;2025-07-04T13:07:00+02:00;Miércoles;Viernes;ZBS Casa del Barco;Urbano;H.U. Río Hortega;Valladolid Oeste;Valladolid;58;Hombre
2025-06-25T21:18:00+02:00;2025-06-26T20:46:00+02:00;Miércoles;Jueves;ZBS La Victoria;Urbano;H.C.U. Valladolid;Valladolid Este;Valladolid;63;Mujer
2025-06-25T20:33:00+02:00;2025-07-17T22:00:00+02:00;Miércoles;Jueves;ZBS Cebreros;Rural;C.A. Ávila;Ávila;Ávila;59;Mujer
2025-06-25T20:03:00+02:00;2025-07-01T15:32:00+02:00;Miércoles;Martes;ZBS Ávila Estación;Urbano;C.A. Ávila;Ávila;Ávila;85;Hombre
2025-06-25T19:29:00+02:00;2025-07-04T16:07:00+02:00;Miércoles;Viernes;ZBS Valladolid Rural I;Rural;H.C.U. Valladolid;Valladolid Este;Valladolid;49;Mujer
2025-06-25T19:24:00+02:00;2025-06-30T21:02:00+02:00;Miércoles;Lunes;ZBS Béjar;Urbano;C.A.U. Salamanca;Salamanca;Salamanca;71;Hombre
2025-06-25T18:42:00+02:00;2025-06-26T23:35:00+02:00;Miércoles;Jueves;ZBS Camarzana de Tera;Rural;C.A. Zamora;Zamora;Zamora;91;Mujer
2025-06-25T16:45:00+02:00;2025-07-01T18:14:00+02:00;Miércoles;Martes;ZBS Capuchinos;Urbano;C.A.U. Salamanca;Salamanca;Salamanca;83;Mujer
2025-06-25T16:42:00+02:00;2025-06-28T15:17:00+02:00;Miércoles;Sábado;ZBS José Aguado II;Urbano;C.A.U. León;León;León;72;Mujer
2025-06-25T16:41:00+02:00;2025-06-27T17:03:00+02:00;Miércoles;Viernes;ZBS Bermillo de Sayago;Rural;C.A. Zamora;Zamora;Zamora;70;Hombre
2025-06-25T15:06:00+02:00;2025-08-06T12:26:00+02:00;Miércoles;Miércoles;ZBS Valladolid Rural II;Rural;H.U. Río Hortega;Valladolid Oeste;Valladolid;52;Mujer
2025-06-25T14:06:00+02:00;2025-07-02T18:47:00+02:00;Miércoles;Miércoles;ZBS Ávila Norte;Urbano;C.A.U. Salamanca;Salamanca;Salamanca;86;Mujer
2025-06-25T13:55:00+02:00;2025-06-30T19:02:00+02:00;Miércoles;Lunes;ZBS San Leonardo de Yagüe;Rural;C.A. Soria;Soria;Soria;96;Hombre
2025-06-25T04:46:00+02:00;2025-06-28T00:30:00+02:00;Miércoles;Viernes;ZBS De la Puebla;Urbano;C.A.U. Palencia;Palencia;Palencia;84;Mujer
2025-06-25T03:44:00+02:00;2025-07-03T20:01:00+02:00;Miércoles;Jueves;ZBS Miguel Armijo;Urbano;C.A.U. Salamanca;Salamanca;Salamanca;91;Hombre
2025-06-25T03:03:00+02:00;2025-06-27T15:07:00+02:00;Miércoles;Viernes;ZBS Toreno;Rural;H. El Bierzo;Bierzo;León;79;Mujer
2025-06-25T02:00:00+02:00;2025-07-02T20:20:00+02:00;Miércoles;Miércoles;ZBS Arturo Eyries;Urbano;H.U. Río Hortega;Valladolid Oeste;Valladolid;55;Hombre
2025-06-24T23:31:00+02:00;2025-06-26T16:16:00+02:00;Martes;Jueves;ZBS Cuenca del Bernesga;Rural;C.A.U. León;León;León;80;Hombre
2025-06-24T21:58:00+02:00;2025-07-03T18:27:00+02:00;Martes;Jueves;ZBS Fuente de San Esteban;Rural;C.A.U. Salamanca;Salamanca;Salamanca;90;Hombre
2025-06-24T21:52:00+02:00;2025-07-01T16:53:00+02:00;Martes;Martes;ZBS Parque Alameda-Covaresa;Urbano;H.U. Río Hortega;Valladolid Oeste;Valladolid;70;Mujer
2025-06-24T21:47:00+02:00;2025-07-02T16:57:00+02:00;Martes;Miércoles;ZBS Benavente Norte;Urbano;C.A. Zamora;Zamora;Zamora;66;Hombre
2025-06-24T21:37:00+02:00;2025-07-02T18:34:00+02:00;Martes;Miércoles;ZBS Segovia Rural;Rural;C.A. Segovia;Segovia;Segovia;93;Hombre
2025-06-24T21:28:00+02:00;2025-07-01T21:10:00+02:00;Martes;Martes;ZBS Palencia Rural;Rural;H.C.U. Valladolid;Valladolid Este;Valladolid;72;Hombre
2025-06-24T20:19:00+02:00;2025-06-26T16:28:00+02:00;Martes;Jueves;ZBS Alaejos;Rural;H. Medina del Campo;Valladolid Este;Valladolid;77;Mujer
2025-06-24T20:14:00+02:00;2025-07-02T21:46:00+02:00;Martes;Miércoles;ZBS Crucero;Urbano;C.A.U. León;León;León;62;Hombre
2025-06-24T19:45:00+02:00;2025-06-25T19:19:00+02:00;Martes;Miércoles;ZBS Cebreros;Rural;C.A.U. Salamanca;Salamanca;Salamanca;59;Mujer
2025-06-24T19:38:00+02:00;2025-06-28T02:42:00+02:00;Martes;Sábado;ZBS Ávila Sur Este;Urbano;C.A. Ávila;Ávila;Ávila;37;Mujer
2025-06-24T15:00:00+02:00;2025-07-01T19:55:00+02:00;Martes;Martes;ZBS Peñafiel;Rural;H.C.U. Valladolid;Valladolid Este;Valladolid;80;Mujer
2025-06-24T14:47:00+02:00;2025-07-03T20:08:00+02:00;Martes;Jueves;ZBS Burgos Rural Sur;Rural;C.A.U. Burgos;Burgos;Burgos;64;Mujer
2025-06-24T12:08:00+02:00;2025-09-01T11:41:00+02:00;Martes;Lunes;ZBS Rondilla I;Urbano;H.C.U. Valladolid;Valladolid Este;Valladolid;81;Mujer
2025-06-24T04:03:00+02:00;2025-06-26T18:47:00+02:00;Martes;Jueves;ZBS Periurbana Norte;Rural;C.A.U. Salamanca;Salamanca;Salamanca;81;Mujer
2025-06-24T04:01:00+02:00;2025-06-26T20:53:00+02:00;Martes;Jueves;ZBS Miranda Este;Urbano;C.A.U. Burgos;Burgos;Burgos;82;Hombre
2025-06-24T03:59:00+02:00;2025-06-25T19:28:00+02:00;Martes;Miércoles;ZBS Béjar;Urbano;C.A.U. Salamanca;Salamanca;Salamanca;95;Mujer
2025-06-24T01:37:00+02:00;2025-06-28T17:30:00+02:00;Lunes;Sábado;ZBS Riaza;Rural;C.A. Segovia;Segovia;Segovia;88;Hombre
2025-06-24T00:42:00+02:00;2025-07-02T20:22:00+02:00;Lunes;Miércoles;ZBS Medina del Campo Rural;Rural;H.C.U. Valladolid;Valladolid Este;Valladolid;60;Hombre
2025-06-23T21:57:00+02:00;2025-06-26T15:18:00+02:00;Lunes;Jueves;ZBS Cebreros;Rural;C.A. Ávila;Ávila;Ávila;76;Mujer
2025-06-23T21:37:00+02:00;2025-06-27T13:50:00+02:00;Lunes;Viernes;ZBS Benavente Norte;Urbano;C.A. Zamora;Zamora;Zamora;72;Hombre
2025-06-23T20:50:00+02:00;2025-06-25T19:19:00+02:00;Lunes;Miércoles;ZBS Tamames;Rural;C.A.U. Salamanca;Salamanca;Salamanca;83;Hombre
2025-06-23T20:43:00+02:00;2025-07-04T19:46:00+02:00;Lunes;Viernes;ZBS Jardinillos;Urbano;C.A.U. Palencia;Palencia;Palencia;59;Hombre
2025-06-23T19:24:00+02:00;2025-07-03T18:10:00+02:00;Lunes;Jueves;ZBS Segovia III;Urbano;C.A. Segovia;Segovia;Segovia;87;Hombre
2025-06-23T19:05:00+02:00;2025-06-30T19:23:00+02:00;Lunes;Lunes;ZBS Periurbana Sur;Rural;C.A.U. Salamanca;Salamanca;Salamanca;74;Hombre
2025-06-23T17:59:00+02:00;2025-07-03T13:44:00+02:00;Lunes;Jueves;ZBS Puerta Nueva;Urbano;C.A. Zamora;Zamora;Zamora;70;Mujer
2025-06-23T16:05:00+02:00;2025-06-30T10:14:00+02:00;Lunes;Lunes;ZBS Delicias II;Urbano;H.U. Río Hortega;Valladolid Oeste;Valladolid;67;Hombre
2025-06-23T16:05:00+02:00;2025-06-26T18:36:00+02:00;Lunes;Jueves;ZBS Santibañez de Vidriales;Rural;C.A.U. León;León;León;58;Mujer
2025-06-23T15:57:00+02:00;2025-07-04T16:18:00+02:00;Lunes;Viernes;ZBS Zamora Norte;Rural;C.A. Zamora;Zamora;Zamora;69;Hombre
2025-06-23T15:09:00+02:00;2025-06-26T16:15:00+02:00;Lunes;Jueves;ZBS José Aguado II;Urbano;C.A.U. León;León;León;50;Hombre
2025-06-23T12:12:00+02:00;2025-07-01T14:29:00+02:00;Lunes;Martes;ZBS Magdalena;Urbano;H.C.U. Valladolid;Valladolid Este;Valladolid;77;Mujer
2025-06-23T03:50:00+02:00;2025-06-26T21:41:00+02:00;Lunes;Jueves;ZBS Medina del Campo Rural;Rural;H. Medina del Campo;Valladolid Este;Valladolid;87;Mujer
2025-06-23T02:27:00+02:00;2025-06-24T18:10:00+02:00;Lunes;Martes;ZBS Ávila Sur Este;Urbano;C.A.U. Salamanca;Salamanca;Salamanca;37;Mujer
2025-06-22T23:41:00+02:00;2025-06-25T15:28:00+02:00;Domingo;Miércoles;ZBS Piedrahita;Rural;C.A. Ávila;Ávila;Ávila;85;Hombre
2025-06-22T22:17:00+02:00;2025-07-02T18:16:00+02:00;Domingo;Miércoles;ZBS Los Cubos;Urbano;C.A.U. Burgos;Burgos;Burgos;63;Mujer
2025-06-22T20:49:00+02:00;2025-06-23T13:23:00+02:00;Domingo;Lunes;ZBS Periurbana Norte;Rural;C.A.U. Salamanca;Salamanca;Salamanca;94;Mujer
2025-06-22T17:17:00+02:00;2025-06-27T16:24:00+02:00;Domingo;Viernes;ZBS Huerta del Rey;Urbano;H.U. Río Hortega;Valladolid Oeste;Valladolid;88;Mujer
2025-06-22T16:56:00+02:00;2025-06-30T16:13:00+02:00;Domingo;Lunes;ZBS Serrada;Rural;H.C.U. Valladolid;Valladolid Este;Valladolid;71;Hombre
2025-06-22T16:39:00+02:00;2025-07-28T18:22:00+02:00;Domingo;Lunes;ZBS Condesa;Urbano;C.A.U. León;León;León;66;Hombre
2025-06-22T16:19:00+02:00;2025-07-07T13:10:00+02:00;Domingo;Lunes;ZBS Valle de Valdebezana;Rural;C.A.U. Burgos;Burgos;Burgos;77;Hombre
2025-06-22T08:02:00+02:00;2025-06-25T18:01:00+02:00;Domingo;Miércoles;ZBS Bermillo de Sayago;Rural;C.A.U. Salamanca;Salamanca;Salamanca;70;Hombre
2025-06-22T04:05:00+02:00;2025-06-30T15:30:00+02:00;Domingo;Lunes;ZBS Burgohondo;Rural;C.A. Ávila;Ávila;Ávila;91;Hombre
2025-06-22T03:37:00+02:00;2025-06-27T16:56:00+02:00;Domingo;Viernes;ZBS La Bañeza I;Urbano;C.A.U. León;León;León;65;Hombre
2025-06-22T00:57:00+02:00;2025-06-23T19:33:00+02:00;Sábado;Lunes;ZBS Garrido Norte;Urbano;C.A.U. Salamanca;Salamanca;Salamanca;88;Mujer
2025-06-22T00:51:00+02:00;2025-06-27T17:39:00+02:00;Sábado;Viernes;ZBS Jardinillos;Urbano;C.A.U. Palencia;Palencia;Palencia;76;Mujer
2025-06-21T23:07:00+02:00;2025-07-02T19:41:00+02:00;Sábado;Miércoles;ZBS Lerma;Rural;C.A.U. Burgos;Burgos;Burgos;76;Hombre
2025-06-21T22:15:00+02:00;2025-06-23T15:19:00+02:00;Sábado;Lunes;ZBS Zamora Norte;Rural;C.A.U. Salamanca;Salamanca;Salamanca;69;Hombre
2025-06-21T21:12:00+02:00;2025-07-01T16:09:00+02:00;Sábado;Martes;ZBS Bierzo;Urbano;H. El Bierzo;Bierzo;León;83;Hombre
2025-06-21T18:47:00+02:00;2025-07-12T06:30:00+02:00;Sábado;Sábado;ZBS Baltanás;Rural;C.A.U. Palencia;Palencia;Palencia;67;Hombre
2025-06-21T18:47:00+02:00;2025-06-26T23:25:00+02:00;Sábado;Jueves;ZBS Parque Alameda-Covaresa;Urbano;H.U. Río Hortega;Valladolid Oeste;Valladolid;76;Hombre
2025-06-21T18:36:00+02:00;2025-06-30T13:29:00+02:00;Sábado;Lunes;ZBS Villafrechós;Rural;H.U. Río Hortega;Valladolid Oeste;Valladolid;66;Hombre
2025-06-21T17:53:00+02:00;2025-06-26T18:41:00+02:00;Sábado;Jueves;ZBS Segovia I;Urbano;C.A. Segovia;Segovia;Segovia;80;Mujer
2025-06-21T16:43:00+02:00;2025-06-25T17:50:00+02:00;Sábado;Miércoles;ZBS Villarcayo;Rural;C.A.U. Burgos;Burgos;Burgos;62;Mujer
2025-06-21T14:44:00+02:00;2025-06-26T22:51:00+02:00;Sábado;Jueves;ZBS Miranda Este;Urbano;H.U. Río Hortega;Valladolid Oeste;Valladolid;75;Hombre
2025-06-21T11:30:00+02:00;2025-07-15T19:52:00+02:00;Sábado;Martes;ZBS Alamedilla;Urbano;C.A.U. Salamanca;Salamanca;Salamanca;80;Hombre
2025-06-21T03:07:00+02:00;2025-07-04T15:56:00+02:00;Sábado;Viernes;Zona Desconocida;Otra;C.A. Segovia;Segovia;Segovia;84;Mujer
2025-06-21T02:35:00+02:00;2025-06-24T18:09:00+02:00;Sábado;Martes;ZBS Garrido Norte;Urbano;C.A.U. Salamanca;Salamanca;Salamanca;62;Hombre
2025-06-21T00:17:00+02:00;2025-06-24T18:09:00+02:00;Viernes;Martes;ZBS Garrido Norte;Urbano;C.A.U. Salamanca;Salamanca;Salamanca;80;Hombre
2025-06-21T00:15:00+02:00;2025-06-24T16:35:00+02:00;Viernes;Martes;ZBS Ribera del Órbigo;Rural;C.A.U. León;León;León;59;Hombre
2025-06-21T00:03:00+02:00;2025-07-07T13:48:00+02:00;Viernes;Lunes;ZBS Aguilar de Campoo;Rural;H.C.U. Valladolid;Valladolid Este;Valladolid;68;Hombre
2025-06-20T23:37:00+02:00;2025-07-08T14:06:00+02:00;Viernes;Martes;ZBS Huerta del Rey;Urbano;H.U. Río Hortega;Valladolid Oeste;Valladolid;93;Mujer
2025-06-20T23:18:00+02:00;2025-06-22T13:30:00+02:00;Viernes;Domingo;ZBS Riaza;Rural;C.A. Segovia;Segovia;Segovia;76;Hombre
2025-06-20T21:35:00+02:00;2025-06-30T14:52:00+02:00;Viernes;Lunes;ZBS Alamedilla;Urbano;C.A.U. Salamanca;Salamanca;Salamanca;65;Hombre
2025-06-20T21:02:00+02:00;2025-06-30T18:08:00+02:00;Viernes;Lunes;ZBS Cervera de Pisuerga;Rural;C.A.U. Palencia;Palencia;Palencia;83;Mujer
2025-06-20T20:38:00+02:00;2025-06-27T18:55:00+02:00;Viernes;Viernes;ZBS Bañeza II;Rural;C.A.U. León;León;León;81;Mujer
2025-06-20T20:13:00+02:00;2025-06-25T15:42:00+02:00;Viernes;Miércoles;ZBS Villafranca del Bierzo;Rural;H. El Bierzo;Bierzo;León;90;Hombre
2025-06-20T19:28:00+02:00;2025-06-23T20:38:00+02:00;Viernes;Lunes;ZBS Cebreros;Rural;C.A.U. Salamanca;Salamanca;Salamanca;76;Mujer
2025-06-20T18:18:00+02:00;2025-06-26T17:39:00+02:00;Viernes;Jueves;ZBS Aranda Rural;Rural;C.A.U. Burgos;Burgos;Burgos;84;Hombre
2025-06-20T17:45:00+02:00;2025-07-01T19:03:00+02:00;Viernes;Martes;ZBS Santa Clara;Urbano;C.A.U. Burgos;Burgos;Burgos;77;Hombre
2025-06-20T17:42:00+02:00;2025-06-22T15:38:00+02:00;Viernes;Domingo;Zona Desconocida;Otra;C.A.U. León;León;León;41;Hombre
2025-06-20T16:43:00+02:00;2025-06-27T21:06:00+02:00;Viernes;Viernes;ZBS Virgen de la Concha;Urbano;C.A.U. Salamanca;Salamanca;Salamanca;68;Mujer
2025-06-20T15:39:00+02:00;2025-06-26T11:51:00+02:00;Viernes;Jueves;ZBS Parada del Molino;Urbano;C.A. Zamora;Zamora;Zamora;79;Mujer
2025-06-20T15:15:00+02:00;2025-06-23T18:35:00+02:00;Viernes;Lunes;ZBS Fuente de San Esteban;Rural;C.A.U. Salamanca;Salamanca;Salamanca;64;Hombre
2025-06-20T14:59:00+02:00;2025-06-27T19:28:00+02:00;Viernes;Viernes;ZBS De la Puebla;Urbano;C.A.U. Palencia;Palencia;Palencia;85;Mujer
2025-06-20T13:14:00+02:00;2025-06-29T18:03:00+02:00;Viernes;Domingo;ZBS Huerta del Rey;Urbano;H.C.U. Valladolid;Valladolid Este;Valladolid;80;Hombre
2025-06-20T05:00:00+02:00;2025-07-15T15:03:00+02:00;Viernes;Martes;ZBS Huerta del Rey;Urbano;H.U. Río Hortega;Valladolid Oeste;Valladolid;54;Hombre
2025-06-20T05:00:00+02:00;2025-06-25T21:44:00+02:00;Viernes;Miércoles;ZBS Soria Sur;Urbano;C.A.U. Burgos;Burgos;Burgos;78;Mujer
2025-06-20T04:12:00+02:00;2025-06-23T18:30:00+02:00;Viernes;Lunes;ZBS Bañeza II;Rural;C.A.U. León;León;León;83;Hombre
2025-06-20T04:09:00+02:00;2025-06-27T18:28:00+02:00;Viernes;Viernes;ZBS Sotillo de Adrada;Rural;C.A. Ávila;Ávila;Ávila;86;Hombre
2025-06-20T03:06:00+02:00;2025-06-23T18:29:00+02:00;Viernes;Lunes;ZBS Ribera del Órbigo;Rural;C.A.U. León;León;León;46;Mujer
2025-06-20T00:37:00+02:00;2025-06-27T18:34:00+02:00;Jueves;Viernes;ZBS Villalón de Campos;Rural;H.U. Río Hortega;Valladolid Oeste;Valladolid;81;Hombre
2025-06-20T00:24:00+02:00;2025-06-23T17:56:00+02:00;Jueves;Lunes;ZBS Gamazo;Urbano;H.C.U. Valladolid;Valladolid Este;Valladolid;67;Hombre
2025-06-20T00:19:00+02:00;2025-06-23T19:56:00+02:00;Jueves;Lunes;ZBS Benavente Norte;Urbano;C.A.U. León;León;León;72;Hombre
2025-06-19T23:21:00+02:00;2025-06-24T19:48:00+02:00;Jueves;Martes;ZBS Toro;Urbano;C.A.U. Salamanca;Salamanca;Salamanca;85;Mujer
2025-06-19T22:17:00+02:00;2025-06-27T19:43:00+02:00;Jueves;Viernes;ZBS García Lorca;Urbano;C.A.U. Burgos;Burgos;Burgos;82;Mujer
2025-06-19T21:03:00+02:00;2025-06-26T16:09:00+02:00;Jueves;Jueves;ZBS Fabero;Rural;H. El Bierzo;Bierzo;León;58;Hombre
2025-06-19T20:17:00+02:00;2025-06-23T20:11:00+02:00;Jueves;Lunes;ZBS Jardinillos;Urbano;H.C.U. Valladolid;Valladolid Este;Valladolid;59;Hombre
2025-06-19T20:15:00+02:00;2025-06-26T14:24:00+02:00;Jueves;Jueves;ZBS Virgen de la Concha;Urbano;C.A. Zamora;Zamora;Zamora;37;Mujer
2025-06-19T19:03:00+02:00;2025-06-26T10:45:00+02:00;Jueves;Jueves;ZBS Arturo Eyries;Urbano;H.C.U. Valladolid;Valladolid Este;Valladolid;52;Hombre
2025-06-19T18:36:00+02:00;2025-06-25T16:03:00+02:00;Jueves;Miércoles;ZBS Villablino;Rural;H. El Bierzo;Bierzo;León;70;Hombre
2025-06-19T18:17:00+02:00;2025-06-20T21:21:00+02:00;Jueves;Viernes;ZBS Riaza;Rural;H.C.U. Valladolid;Valladolid Este;Valladolid;76;Hombre
2025-06-19T17:39:00+02:00;2025-07-07T11:17:00+02:00;Jueves;Lunes;ZBS Benavente Norte;Urbano;C.A. Zamora;Zamora;Zamora;56;Hombre
2025-06-19T17:11:00+02:00;2025-06-23T12:43:00+02:00;Jueves;Lunes;ZBS Zamora Norte;Rural;C.A. Zamora;Zamora;Zamora;87;Mujer
2025-06-19T16:24:00+02:00;2025-06-21T17:43:00+02:00;Jueves;Sábado;ZBS Aranda Norte;Urbano;C.A.U. Burgos;Burgos;Burgos;83;Mujer
2025-06-19T09:48:00+02:00;2025-07-24T14:33:00+02:00;Jueves;Jueves;ZBS Garrido Sur;Urbano;C.A.U. Salamanca;Salamanca;Salamanca;59;Hombre
2025-06-19T04:50:00+02:00;2025-06-23T19:06:00+02:00;Jueves;Lunes;ZBS Parque Alameda-Covaresa;Urbano;H.C.U. Valladolid;Valladolid Este;Valladolid;59;Hombre
2025-06-19T04:40:00+02:00;2025-06-20T18:15:00+02:00;Jueves;Viernes;ZBS Alamedilla;Urbano;C.A.U. Salamanca;Salamanca;Salamanca;71;Mujer
2025-06-19T04:24:00+02:00;2025-06-20T18:12:00+02:00;Jueves;Viernes;ZBS Béjar;Urbano;C.A.U. Salamanca;Salamanca;Salamanca;92;Mujer
2025-06-19T04:18:00+02:00;2025-06-25T19:23:00+02:00;Jueves;Miércoles;ZBS Miranda del Castañar;Rural;C.A.U. Salamanca;Salamanca;Salamanca;40;Hombre
2025-06-19T04:05:00+02:00;2025-07-02T05:15:00+02:00;Jueves;Miércoles;ZBS Ribera del Órbigo;Rural;C.A.U. León;León;León;66;Hombre
2025-06-19T03:26:00+02:00;2025-06-26T17:23:00+02:00;Jueves;Jueves;ZBS Garrido Sur;Urbano;C.A.U. Salamanca;Salamanca;Salamanca;67;Hombre
2025-06-19T03:20:00+02:00;2025-06-24T23:07:00+02:00;Jueves;Martes;ZBS Guijuelo;Rural;C.A.U. Salamanca;Salamanca;Salamanca;82;Mujer
2025-06-19T03:06:00+02:00;2025-06-26T18:40:00+02:00;Jueves;Jueves;ZBS El Espinar;Rural;C.A. Segovia;Segovia;Segovia;68;Mujer
2025-06-19T01:57:00+02:00;2025-06-23T19:18:00+02:00;Miércoles;Lunes;ZBS Crucero;Urbano;C.A.U. León;León;León;72;Mujer
2025-06-19T00:34:00+02:00;2025-06-26T18:34:00+02:00;Miércoles;Jueves;ZBS San Andrés del Rabanedo;Rural;C.A.U. León;León;León;34;Mujer
2025-06-18T23:04:00+02:00;2025-06-26T17:40:00+02:00;Miércoles;Jueves;ZBS José Luis Santamaría;Urbano;C.A.U. Burgos;Burgos;Burgos;72;Hombre
2025-06-18T20:54:00+02:00;2025-06-20T16:13:00+02:00;Miércoles;Viernes;ZBS Armunia;Rural;H. El Bierzo;Bierzo;León;82;Hombre
2025-06-18T20:12:00+02:00;2025-06-27T01:59:00+02:00;Miércoles;Jueves;ZBS Virgen de la Concha;Urbano;C.A. Zamora;Zamora;Zamora;78;Mujer
2025-06-18T18:40:00+02:00;2025-06-20T23:15:00+02:00;Miércoles;Viernes;ZBS Huerta del Rey;Urbano;H.C.U. Valladolid;Valladolid Este;Valladolid;93;Mujer
2025-06-18T17:54:00+02:00;2025-07-01T13:40:00+02:00;Miércoles;Martes;ZBS Las Huelgas;Urbano;C.A.U. Burgos;Burgos;Burgos;76;Hombre
2025-06-18T17:42:00+02:00;2025-06-25T18:09:00+02:00;Miércoles;Miércoles;ZBS Segovia Rural;Rural;C.A. Segovia;Segovia;Segovia;69;Hombre
2025-06-18T16:42:00+02:00;2025-06-19T14:21:00+02:00;Miércoles;Jueves;ZBS Zamora Norte;Rural;C.A. Zamora;Zamora;Zamora;56;Hombre
2025-06-18T14:07:00+02:00;2025-06-24T18:03:00+02:00;Miércoles;Martes;ZBS San Agustín;Urbano;C.A.U. Burgos;Burgos;Burgos;81;Mujer
2025-06-18T13:28:00+02:00;2025-06-25T19:31:00+02:00;Miércoles;Miércoles;ZBS José Aguado I;Urbano;C.A.U. León;León;León;89;Hombre
2025-06-18T13:00:00+02:00;2025-06-27T21:55:00+02:00;Miércoles;Viernes;ZBS Villarramiel;Rural;C.A.U. Palencia;Palencia;Palencia;90;Mujer
2025-06-18T05:24:00+02:00;2025-06-20T18:39:00+02:00;Miércoles;Viernes;ZBS Rondilla II;Urbano;H.C.U. Valladolid;Valladolid Este;Valladolid;78;Mujer
2025-06-18T05:07:00+02:00;2025-06-19T17:53:00+02:00;Miércoles;Jueves;ZBS Zamora Norte;Rural;C.A.U. Salamanca;Salamanca;Salamanca;87;Mujer
2025-06-17T20:34:00+02:00;2025-06-19T20:45:00+02:00;Martes;Jueves;ZBS Virgen de la Concha;Urbano;C.A.U. Salamanca;Salamanca;Salamanca;37;Mujer
2025-06-17T16:04:00+02:00;2025-06-24T21:53:00+02:00;Martes;Martes;ZBS Benavente Norte;Urbano;C.A.U. León;León;León;66;Hombre
2025-06-17T14:14:00+02:00;2025-06-20T14:53:00+02:00;Martes;Viernes;ZBS Alcañices;Rural;C.A. Zamora;Zamora;Zamora;81;Hombre
2025-06-17T12:49:00+02:00;2025-06-19T19:24:00+02:00;Martes;Jueves;ZBS San Agustín;Urbano;C.A.U. Burgos;Burgos;Burgos;61;Mujer
2025-06-17T09:16:00+02:00;2025-07-08T12:25:00+02:00;Martes;Martes;ZBS Camarzana de Tera;Rural;C.A. Zamora;Zamora;Zamora;88;Hombre
2025-06-17T04:17:00+02:00;2025-06-19T19:39:00+02:00;Martes;Jueves;ZBS Cervera de Pisuerga;Rural;H.C.U. Valladolid;Valladolid Este;Valladolid;87;Mujer
2025-06-17T00:54:00+02:00;2025-07-25T13:25:00+02:00;Lunes;Viernes;ZBS Cuéllar;Urbano;H.C.U. Valladolid;Valladolid Este;Valladolid;70;Hombre
2025-06-16T23:56:00+02:00;2025-06-19T18:35:00+02:00;Lunes;Jueves;ZBS Universidad Centro;Urbano;C.A.U. Salamanca;Salamanca;Salamanca;83;Mujer
2025-06-16T23:11:00+02:00;2025-06-27T13:10:00+02:00;Lunes;Viernes;ZBS Carbonero El Mayor;Rural;C.A. Segovia;Segovia;Segovia;84;Mujer
2025-06-16T22:52:00+02:00;2025-06-20T18:39:00+02:00;Lunes;Viernes;ZBS Circunvalación;Urbano;H.C.U. Valladolid;Valladolid Este;Valladolid;63;Mujer
2025-06-16T22:49:00+02:00;2025-06-18T17:19:00+02:00;Lunes;Miércoles;ZBS Puerta Nueva;Urbano;C.A. Zamora;Zamora;Zamora;94;Mujer
2025-06-16T21:53:00+02:00;2025-06-25T17:10:00+02:00;Lunes;Miércoles;ZBS José Aguado I;Urbano;C.A.U. León;León;León;94;Mujer
2025-06-16T21:02:00+02:00;2025-06-24T18:26:00+02:00;Lunes;Martes;ZBS Pilarica;Urbano;H.C.U. Valladolid;Valladolid Este;Valladolid;70;Hombre
2025-06-16T20:46:00+02:00;2025-06-18T23:18:00+02:00;Lunes;Miércoles;ZBS Parquesol;Urbano;H.C.U. Valladolid;Valladolid Este;Valladolid;73;Hombre
2025-06-16T20:41:00+02:00;2025-06-24T18:03:00+02:00;Lunes;Martes;ZBS Aguilar de Campoo;Rural;C.A.U. Burgos;Burgos;Burgos;85;Mujer
2025-06-16T19:54:00+02:00;2025-06-19T12:10:00+02:00;Lunes;Jueves;ZBS Puerta Nueva;Urbano;C.A. Zamora;Zamora;Zamora;74;Hombre
2025-06-16T19:53:00+02:00;2025-06-17T17:28:00+02:00;Lunes;Martes;ZBS Olmedo;Rural;H. Medina del Campo;Valladolid Este;Valladolid;79;Mujer
2025-06-16T19:15:00+02:00;2025-06-27T15:07:00+02:00;Lunes;Viernes;ZBS Bierzo;Urbano;H. El Bierzo;Bierzo;León;91;Hombre
2025-06-16T19:01:00+02:00;2025-06-23T18:17:00+02:00;Lunes;Lunes;ZBS Gamonal Antigua;Urbano;C.A.U. Burgos;Burgos;Burgos;77;Hombre
2025-06-16T15:09:00+02:00;2025-06-23T17:20:00+02:00;Lunes;Lunes;ZBS Aranda Norte;Urbano;C.A.U. Burgos;Burgos;Burgos;51;Hombre
2025-06-16T14:34:00+02:00;2025-07-08T13:39:00+02:00;Lunes;Martes;ZBS Pilarica;Urbano;H.C.U. Valladolid;Valladolid Este;Valladolid;68;Hombre
2025-06-16T13:58:00+02:00;2025-07-23T22:15:00+02:00;Lunes;Miércoles;ZBS Cuenca del Bernesga;Rural;C.A.U. León;León;León;79;Hombre
2025-06-16T13:16:00+02:00;2025-06-19T18:32:00+02:00;Lunes;Jueves;Zona Desconocida;Otra;C.A.U. Salamanca;Salamanca;Salamanca;17;Hombre
2025-06-16T12:35:00+02:00;2025-06-20T17:57:00+02:00;Lunes;Viernes;ZBS Segovia Rural;Rural;C.A. Segovia;Segovia;Segovia;68;Hombre
2025-06-16T07:33:00+02:00;2025-07-11T03:36:00+02:00;Lunes;Viernes;ZBS Parquesol;Urbano;H.U. Río Hortega;Valladolid Oeste;Valladolid;82;Mujer
2025-06-16T04:40:00+02:00;2025-06-20T20:19:00+02:00;Lunes;Viernes;ZBS Cervera de Pisuerga;Rural;H.C.U. Valladolid;Valladolid Este;Valladolid;83;Mujer
2025-06-16T03:05:00+02:00;2025-06-19T17:51:00+02:00;Lunes;Jueves;ZBS Garrido Norte;Urbano;C.A.U. Salamanca;Salamanca;Salamanca;97;Hombre
2025-06-15T22:57:00+02:00;2025-06-21T17:55:00+02:00;Domingo;Sábado;ZBS Tábara;Rural;C.A. Zamora;Zamora;Zamora;79;Hombre
2025-06-15T22:40:00+02:00;2025-06-26T17:00:00+02:00;Domingo;Jueves;ZBS Ribera del Órbigo;Rural;C.A.U. León;León;León;80;Hombre
2025-06-15T19:43:00+02:00;2025-06-19T17:40:00+02:00;Domingo;Jueves;ZBS Aranda Norte;Urbano;C.A.U. Burgos;Burgos;Burgos;65;Mujer
2025-06-15T19:06:00+02:00;2025-06-20T05:25:00+02:00;Domingo;Viernes;ZBS Saldaña;Rural;C.A.U. Palencia;Palencia;Palencia;100;Mujer
2025-06-15T18:57:00+02:00;2025-06-20T16:12:00+02:00;Domingo;Viernes;ZBS Cacabelos;Rural;H. El Bierzo;Bierzo;León;67;Hombre
2025-06-15T18:32:00+02:00;2025-06-18T16:06:00+02:00;Domingo;Miércoles;ZBS Casa del Barco;Urbano;H.U. Río Hortega;Valladolid Oeste;Valladolid;65;Hombre
2025-06-15T17:54:00+02:00;2025-06-17T17:17:00+02:00;Domingo;Martes;ZBS Bierzo;Urbano;C.A.U. León;León;León;80;Mujer
2025-06-15T17:31:00+02:00;2025-06-19T19:55:00+02:00;Domingo;Jueves;ZBS Miguel Armijo;Urbano;C.A.U. Salamanca;Salamanca;Salamanca;90;Mujer
2025-06-15T16:48:00+02:00;2025-06-21T16:26:00+02:00;Domingo;Sábado;ZBS Nava de la Asunción;Rural;C.A. Segovia;Segovia;Segovia;93;Hombre
2025-06-15T16:30:00+02:00;2025-06-20T17:40:00+02:00;Domingo;Viernes;Zona Desconocida;Otra;C.A.U. León;León;León;76;Mujer
2025-06-15T15:19:00+02:00;2025-06-16T18:35:00+02:00;Domingo;Lunes;ZBS Santa Clara;Urbano;C.A.U. Burgos;Burgos;Burgos;86;Hombre
2025-06-15T14:30:00+02:00;2025-06-15T20:54:00+02:00;Domingo;Domingo;ZBS Pilarica;Urbano;H.C.U. Valladolid;Valladolid Este;Valladolid;81;Hombre
2025-06-15T12:45:00+02:00;2025-06-24T09:04:00+02:00;Domingo;Martes;ZBS Segovia I;Urbano;C.A. Segovia;Segovia;Segovia;93;Mujer
2025-06-15T00:08:00+02:00;2025-06-24T17:00:00+02:00;Sábado;Martes;ZBS Almazán;Rural;C.A. Soria;Soria;Soria;83;Mujer
2025-06-14T22:37:00+02:00;2025-06-18T15:55:00+02:00;Sábado;Miércoles;ZBS Garrido Sur;Urbano;C.A.U. Salamanca;Salamanca;Salamanca;85;Hombre
2025-06-14T20:37:00+02:00;2025-06-16T13:00:00+02:00;Sábado;Lunes;ZBS Bierzo;Urbano;H. El Bierzo;Bierzo;León;86;Mujer
2025-06-14T18:59:00+02:00;2025-06-18T17:57:00+02:00;Sábado;Miércoles;ZBS Fuenteguinaldo;Rural;C.A.U. Salamanca;Salamanca;Salamanca;63;Mujer
2025-06-14T18:58:00+02:00;2025-06-16T19:35:00+02:00;Sábado;Lunes;ZBS Puerta Nueva;Urbano;C.A.U. Salamanca;Salamanca;Salamanca;74;Hombre
2025-06-14T18:08:00+02:00;2025-06-20T20:02:00+02:00;Sábado;Viernes;ZBS Palencia Rural;Rural;C.A.U. Palencia;Palencia;Palencia;65;Mujer
2025-06-14T18:04:00+02:00;2025-06-20T18:16:00+02:00;Sábado;Viernes;ZBS Garrido Sur;Urbano;C.A.U. Salamanca;Salamanca;Salamanca;63;Hombre
2025-06-14T17:52:00+02:00;2025-06-16T18:18:00+02:00;Sábado;Lunes;Zona Desconocida;Otra;C.A.U. Salamanca;Salamanca;Salamanca;48;Mujer
2025-06-14T14:26:00+02:00;2025-06-19T23:00:00+02:00;Sábado;Jueves;ZBS García Lorca;Urbano;C.A.U. Burgos;Burgos;Burgos;75;Mujer
2025-06-14T10:45:00+02:00;2025-06-18T16:42:00+02:00;Sábado;Miércoles;ZBS Truchas;Rural;C.A.U. León;León;León;72;Mujer
2025-06-14T07:33:00+02:00;2025-06-17T18:55:00+02:00;Sábado;Martes;ZBS Aranda Sur;Urbano;C.A.U. Burgos;Burgos;Burgos;44;Hombre
2025-06-14T04:07:00+02:00;2025-06-17T16:16:00+02:00;Sábado;Martes;ZBS Tórtola;Urbano;H.C.U. Valladolid;Valladolid Este;Valladolid;56;Hombre
2025-06-14T03:30:00+02:00;2025-06-15T09:20:00+02:00;Sábado;Domingo;Zona Desconocida;Otra;C.A. Ávila;Ávila;Ávila;48;Mujer
2025-06-14T03:11:00+02:00;2025-06-16T15:24:00+02:00;Sábado;Lunes;ZBS Puerta Nueva;Urbano;C.A. Zamora;Zamora;Zamora;90;Mujer
2025-06-14T02:22:00+02:00;2025-06-15T15:30:00+02:00;Sábado;Domingo;ZBS Soria Sur;Urbano;C.A. Soria;Soria;Soria;93;Mujer
2025-06-14T01:33:00+02:00;2025-07-11T16:35:00+02:00;Viernes;Viernes;Zona Desconocida;Otra;H.C.U. Valladolid;Valladolid Este;Valladolid;64;Hombre
2025-06-14T00:38:00+02:00;2025-06-18T17:09:00+02:00;Viernes;Miércoles;ZBS Mota del Marqués;Rural;H.U. Río Hortega;Valladolid Oeste;Valladolid;80;Mujer
2025-06-13T22:32:00+02:00;2025-06-18T18:31:00+02:00;Viernes;Miércoles;ZBS La Victoria;Urbano;H.C.U. Valladolid;Valladolid Este;Valladolid;77;Hombre
2025-06-13T21:55:00+02:00;2025-06-13T22:35:00+02:00;Viernes;Viernes;Zona Desconocida;Otra;C.A. Segovia;Segovia;Segovia;64;Hombre
2025-06-13T20:46:00+02:00;2025-06-18T16:16:00+02:00;Viernes;Miércoles;ZBS Barco de Ávila;Rural;C.A. Ávila;Ávila;Ávila;77;Mujer
2025-06-13T20:45:00+02:00;2025-06-17T17:57:00+02:00;Viernes;Martes;ZBS Medina del Campo Urbano;Urbano;H.C.U. Valladolid;Valladolid Este;Valladolid;51;Mujer
2025-06-13T19:27:00+02:00;2025-06-19T16:47:00+02:00;Viernes;Jueves;ZBS Ávila Estación;Urbano;C.A. Ávila;Ávila;Ávila;81;Hombre
2025-06-13T19:08:00+02:00;2025-06-15T14:42:00+02:00;Viernes;Domingo;ZBS Nava de la Asunción;Rural;H.C.U. Valladolid;Valladolid Este;Valladolid;93;Hombre
2025-06-13T18:54:00+02:00;2025-07-15T12:17:00+02:00;Viernes;Martes;ZBS Rondilla I;Urbano;H.C.U. Valladolid;Valladolid Este;Valladolid;79;Mujer
2025-06-13T15:25:00+02:00;2025-06-19T17:51:00+02:00;Viernes;Jueves;ZBS Ledesma;Rural;C.A.U. Salamanca;Salamanca;Salamanca;72;Hombre
2025-06-13T14:57:00+02:00;2025-06-13T18:47:00+02:00;Viernes;Viernes;ZBS Nava de la Asunción;Rural;C.A. Segovia;Segovia;Segovia;93;Hombre
2025-06-13T11:50:00+02:00;2025-06-20T18:11:00+02:00;Viernes;Viernes;ZBS Ciudad Rodrigo;Urbano;C.A.U. Salamanca;Salamanca;Salamanca;67;Hombre
2025-06-13T03:15:00+02:00;2025-06-23T18:46:00+02:00;Viernes;Lunes;ZBS Puerta Nueva;Urbano;C.A.U. Salamanca;Salamanca;Salamanca;70;Mujer
2025-06-13T01:30:00+02:00;2025-06-16T19:32:00+02:00;Jueves;Lunes;ZBS Muñana;Rural;C.A.U. Salamanca;Salamanca;Salamanca;88;Mujer
2025-06-13T00:54:00+02:00;2025-06-13T19:00:00+02:00;Jueves;Viernes;ZBS Eras de Renueva;Urbano;C.A.U. León;León;León;13;Mujer
2025-06-13T00:35:00+02:00;2025-06-13T17:00:00+02:00;Jueves;Viernes;Zona Desconocida;Otra;C.A.U. Burgos;Burgos;Burgos;75;Hombre
2025-06-12T23:03:00+02:00;2025-06-16T22:05:00+02:00;Jueves;Lunes;ZBS Puerta Nueva;Urbano;C.A.U. Salamanca;Salamanca;Salamanca;94;Mujer
2025-06-12T23:00:00+02:00;2025-06-16T16:30:00+02:00;Jueves;Lunes;ZBS Soria Norte;Urbano;C.A. Soria;Soria;Soria;60;Hombre
2025-06-12T22:44:00+02:00;2025-06-20T20:02:00+02:00;Jueves;Viernes;ZBS Saldaña;Rural;C.A.U. Palencia;Palencia;Palencia;79;Mujer
2025-06-12T22:00:00+02:00;2025-06-20T18:10:00+02:00;Jueves;Viernes;ZBS Robleda;Rural;C.A.U. Salamanca;Salamanca;Salamanca;69;Mujer
2025-06-12T21:57:00+02:00;2025-06-19T17:20:00+02:00;Jueves;Jueves;ZBS Crucero;Urbano;C.A.U. León;León;León;57;Hombre
2025-06-12T20:31:00+02:00;2025-06-15T12:27:00+02:00;Jueves;Domingo;ZBS San Andrés del Rabanedo;Rural;C.A.U. León;León;León;95;Mujer
2025-06-12T20:25:00+02:00;2025-06-16T21:52:00+02:00;Jueves;Lunes;ZBS Alba de Tormes;Rural;C.A.U. Salamanca;Salamanca;Salamanca;97;Mujer
2025-06-12T19:37:00+02:00;2025-06-16T19:33:00+02:00;Jueves;Lunes;ZBS Barco de Ávila;Rural;C.A.U. Salamanca;Salamanca;Salamanca;76;Mujer
2025-06-12T18:35:00+02:00;2025-06-16T18:19:00+02:00;Jueves;Lunes;ZBS Béjar;Urbano;C.A.U. Salamanca;Salamanca;Salamanca;88;Hombre
2025-06-12T17:41:00+02:00;2025-06-20T17:14:00+02:00;Jueves;Viernes;ZBS Parque Alameda-Covaresa;Urbano;H.U. Río Hortega;Valladolid Oeste;Valladolid;87;Hombre
2025-06-12T16:40:00+02:00;2025-06-19T19:47:00+02:00;Jueves;Jueves;ZBS Gamonal Antigua;Urbano;C.A.U. Burgos;Burgos;Burgos;81;Mujer
2025-06-12T12:11:00+02:00;2025-06-22T01:00:00+02:00;Jueves;Sábado;ZBS San Agustín;Urbano;C.A.U. Burgos;Burgos;Burgos;49;Hombre
2025-06-12T06:34:00+02:00;2025-06-13T19:09:00+02:00;Jueves;Viernes;ZBS Ávila Estación;Urbano;C.A.U. Salamanca;Salamanca;Salamanca;81;Hombre
2025-06-12T03:34:00+02:00;2025-06-20T15:23:00+02:00;Jueves;Viernes;ZBS Belorado;Rural;C.A.U. Burgos;Burgos;Burgos;91;Hombre
2025-06-12T02:01:00+02:00;2025-06-16T21:27:00+02:00;Jueves;Lunes;ZBS Carbonero El Mayor;Rural;H.C.U. Valladolid;Valladolid Este;Valladolid;84;Mujer
2025-06-12T01:26:00+02:00;2025-07-01T18:55:00+02:00;Miércoles;Martes;ZBS Cristobal Acosta;Urbano;C.A.U. Burgos;Burgos;Burgos;77;Mujer
2025-06-12T00:18:00+02:00;2025-06-23T18:34:00+02:00;Miércoles;Lunes;ZBS Santa Marta de Tormes;Rural;C.A.U. Salamanca;Salamanca;Salamanca;80;Mujer
2025-06-11T23:09:00+02:00;2025-06-16T18:45:00+02:00;Miércoles;Lunes;ZBS Astorga I;Urbano;C.A.U. León;León;León;90;Mujer
2025-06-11T21:07:00+02:00;2025-06-16T14:42:00+02:00;Miércoles;Lunes;ZBS La Guareña;Rural;C.A. Zamora;Zamora;Zamora;92;Hombre
2025-06-11T21:01:00+02:00;2025-06-16T18:44:00+02:00;Miércoles;Lunes;ZBS Ribera del Órbigo;Rural;C.A.U. León;León;León;68;Mujer
2025-06-11T20:34:00+02:00;2025-06-18T23:00:00+02:00;Miércoles;Miércoles;ZBS San Ildefonso;Rural;C.A. Segovia;Segovia;Segovia;88;Mujer
2025-06-11T20:32:00+02:00;2025-06-13T18:53:00+02:00;Miércoles;Viernes;ZBS Villoria;Rural;C.A.U. Salamanca;Salamanca;Salamanca;85;Mujer
2025-06-11T18:34:00+02:00;2025-06-18T16:17:00+02:00;Miércoles;Miércoles;ZBS Bembibre;Rural;H. El Bierzo;Bierzo;León;46;Hombre
2025-06-11T18:15:00+02:00;2025-06-23T11:09:00+02:00;Miércoles;Lunes;ZBS Los Cubos;Urbano;C.A.U. Burgos;Burgos;Burgos;96;Mujer
2025-06-11T17:21:00+02:00;2025-06-24T23:08:00+02:00;Miércoles;Martes;ZBS Periurbana Norte;Rural;C.A.U. Salamanca;Salamanca;Salamanca;51;Hombre
2025-06-11T17:08:00+02:00;2025-07-02T00:50:00+02:00;Miércoles;Martes;ZBS Miranda Este;Urbano;H. Santiago Apóstol;Burgos;Burgos;73;Hombre
2025-06-11T17:07:00+02:00;2025-06-24T12:21:00+02:00;Miércoles;Martes;ZBS Huerta del Rey;Urbano;H.C.U. Valladolid;Valladolid Este;Valladolid;86;Mujer
2025-06-11T15:40:00+02:00;2025-06-17T21:07:00+02:00;Miércoles;Martes;ZBS Gamazo;Urbano;H.U. Río Hortega;Valladolid Oeste;Valladolid;82;Hombre
2025-06-11T13:22:00+02:00;2025-06-16T10:54:00+02:00;Miércoles;Lunes;ZBS Soria Norte;Urbano;C.A. Soria;Soria;Soria;88;Mujer
2025-06-11T05:41:00+02:00;2025-06-11T19:30:00+02:00;Miércoles;Miércoles;ZBS Roa de Duero;Rural;H. Santos Reyes;Burgos;Burgos;88;Hombre
2025-06-11T04:33:00+02:00;2025-06-11T20:11:00+02:00;Miércoles;Miércoles;ZBS Alamedilla;Urbano;C.A.U. Salamanca;Salamanca;Salamanca;88;Mujer
2025-06-11T03:27:00+02:00;2025-06-12T18:13:00+02:00;Miércoles;Jueves;ZBS Herrera de Pisuerga;Rural;C.A.U. Palencia;Palencia;Palencia;74;Hombre
2025-06-11T02:52:00+02:00;2025-06-16T16:40:00+02:00;Miércoles;Lunes;ZBS La Palomera;Urbano;C.A.U. León;León;León;79;Mujer
2025-06-10T23:23:00+02:00;2025-06-18T19:51:00+02:00;Martes;Miércoles;ZBS Boñar;Rural;C.A.U. León;León;León;75;Mujer
2025-06-10T22:48:00+02:00;2025-06-17T12:44:00+02:00;Martes;Martes;ZBS Virgen de la Concha;Urbano;C.A. Zamora;Zamora;Zamora;72;Hombre
2025-06-10T22:44:00+02:00;2025-06-13T21:00:00+02:00;Martes;Viernes;ZBS San Esteban de Gormaz;Rural;C.A. Soria;Soria;Soria;90;Hombre
2025-06-10T21:31:00+02:00;2025-06-11T22:35:00+02:00;Martes;Miércoles;ZBS Pilarica;Urbano;H.C.U. Valladolid;Valladolid Este;Valladolid;49;Mujer
2025-06-10T20:19:00+02:00;2025-06-12T13:39:00+02:00;Martes;Jueves;ZBS Toro;Urbano;C.A. Zamora;Zamora;Zamora;72;Mujer
2025-06-10T20:14:00+02:00;2025-06-17T16:41:00+02:00;Martes;Martes;ZBS Bierzo;Urbano;H. El Bierzo;Bierzo;León;88;Hombre
2025-06-10T19:44:00+02:00;2025-06-17T18:56:00+02:00;Martes;Martes;ZBS García Lorca;Urbano;C.A.U. Burgos;Burgos;Burgos;82;Hombre
2025-06-10T19:19:00+02:00;2025-06-18T17:36:00+02:00;Martes;Miércoles;ZBS Segovia III;Urbano;C.A. Segovia;Segovia;Segovia;65;Hombre
2025-06-10T15:39:00+02:00;2025-06-11T16:00:00+02:00;Martes;Miércoles;ZBS Santa Elena;Urbano;C.A. Zamora;Zamora;Zamora;88;Hombre
2025-06-10T10:28:00+02:00;2025-06-12T21:05:00+02:00;Martes;Jueves;ZBS Alamedilla;Urbano;C.A.U. Salamanca;Salamanca;Salamanca;70;Mujer
2025-06-10T07:14:00+02:00;2025-06-16T16:19:00+02:00;Martes;Lunes;ZBS Venta de Baños;Rural;H.C.U. Valladolid;Valladolid Este;Valladolid;60;Hombre
2025-06-10T05:07:00+02:00;2025-06-13T17:38:00+02:00;Martes;Viernes;ZBS Arévalo;Urbano;C.A.U. Salamanca;Salamanca;Salamanca;83;Hombre
2025-06-10T03:14:00+02:00;2025-06-13T16:02:00+02:00;Martes;Viernes;ZBS Cacabelos;Rural;H. El Bierzo;Bierzo;León;76;Hombre
2025-06-10T01:09:00+02:00;2025-06-18T17:35:00+02:00;Lunes;Miércoles;ZBS Cantalejo;Rural;C.A. Segovia;Segovia;Segovia;81;Mujer
2025-06-10T00:08:00+02:00;2025-06-20T13:38:00+02:00;Lunes;Viernes;ZBS Delicias I;Urbano;H.U. Río Hortega;Valladolid Oeste;Valladolid;65;Hombre
2025-06-09T23:06:00+02:00;2025-06-11T17:23:00+02:00;Lunes;Miércoles;ZBS Eras de Renueva;Urbano;C.A.U. León;León;León;68;Hombre
2025-06-09T22:29:00+02:00;2025-06-12T20:01:00+02:00;Lunes;Jueves;ZBS Peñafiel;Rural;H.C.U. Valladolid;Valladolid Este;Valladolid;89;Hombre
2025-06-09T21:30:00+02:00;2025-06-24T17:25:00+02:00;Lunes;Martes;ZBS Benavente Norte;Urbano;C.A.U. Salamanca;Salamanca;Salamanca;31;Hombre
2025-06-09T20:36:00+02:00;2025-06-12T17:16:00+02:00;Lunes;Jueves;ZBS Tordesillas;Rural;H.U. Río Hortega;Valladolid Oeste;Valladolid;75;Hombre
2025-06-09T20:05:00+02:00;2025-06-25T15:41:00+02:00;Lunes;Miércoles;Zona Desconocida;Otra;H. El Bierzo;Bierzo;León;70;Hombre
2025-06-09T18:38:00+02:00;2025-06-12T17:14:00+02:00;Lunes;Jueves;ZBS Benavente Sur;Urbano;C.A.U. León;León;León;68;Hombre
2025-06-09T15:53:00+02:00;2025-06-11T17:41:00+02:00;Lunes;Miércoles;ZBS Arturo Eyries;Urbano;H.U. Río Hortega;Valladolid Oeste;Valladolid;57;Hombre
2025-06-09T15:31:00+02:00;2025-06-13T18:57:00+02:00;Lunes;Viernes;ZBS Peñaranda;Rural;C.A.U. Salamanca;Salamanca;Salamanca;87;Mujer
2025-06-09T15:28:00+02:00;2025-06-13T13:49:00+02:00;Lunes;Viernes;ZBS Magdalena;Urbano;H.C.U. Valladolid;Valladolid Este;Valladolid;49;Hombre
2025-06-09T15:20:00+02:00;2025-06-10T00:20:00+02:00;Lunes;Lunes;ZBS Miranda Este;Urbano;H. Santiago Apóstol;Burgos;Burgos;82;Mujer
2025-06-09T13:45:00+02:00;2025-06-17T17:13:00+02:00;Lunes;Martes;Zona Desconocida;Otra;C.A.U. León;León;León;90;Hombre
2025-06-09T13:36:00+02:00;2025-06-12T13:32:00+02:00;Lunes;Jueves;ZBS Soria Rural;Rural;C.A. Soria;Soria;Soria;82;Mujer
2025-06-09T04:37:00+02:00;2025-06-11T15:26:00+02:00;Lunes;Miércoles;ZBS La Palomera;Urbano;C.A.U. León;León;León;96;Mujer
2025-06-09T03:42:00+02:00;2025-06-16T12:03:00+02:00;Lunes;Lunes;ZBS Carbajales de Alba;Rural;C.A. Zamora;Zamora;Zamora;89;Mujer
2025-06-09T03:40:00+02:00;2025-06-12T23:50:00+02:00;Lunes;Jueves;ZBS Mansilla Mulas;Rural;C.A.U. León;León;León;90;Mujer
2025-06-09T02:32:00+02:00;2025-06-09T14:01:00+02:00;Lunes;Lunes;ZBS Eras de Renueva;Urbano;C.A.U. León;León;León;93;Mujer
2025-06-09T00:10:00+02:00;2025-06-12T20:26:00+02:00;Domingo;Jueves;ZBS Portillo;Rural;H.C.U. Valladolid;Valladolid Este;Valladolid;69;Hombre
2025-06-08T23:05:00+02:00;2025-06-17T18:38:00+02:00;Domingo;Martes;ZBS Sta. María del Páramo;Rural;C.A.U. León;León;León;84;Mujer
2025-06-08T20:13:00+02:00;2025-06-11T15:45:00+02:00;Domingo;Miércoles;ZBS Ávila Sur Oeste;Urbano;C.A. Ávila;Ávila;Ávila;84;Mujer
2025-06-08T19:46:00+02:00;2025-06-11T14:50:00+02:00;Domingo;Miércoles;ZBS Universidad Centro;Urbano;C.A.U. Salamanca;Salamanca;Salamanca;88;Mujer
2025-06-08T16:11:00+02:00;2025-06-16T20:02:00+02:00;Domingo;Lunes;ZBS Frómista;Rural;C.A.U. Palencia;Palencia;Palencia;90;Hombre
2025-06-08T16:03:00+02:00;2025-06-11T20:53:00+02:00;Domingo;Miércoles;ZBS Béjar;Urbano;C.A.U. Salamanca;Salamanca;Salamanca;72;Hombre
2025-06-08T13:00:00+02:00;2025-06-11T17:29:00+02:00;Domingo;Miércoles;ZBS I. López Sáiz;Urbano;C.A.U. Burgos;Burgos;Burgos;77;Mujer
2025-06-08T11:05:00+02:00;2025-06-12T17:56:00+02:00;Domingo;Jueves;ZBS José Aguado I;Urbano;C.A.U. León;León;León;83;Hombre
2025-06-08T03:47:00+02:00;2025-06-10T19:02:00+02:00;Domingo;Martes;ZBS Toro;Urbano;C.A.U. Salamanca;Salamanca;Salamanca;72;Mujer
2025-06-08T01:34:00+02:00;2025-06-10T18:53:00+02:00;Sábado;Martes;ZBS Tábara;Rural;C.A.U. Salamanca;Salamanca;Salamanca;68;Hombre
2025-06-07T21:53:00+02:00;2025-06-18T17:47:00+02:00;Sábado;Miércoles;ZBS García Lorca;Urbano;C.A.U. Burgos;Burgos;Burgos;79;Hombre
2025-06-07T21:26:00+02:00;2025-06-09T18:38:00+02:00;Sábado;Lunes;Zona Desconocida;Otra;C.A.U. León;León;León;70;Hombre
2025-06-07T20:03:00+02:00;2025-06-16T22:23:00+02:00;Sábado;Lunes;ZBS José Luis Santamaría;Urbano;C.A.U. Burgos;Burgos;Burgos;89;Mujer
2025-06-07T17:08:00+02:00;2025-06-11T21:36:00+02:00;Sábado;Miércoles;ZBS Periurbana Norte;Rural;C.A.U. León;León;León;51;Hombre
2025-06-07T16:00:00+02:00;2025-06-12T17:13:00+02:00;Sábado;Jueves;ZBS Gamonal Antigua;Urbano;C.A.U. León;León;León;81;Mujer
2025-06-07T14:53:00+02:00;2025-06-24T17:30:00+02:00;Sábado;Martes;ZBS Circular;Urbano;H.C.U. Valladolid;Valladolid Este;Valladolid;77;Mujer
2025-06-07T14:13:00+02:00;2025-06-12T17:52:00+02:00;Sábado;Jueves;ZBS Bañeza II;Rural;C.A.U. León;León;León;55;Hombre
2025-06-07T05:05:00+02:00;2025-06-23T16:29:00+02:00;Sábado;Lunes;ZBS Periurbana Norte;Rural;C.A.U. Salamanca;Salamanca;Salamanca;72;Mujer
2025-06-07T02:47:00+02:00;2025-06-08T10:30:00+02:00;Sábado;Domingo;ZBS Saldaña;Rural;C.A.U. Palencia;Palencia;Palencia;93;Hombre
2025-06-07T02:44:00+02:00;2025-06-13T14:31:00+02:00;Sábado;Viernes;ZBS Zamora Norte;Rural;C.A. Zamora;Zamora;Zamora;65;Hombre
2025-06-07T02:14:00+02:00;2025-06-20T16:24:00+02:00;Sábado;Viernes;ZBS Puerta Nueva;Urbano;C.A. Zamora;Zamora;Zamora;88;Hombre
2025-06-07T01:00:00+02:00;2025-06-30T12:34:00+02:00;Viernes;Lunes;ZBS Pilarica;Urbano;H.C.U. Valladolid;Valladolid Este;Valladolid;85;Mujer
2025-06-06T22:56:00+02:00;2025-06-11T17:50:00+02:00;Viernes;Miércoles;ZBS Delicias I;Urbano;H.U. Río Hortega;Valladolid Oeste;Valladolid;74;Mujer
2025-06-06T21:01:00+02:00;2025-06-13T18:56:00+02:00;Viernes;Viernes;Zona Desconocida;Otra;C.A.U. Salamanca;Salamanca;Salamanca;17;Hombre
2025-06-06T20:33:00+02:00;2025-06-09T18:06:00+02:00;Viernes;Lunes;ZBS Bañeza II;Rural;C.A.U. León;León;León;73;Hombre
2025-06-06T19:43:00+02:00;2025-06-25T15:59:00+02:00;Viernes;Miércoles;ZBS Tórtola;Urbano;H.C.U. Valladolid;Valladolid Este;Valladolid;50;Hombre
2025-06-06T19:27:00+02:00;2025-06-23T21:02:00+02:00;Viernes;Lunes;ZBS Burgos Rural Norte;Rural;C.A.U. Burgos;Burgos;Burgos;60;Hombre
2025-06-06T19:19:00+02:00;2025-06-19T12:29:00+02:00;Viernes;Jueves;ZBS Santa Elena;Urbano;C.A. Zamora;Zamora;Zamora;73;Hombre
2025-06-06T19:15:00+02:00;2025-06-12T12:55:00+02:00;Viernes;Jueves;ZBS Santa Elena;Urbano;C.A. Zamora;Zamora;Zamora;92;Hombre
2025-06-06T18:10:00+02:00;2025-06-26T17:46:00+02:00;Viernes;Jueves;ZBS Cistierna;Rural;C.A.U. León;León;León;78;Hombre
2025-06-06T18:05:00+02:00;2025-06-11T17:29:00+02:00;Viernes;Miércoles;ZBS Santa Clara;Urbano;C.A.U. Burgos;Burgos;Burgos;72;Mujer
2025-06-06T15:46:00+02:00;2025-06-08T12:00:00+02:00;Viernes;Domingo;ZBS Ponferrada IV;Urbano;H. El Bierzo;Bierzo;León;53;Hombre
2025-06-06T14:30:00+02:00;2025-06-21T15:57:00+02:00;Viernes;Sábado;ZBS Peñaranda;Rural;C.A.U. Salamanca;Salamanca;Salamanca;88;Hombre
2025-06-06T10:58:00+02:00;2025-06-20T18:09:00+02:00;Viernes;Viernes;ZBS Elena Ginel Díez;Urbano;C.A.U. Salamanca;Salamanca;Salamanca;65;Mujer
2025-06-06T06:00:00+02:00;2025-06-10T19:48:00+02:00;Viernes;Martes;ZBS Cervera de Pisuerga;Rural;C.A.U. Palencia;Palencia;Palencia;64;Hombre
2025-06-06T01:31:00+02:00;2025-06-19T15:29:00+02:00;Jueves;Jueves;ZBS Mayorga de Campos;Rural;H.U. Río Hortega;Valladolid Oeste;Valladolid;57;Hombre
2025-06-05T23:04:00+02:00;2025-06-10T16:31:00+02:00;Jueves;Martes;ZBS Santa Elena;Urbano;C.A.U. Salamanca;Salamanca;Salamanca;88;Hombre
2025-06-05T22:34:00+02:00;2025-06-12T15:51:00+02:00;Jueves;Jueves;ZBS Valderas;Rural;H.U. Río Hortega;Valladolid Oeste;Valladolid;99;Mujer
2025-06-05T20:46:00+02:00;2025-06-17T00:28:00+02:00;Jueves;Lunes;ZBS De la Puebla;Urbano;C.A.U. Palencia;Palencia;Palencia;68;Mujer
2025-06-05T19:02:00+02:00;2025-06-08T00:45:00+02:00;Jueves;Sábado;Zona Desconocida;Otra;C.A.U. Salamanca;Salamanca;Salamanca;94;Mujer
2025-06-05T17:13:00+02:00;2025-06-06T18:37:00+02:00;Jueves;Viernes;ZBS Santa Elena;Urbano;C.A.U. Salamanca;Salamanca;Salamanca;73;Hombre
2025-06-05T16:26:00+02:00;2025-06-09T15:39:00+02:00;Jueves;Lunes;ZBS Plaza del Ejército;Urbano;H.U. Río Hortega;Valladolid Oeste;Valladolid;63;Hombre
2025-06-05T16:09:00+02:00;2025-06-13T18:54:00+02:00;Jueves;Viernes;ZBS Universidad Centro;Urbano;C.A.U. Salamanca;Salamanca;Salamanca;87;Mujer
2025-06-05T14:08:00+02:00;2025-06-17T18:56:00+02:00;Jueves;Martes;Zona Desconocida;Otra;C.A.U. Burgos;Burgos;Burgos;58;Hombre
2025-06-05T13:58:00+02:00;2025-06-09T16:30:00+02:00;Jueves;Lunes;ZBS Segovia Rural;Rural;C.A. Segovia;Segovia;Segovia;92;Mujer
2025-06-05T03:02:00+02:00;2025-06-06T18:43:00+02:00;Jueves;Viernes;ZBS Condesa;Urbano;C.A.U. León;León;León;69;Mujer
2025-06-05T01:53:00+02:00;2025-06-11T17:24:00+02:00;Miércoles;Miércoles;ZBS José Aguado I;Urbano;C.A.U. León;León;León;80;Mujer
2025-06-05T01:02:00+02:00;2025-06-11T17:29:00+02:00;Miércoles;Miércoles;ZBS Aranda Norte;Urbano;C.A.U. Burgos;Burgos;Burgos;80;Hombre
2025-06-05T00:04:00+02:00;2025-06-06T20:12:00+02:00;Miércoles;Viernes;ZBS Condesa;Urbano;C.A.U. León;León;León;90;Hombre
2025-06-04T21:55:00+02:00;2025-06-11T17:28:00+02:00;Miércoles;Miércoles;ZBS Aranda Norte;Urbano;C.A.U. Burgos;Burgos;Burgos;76;Mujer
2025-06-04T20:54:00+02:00;2025-06-06T20:12:00+02:00;Miércoles;Viernes;ZBS Saldaña;Rural;C.A.U. Palencia;Palencia;Palencia;73;Hombre
2025-06-04T20:44:00+02:00;2025-06-24T14:01:00+02:00;Miércoles;Martes;ZBS Íscar;Rural;H.C.U. Valladolid;Valladolid Este;Valladolid;68;Hombre
2025-06-04T19:45:00+02:00;2025-06-12T18:28:00+02:00;Miércoles;Jueves;ZBS Medina del Campo Urbano;Urbano;H.C.U. Valladolid;Valladolid Este;Valladolid;41;Hombre
2025-06-04T18:10:00+02:00;2025-06-06T12:37:00+02:00;Miércoles;Viernes;ZBS Villalpando;Rural;C.A. Zamora;Zamora;Zamora;84;Mujer
2025-06-04T14:30:00+02:00;2025-06-19T15:25:00+02:00;Miércoles;Jueves;ZBS Segovia III;Urbano;C.A. Segovia;Segovia;Segovia;77;Mujer
2025-06-04T13:57:00+02:00;2025-06-11T17:24:00+02:00;Miércoles;Miércoles;ZBS Cuenca del Bernesga;Rural;C.A.U. León;León;León;86;Mujer
2025-06-04T13:05:00+02:00;2025-06-27T18:15:00+02:00;Miércoles;Viernes;ZBS Pisuerga;Rural;H.U. Río Hortega;Valladolid Oeste;Valladolid;83;Hombre
2025-06-04T00:09:00+02:00;2025-06-20T16:16:00+02:00;Martes;Viernes;ZBS Trobajo del Camino;Rural;C.A.U. León;León;León;58;Hombre
2025-06-03T23:09:00+02:00;2025-06-06T15:45:00+02:00;Martes;Viernes;ZBS Ávila Estación;Urbano;C.A. Ávila;Ávila;Ávila;90;Mujer
2025-06-03T22:50:00+02:00;2025-06-13T18:45:00+02:00;Martes;Viernes;ZBS Astorga I;Urbano;C.A.U. León;León;León;82;Mujer
2025-06-03T22:14:00+02:00;2025-06-06T22:39:00+02:00;Martes;Viernes;Zona Desconocida;Otra;C.A.U. Burgos;Burgos;Burgos;85;Hombre
2025-06-03T21:15:00+02:00;2025-06-06T18:22:00+02:00;Martes;Viernes;ZBS Santa Marta de Tormes;Rural;C.A.U. Salamanca;Salamanca;Salamanca;79;Hombre
2025-06-03T20:56:00+02:00;2025-06-05T19:39:00+02:00;Martes;Jueves;ZBS Eras del Bosque;Urbano;C.A.U. Palencia;Palencia;Palencia;65;Mujer
2025-06-03T20:48:00+02:00;2025-06-10T19:41:00+02:00;Martes;Martes;ZBS Cuenca del Bernesga;Rural;C.A.U. León;León;León;65;Hombre
2025-06-03T19:29:00+02:00;2025-06-05T20:17:00+02:00;Martes;Jueves;ZBS Cuenca del Bernesga;Rural;C.A.U. León;León;León;85;Hombre
2025-06-03T17:58:00+02:00;2025-06-06T12:59:00+02:00;Martes;Viernes;ZBS Íscar;Rural;H. Medina del Campo;Valladolid Este;Valladolid;90;Mujer
2025-06-03T16:38:00+02:00;2025-06-18T17:40:00+02:00;Martes;Miércoles;ZBS Ribera del Órbigo;Rural;C.A.U. León;León;León;50;Mujer
2025-06-03T12:32:00+02:00;2025-06-06T19:51:00+02:00;Martes;Viernes;ZBS Los Cubos;Urbano;C.A.U. Burgos;Burgos;Burgos;51;Mujer
2025-06-03T12:19:00+02:00;2025-06-09T19:44:00+02:00;Martes;Lunes;ZBS García Lorca;Urbano;C.A.U. Burgos;Burgos;Burgos;76;Hombre
2025-06-03T12:16:00+02:00;2025-06-11T13:11:00+02:00;Martes;Miércoles;ZBS Medina de Pomar;Rural;C.A.U. Burgos;Burgos;Burgos;60;Mujer
2025-06-03T11:02:00+02:00;2025-06-03T14:45:00+02:00;Martes;Martes;ZBS Periurbana Sur;Rural;C.A.U. Salamanca;Salamanca;Salamanca;77;Mujer
2025-06-03T08:17:00+02:00;2025-06-05T14:00:00+02:00;Martes;Jueves;ZBS I. López Sáiz;Urbano;C.A.U. Burgos;Burgos;Burgos;80;Hombre
2025-06-03T02:33:00+02:00;2025-06-06T16:29:00+02:00;Martes;Viernes;ZBS Medina del Campo Urbano;Urbano;H. Medina del Campo;Valladolid Este;Valladolid;73;Mujer
2025-06-03T02:25:00+02:00;2025-06-09T19:38:00+02:00;Martes;Lunes;ZBS Medina del Campo Urbano;Urbano;H.C.U. Valladolid;Valladolid Este;Valladolid;50;Mujer
2025-06-02T21:35:00+02:00;2025-06-04T19:26:00+02:00;Lunes;Miércoles;ZBS Casa del Barco;Urbano;C.A.U. Salamanca;Salamanca;Salamanca;81;Mujer
2025-06-02T20:03:00+02:00;2025-06-10T15:48:00+02:00;Lunes;Martes;ZBS Bierzo;Urbano;H. El Bierzo;Bierzo;León;73;Hombre
2025-06-02T19:51:00+02:00;2025-06-06T16:34:00+02:00;Lunes;Viernes;ZBS Almazán;Rural;C.A. Soria;Soria;Soria;84;Mujer
2025-06-02T19:13:00+02:00;2025-06-06T20:12:00+02:00;Lunes;Viernes;ZBS Pintor Oliva;Urbano;C.A.U. Palencia;Palencia;Palencia;75;Mujer
2025-06-02T19:12:00+02:00;2025-06-06T22:45:00+02:00;Lunes;Viernes;ZBS Alba de Tormes;Rural;C.A.U. Salamanca;Salamanca;Salamanca;75;Mujer
2025-06-02T18:52:00+02:00;2025-06-12T12:52:00+02:00;Lunes;Jueves;ZBS Delicias II;Urbano;H.U. Río Hortega;Valladolid Oeste;Valladolid;59;Mujer
2025-06-02T18:46:00+02:00;2025-06-04T16:38:00+02:00;Lunes;Miércoles;ZBS Corrales del Vino;Rural;C.A. Zamora;Zamora;Zamora;89;Mujer
2025-06-02T18:14:00+02:00;2025-06-06T15:33:00+02:00;Lunes;Viernes;ZBS San Antonio;Urbano;H. El Bierzo;Bierzo;León;85;Hombre
2025-06-02T16:50:00+02:00;2025-06-03T05:30:00+02:00;Lunes;Martes;ZBS Peñafiel;Rural;H.C.U. Valladolid;Valladolid Este;Valladolid;93;Mujer
2025-06-02T16:16:00+02:00;2025-06-06T20:16:00+02:00;Lunes;Viernes;ZBS Garrido Sur;Urbano;C.A.U. Salamanca;Salamanca;Salamanca;58;Hombre
2025-06-02T14:29:00+02:00;2025-06-09T18:31:00+02:00;Lunes;Lunes;ZBS La Bañeza I;Urbano;C.A.U. León;León;León;76;Hombre
2025-06-02T06:49:00+02:00;2025-06-10T19:01:00+02:00;Lunes;Martes;ZBS Bierzo;Urbano;C.A.U. León;León;León;88;Hombre
2025-06-02T05:48:00+02:00;2025-07-31T12:37:00+02:00;Lunes;Jueves;ZBS Los Comuneros;Urbano;C.A.U. Burgos;Burgos;Burgos;51;Mujer
2025-06-02T05:10:00+02:00;2025-06-29T02:10:00+02:00;Lunes;Domingo;Zona Desconocida;Otra;C.A.U. Salamanca;Salamanca;Salamanca;76;Mujer
2025-06-02T04:48:00+02:00;2025-06-06T16:35:00+02:00;Lunes;Viernes;ZBS Gómara;Rural;C.A. Soria;Soria;Soria;91;Mujer
2025-06-02T02:30:00+02:00;2025-06-07T16:44:00+02:00;Lunes;Sábado;ZBS Nava de la Asunción;Rural;C.A. Segovia;Segovia;Segovia;83;Mujer
2025-06-02T01:44:00+02:00;2025-06-05T20:31:00+02:00;Domingo;Jueves;ZBS Aranda Norte;Urbano;C.A.U. Burgos;Burgos;Burgos;61;Hombre
2025-06-02T00:49:00+02:00;2025-06-09T17:54:00+02:00;Domingo;Lunes;ZBS Segovia III;Urbano;C.A. Segovia;Segovia;Segovia;89;Hombre
2025-06-02T00:08:00+02:00;2025-06-03T16:15:00+02:00;Domingo;Martes;ZBS Boñar;Rural;C.A.U. León;León;León;80;Hombre
2025-06-01T23:11:00+02:00;2025-06-06T17:11:00+02:00;Domingo;Viernes;ZBS La Victoria;Urbano;H.C.U. Valladolid;Valladolid Este;Valladolid;63;Mujer
2025-06-01T22:12:00+02:00;2025-06-06T17:55:00+02:00;Domingo;Viernes;ZBS Carbonero El Mayor;Rural;C.A. Segovia;Segovia;Segovia;80;Hombre
2025-06-01T21:31:00+02:00;2025-06-05T16:28:00+02:00;Domingo;Jueves;ZBS Pinares-Covaleda;Rural;C.A. Soria;Soria;Soria;73;Hombre
2025-06-01T21:20:00+02:00;2025-06-12T11:49:00+02:00;Domingo;Jueves;ZBS Pilarica;Urbano;H.C.U. Valladolid;Valladolid Este;Valladolid;59;Hombre
2025-06-01T21:14:00+02:00;2025-06-09T18:31:00+02:00;Domingo;Lunes;ZBS Bañeza II;Rural;C.A.U. León;León;León;84;Hombre
2025-06-01T20:32:00+02:00;2025-06-06T14:36:00+02:00;Domingo;Viernes;ZBS Fuenteguinaldo;Rural;C.A.U. Salamanca;Salamanca;Salamanca;81;Mujer
2025-06-01T19:58:00+02:00;2025-06-14T07:02:00+02:00;Domingo;Sábado;ZBS Portillo;Rural;H.C.U. Valladolid;Valladolid Este;Valladolid;77;Mujer
2025-06-01T18:33:00+02:00;2025-06-11T23:16:00+02:00;Domingo;Miércoles;ZBS Paredes de Nava;Rural;H.C.U. Valladolid;Valladolid Este;Valladolid;88;Hombre
2025-06-01T18:17:00+02:00;2025-06-10T19:50:00+02:00;Domingo;Martes;ZBS Venta de Baños;Rural;C.A.U. Palencia;Palencia;Palencia;77;Hombre
2025-06-01T16:37:00+02:00;2025-06-04T07:14:00+02:00;Domingo;Miércoles;ZBS Laguna de Duero;Rural;H.U. Río Hortega;Valladolid Oeste;Valladolid;87;Hombre
2025-06-01T15:43:00+02:00;2025-06-06T19:46:00+02:00;Domingo;Viernes;ZBS Paredes de Nava;Rural;C.A.U. Palencia;Palencia;Palencia;95;Hombre
2025-06-01T15:22:00+02:00;2025-06-10T23:02:00+02:00;Domingo;Martes;ZBS Gamonal las Torres;Urbano;C.A.U. Burgos;Burgos;Burgos;90;Mujer
2025-06-01T15:21:00+02:00;2025-06-06T16:29:00+02:00;Domingo;Viernes;ZBS Las Navas del Marqués;Urbano;C.A. Ávila;Ávila;Ávila;96;Mujer
2025-06-01T14:33:00+02:00;2025-06-10T17:52:00+02:00;Domingo;Martes;ZBS Gamonal Antigua;Urbano;C.A.U. Burgos;Burgos;Burgos;54;Mujer
2025-06-01T12:23:00+02:00;2025-06-06T20:20:00+02:00;Domingo;Viernes;ZBS Ágreda;Rural;C.A. Soria;Soria;Soria;88;Hombre
2025-06-01T09:44:00+02:00;2025-06-06T18:30:00+02:00;Domingo;Viernes;ZBS Ponferrada IV;Urbano;C.A.U. León;León;León;44;Hombre
2025-06-01T08:10:00+02:00;2025-06-02T18:19:00+02:00;Domingo;Lunes;ZBS Delicias II;Urbano;H.C.U. Valladolid;Valladolid Este;Valladolid;59;Mujer
2025-06-01T05:44:00+02:00;2025-06-04T16:16:00+02:00;Domingo;Miércoles;Zona Desconocida;Otra;C.A. Ávila;Ávila;Ávila;75;Hombre
2025-06-01T03:33:00+02:00;2025-06-04T12:22:00+02:00;Domingo;Miércoles;ZBS Corrales del Vino;Rural;C.A. Zamora;Zamora;Zamora;91;Mujer
2025-06-01T02:56:00+02:00;2025-06-25T18:33:00+02:00;Domingo;Miércoles;ZBS San Andrés del Rabanedo;Rural;C.A.U. León;León;León;62;Hombre
2025-06-01T02:36:00+02:00;2025-06-05T18:59:00+02:00;Domingo;Jueves;ZBS Piedrahita;Rural;C.A.U. Salamanca;Salamanca;Salamanca;71;Mujer
2025-06-01T01:53:00+02:00;2025-06-04T19:05:00+02:00;Sábado;Miércoles;ZBS Parquesol;Urbano;H.U. Río Hortega;Valladolid Oeste;Valladolid;73;Hombre
2025-06-01T01:06:00+02:00;2025-06-05T17:41:00+02:00;Sábado;Jueves;ZBS F.Villalobos;Urbano;C.A.U. Salamanca;Salamanca;Salamanca;76;Hombre
2025-06-01T00:49:00+02:00;2025-06-25T15:15:00+02:00;Sábado;Miércoles;ZBS Garrido Sur;Urbano;C.A.U. Salamanca;Salamanca;Salamanca;65;Mujer
2025-05-31T22:33:00+02:00;2025-06-01T13:00:00+02:00;Sábado;Domingo;ZBS El Espinar;Rural;C.A. Segovia;Segovia;Segovia;92;Mujer
2025-05-31T22:06:00+02:00;2025-06-04T18:45:00+02:00;Sábado;Miércoles;ZBS Cuenca del Bernesga;Rural;C.A.U. León;León;León;80;Hombre
2025-05-31T21:44:00+02:00;2025-06-06T19:31:00+02:00;Sábado;Viernes;ZBS Sahagún de Campos;Rural;C.A.U. León;León;León;87;Hombre
2025-05-31T20:41:00+02:00;2025-06-13T17:48:00+02:00;Sábado;Viernes;ZBS San Agustín;Urbano;C.A.U. Burgos;Burgos;Burgos;49;Mujer
2025-05-31T17:19:00+02:00;2025-06-03T16:22:00+02:00;Sábado;Martes;ZBS Íscar;Rural;H. Medina del Campo;Valladolid Este;Valladolid;95;Hombre
2025-05-31T15:28:00+02:00;2025-06-06T20:15:00+02:00;Sábado;Viernes;ZBS Garrido Sur;Urbano;C.A.U. Salamanca;Salamanca;Salamanca;71;Hombre
2025-05-31T14:48:00+02:00;2025-06-05T16:38:00+02:00;Sábado;Jueves;ZBS La Palomera;Urbano;C.A.U. León;León;León;86;Hombre
2025-05-31T13:38:00+02:00;2025-06-10T19:01:00+02:00;Sábado;Martes;ZBS Crucero;Urbano;C.A.U. León;León;León;81;Hombre
2025-05-31T12:44:00+02:00;2025-06-05T17:31:00+02:00;Sábado;Jueves;ZBS Valencia de D. Juan;Rural;C.A.U. León;León;León;89;Hombre
2025-05-31T02:46:00+02:00;2025-06-02T19:24:00+02:00;Sábado;Lunes;ZBS Bierzo;Urbano;C.A.U. León;León;León;73;Hombre
2025-05-30T22:21:00+02:00;2025-06-04T17:44:00+02:00;Viernes;Miércoles;ZBS Plaza del Ejército;Urbano;H.U. Río Hortega;Valladolid Oeste;Valladolid;80;Hombre
2025-05-30T21:10:00+02:00;2025-06-05T20:30:00+02:00;Viernes;Jueves;ZBS Valencia de D. Juan;Rural;C.A.U. León;León;León;80;Mujer
2025-05-30T20:39:00+02:00;2025-06-05T04:22:00+02:00;Viernes;Jueves;ZBS Los Cubos;Urbano;C.A.U. Burgos;Burgos;Burgos;83;Mujer
2025-05-30T20:03:00+02:00;2025-06-05T20:30:00+02:00;Viernes;Jueves;ZBS Condesa;Urbano;C.A.U. León;León;León;95;Mujer
2025-05-30T19:22:00+02:00;2025-06-04T14:15:00+02:00;Viernes;Miércoles;ZBS Puebla de Sanabria;Rural;C.A. Zamora;Zamora;Zamora;63;Hombre
2025-05-30T18:55:00+02:00;2025-06-17T17:33:00+02:00;Viernes;Martes;ZBS José Aguado I;Urbano;C.A.U. León;León;León;87;Mujer
2025-05-30T18:49:00+02:00;2025-06-12T18:12:00+02:00;Viernes;Jueves;ZBS Nava de la Asunción;Rural;C.A. Segovia;Segovia;Segovia;72;Mujer
2025-05-30T16:12:00+02:00;2025-06-05T13:11:00+02:00;Viernes;Jueves;ZBS Medina del Campo Urbano;Urbano;H.C.U. Valladolid;Valladolid Este;Valladolid;93;Mujer
2025-05-30T15:53:00+02:00;2025-06-05T16:36:00+02:00;Viernes;Jueves;ZBS Arturo Eyries;Urbano;H.U. Río Hortega;Valladolid Oeste;Valladolid;84;Mujer
2025-05-30T15:33:00+02:00;2025-06-06T14:58:00+02:00;Viernes;Viernes;ZBS Alcañices;Rural;C.A. Zamora;Zamora;Zamora;73;Hombre
2025-05-30T14:28:00+02:00;2025-06-02T17:15:00+02:00;Viernes;Lunes;ZBS Garrido Norte;Urbano;C.A.U. Salamanca;Salamanca;Salamanca;81;Mujer
2025-05-30T13:55:00+02:00;2025-06-06T18:29:00+02:00;Viernes;Viernes;ZBS Guardo;Rural;H.C.U. Valladolid;Valladolid Este;Valladolid;76;Hombre
2025-05-30T05:41:00+02:00;2025-06-06T17:53:00+02:00;Viernes;Viernes;ZBS Segovia II;Urbano;C.A. Segovia;Segovia;Segovia;69;Hombre
2025-05-30T02:51:00+02:00;2025-06-03T16:55:00+02:00;Viernes;Martes;ZBS Bierzo;Urbano;H. El Bierzo;Bierzo;León;81;Mujer
2025-05-29T21:38:00+02:00;2025-06-20T20:14:00+02:00;Jueves;Viernes;ZBS Ribera del Órbigo;Rural;C.A.U. León;León;León;61;Mujer
2025-05-29T19:46:00+02:00;2025-06-05T15:02:00+02:00;Jueves;Jueves;ZBS Belorado;Rural;C.A.U. Burgos;Burgos;Burgos;73;Hombre
2025-05-29T19:30:00+02:00;2025-06-03T18:25:00+02:00;Jueves;Martes;ZBS El Espinar;Rural;C.A. Segovia;Segovia;Segovia;73;Hombre
2025-05-29T18:51:00+02:00;2025-06-03T13:30:00+02:00;Jueves;Martes;ZBS Alamedilla;Urbano;C.A.U. Salamanca;Salamanca;Salamanca;88;Mujer
2025-05-29T16:38:00+02:00;2025-05-30T18:40:00+02:00;Jueves;Viernes;ZBS Puebla de Sanabria;Rural;C.A.U. León;León;León;63;Hombre
2025-05-29T16:20:00+02:00;2025-06-06T20:38:00+02:00;Jueves;Viernes;ZBS Segovia II;Urbano;C.A. Segovia;Segovia;Segovia;68;Hombre
2025-05-29T16:12:00+02:00;2025-06-06T18:40:00+02:00;Jueves;Viernes;ZBS Huerta del Rey;Urbano;H.C.U. Valladolid;Valladolid Este;Valladolid;55;Mujer
2025-05-29T15:51:00+02:00;2025-06-03T09:15:00+02:00;Jueves;Martes;ZBS Santa Marta de Tormes;Rural;C.A.U. Salamanca;Salamanca;Salamanca;87;Mujer
2025-05-29T14:37:00+02:00;2025-06-02T18:01:00+02:00;Jueves;Lunes;ZBS Pintor Oliva;Urbano;H.C.U. Valladolid;Valladolid Este;Valladolid;50;Hombre
2025-05-29T11:31:00+02:00;2025-05-30T19:18:00+02:00;Jueves;Viernes;ZBS Huerta del Rey;Urbano;H.U. Río Hortega;Valladolid Oeste;Valladolid;77;Hombre
2025-05-29T05:47:00+02:00;2025-06-23T22:08:00+02:00;Jueves;Lunes;ZBS Santa Marta de Tormes;Rural;C.A.U. Salamanca;Salamanca;Salamanca;76;Mujer
2025-05-29T03:07:00+02:00;2025-05-30T19:21:00+02:00;Jueves;Viernes;ZBS Pisuerga;Rural;H.U. Río Hortega;Valladolid Oeste;Valladolid;52;Hombre
2025-05-29T02:27:00+02:00;2025-06-02T14:44:00+02:00;Jueves;Lunes;ZBS Arévalo;Urbano;H.C.U. Valladolid;Valladolid Este;Valladolid;66;Mujer
2025-05-28T23:45:00+02:00;2025-06-02T21:42:00+02:00;Miércoles;Lunes;Zona Desconocida;Otra;C.A. Soria;Soria;Soria;79;Mujer
2025-05-28T22:24:00+02:00;2025-06-11T15:38:00+02:00;Miércoles;Miércoles;ZBS Ávila Sur Oeste;Urbano;C.A. Ávila;Ávila;Ávila;57;Mujer
2025-05-28T21:54:00+02:00;2025-06-05T20:29:00+02:00;Miércoles;Jueves;ZBS José Luis Santamaría;Urbano;C.A.U. Burgos;Burgos;Burgos;83;Hombre
2025-05-28T21:07:00+02:00;2025-05-30T15:20:00+02:00;Miércoles;Viernes;ZBS Benavente Sur;Urbano;C.A. Zamora;Zamora;Zamora;71;Mujer
2025-05-28T20:47:00+02:00;2025-06-09T19:31:00+02:00;Miércoles;Lunes;ZBS Pintor Oliva;Urbano;C.A.U. Palencia;Palencia;Palencia;78;Hombre
2025-05-28T19:45:00+02:00;2025-06-04T15:34:00+02:00;Miércoles;Miércoles;ZBS Arévalo;Urbano;C.A. Ávila;Ávila;Ávila;79;Hombre
2025-05-28T19:44:00+02:00;2025-06-04T18:16:00+02:00;Miércoles;Miércoles;ZBS Belorado;Rural;C.A.U. Burgos;Burgos;Burgos;75;Hombre
2025-05-28T18:50:00+02:00;2025-06-09T16:05:00+02:00;Miércoles;Lunes;ZBS San Agustín;Urbano;C.A.U. Burgos;Burgos;Burgos;66;Hombre
2025-05-28T17:35:00+02:00;2025-05-30T13:54:00+02:00;Miércoles;Viernes;ZBS Alcañices;Rural;C.A.U. Salamanca;Salamanca;Salamanca;73;Hombre
2025-05-28T15:23:00+02:00;2025-05-31T04:45:00+02:00;Miércoles;Sábado;ZBS José Aguado II;Urbano;C.A.U. León;León;León;85;Hombre
2025-05-28T15:17:00+02:00;2025-06-02T18:26:00+02:00;Miércoles;Lunes;ZBS Pintor Oliva;Urbano;H.C.U. Valladolid;Valladolid Este;Valladolid;75;Mujer
2025-05-28T14:58:00+02:00;2025-06-02T19:56:00+02:00;Miércoles;Lunes;ZBS Ávila Estación;Urbano;C.A.U. Salamanca;Salamanca;Salamanca;73;Mujer
2025-05-28T11:31:00+02:00;2025-06-11T12:34:00+02:00;Miércoles;Miércoles;ZBS Tudela;Rural;H.C.U. Valladolid;Valladolid Este;Valladolid;79;Hombre
2025-05-28T10:19:00+02:00;2025-05-29T18:23:00+02:00;Miércoles;Jueves;ZBS José Luis Santamaría;Urbano;C.A.U. Burgos;Burgos;Burgos;87;Mujer
2025-05-28T01:56:00+02:00;2025-06-11T15:36:00+02:00;Martes;Miércoles;ZBS Sotillo de Adrada;Rural;C.A. Ávila;Ávila;Ávila;89;Mujer
2025-05-28T00:59:00+02:00;2025-05-31T14:43:00+02:00;Martes;Sábado;ZBS Camarzana de Tera;Rural;C.A. Zamora;Zamora;Zamora;99;Mujer
2025-05-27T23:31:00+02:00;2025-05-28T20:14:00+02:00;Martes;Miércoles;ZBS Sepúlveda;Rural;C.A. Segovia;Segovia;Segovia;47;Hombre
2025-05-27T23:05:00+02:00;2025-06-01T01:45:00+02:00;Martes;Sábado;ZBS El Espinar;Rural;C.A. Segovia;Segovia;Segovia;95;Hombre
2025-05-27T23:00:00+02:00;2025-05-30T11:15:00+02:00;Martes;Viernes;ZBS Villafranca del Bierzo;Rural;H. El Bierzo;Bierzo;León;76;Hombre
2025-05-27T22:40:00+02:00;2025-08-13T14:05:00+02:00;Martes;Miércoles;ZBS Eras del Bosque;Urbano;C.A.U. Palencia;Palencia;Palencia;52;Hombre
2025-05-27T21:38:00+02:00;2025-06-09T12:51:00+02:00;Martes;Lunes;ZBS Guardo;Rural;H.C.U. Valladolid;Valladolid Este;Valladolid;61;Mujer
2025-05-27T21:15:00+02:00;2025-05-29T15:58:00+02:00;Martes;Jueves;ZBS Mombuey;Rural;C.A. Zamora;Zamora;Zamora;79;Hombre
2025-05-27T20:41:00+02:00;2025-05-29T20:45:00+02:00;Martes;Jueves;ZBS Ávila Estación;Urbano;C.A.U. Salamanca;Salamanca;Salamanca;64;Mujer
2025-05-27T20:36:00+02:00;2025-06-03T18:35:00+02:00;Martes;Martes;ZBS Cuéllar;Urbano;C.A. Segovia;Segovia;Segovia;85;Hombre
2025-05-27T20:02:00+02:00;2025-06-02T18:48:00+02:00;Martes;Lunes;ZBS Baltanás;Rural;C.A.U. Palencia;Palencia;Palencia;46;Hombre
2025-05-27T18:55:00+02:00;2025-05-29T14:42:00+02:00;Martes;Jueves;ZBS Zamora Norte;Rural;C.A. Zamora;Zamora;Zamora;74;Hombre
2025-05-27T16:18:00+02:00;2025-06-02T18:57:00+02:00;Martes;Lunes;ZBS Delicias I;Urbano;H.U. Río Hortega;Valladolid Oeste;Valladolid;62;Mujer
2025-05-27T15:59:00+02:00;2025-06-03T18:36:00+02:00;Martes;Martes;ZBS Segovia I;Urbano;C.A. Segovia;Segovia;Segovia;70;Hombre
2025-05-27T15:56:00+02:00;2025-06-03T16:15:00+02:00;Martes;Martes;ZBS Jardinillos;Urbano;C.A.U. Palencia;Palencia;Palencia;93;Hombre
2025-05-27T15:45:00+02:00;2025-06-16T20:25:00+02:00;Martes;Lunes;ZBS Laguna de Duero;Rural;H.U. Río Hortega;Valladolid Oeste;Valladolid;89;Mujer
2025-05-27T15:07:00+02:00;2025-05-30T19:46:00+02:00;Martes;Viernes;ZBS Garrido Norte;Urbano;C.A.U. Salamanca;Salamanca;Salamanca;80;Hombre
2025-05-27T14:14:00+02:00;2025-05-30T16:40:00+02:00;Martes;Viernes;ZBS Parquesol;Urbano;H.U. Río Hortega;Valladolid Oeste;Valladolid;54;Hombre
2025-05-27T10:29:00+02:00;2025-06-03T18:40:00+02:00;Martes;Martes;ZBS Eras de Renueva;Urbano;C.A.U. León;León;León;93;Mujer
2025-05-27T04:13:00+02:00;2025-05-30T19:16:00+02:00;Martes;Viernes;ZBS Condesa;Urbano;C.A.U. León;León;León;95;Mujer
2025-05-27T03:52:00+02:00;2025-06-02T15:04:00+02:00;Martes;Lunes;ZBS Santibañez de Vidriales;Rural;C.A. Zamora;Zamora;Zamora;54;Hombre
2025-05-27T03:33:00+02:00;2025-06-06T13:56:00+02:00;Martes;Viernes;ZBS Zamora Norte;Rural;C.A. Zamora;Zamora;Zamora;85;Mujer
2025-05-27T02:54:00+02:00;2025-05-28T20:50:00+02:00;Martes;Miércoles;ZBS Fontiveros;Rural;C.A.U. Salamanca;Salamanca;Salamanca;57;Mujer
2025-05-27T02:27:00+02:00;2025-05-29T16:07:00+02:00;Martes;Jueves;ZBS Ávila Sur Este;Urbano;C.A. Ávila;Ávila;Ávila;71;Hombre
2025-05-27T02:21:00+02:00;2025-05-28T14:39:00+02:00;Martes;Miércoles;ZBS Ponferrada IV;Urbano;H. El Bierzo;Bierzo;León;78;Hombre
2025-05-27T02:09:00+02:00;2025-06-03T16:48:00+02:00;Martes;Martes;ZBS Astorga I;Urbano;C.A.U. León;León;León;78;Mujer
2025-05-26T23:00:00+02:00;2025-06-13T22:53:00+02:00;Lunes;Viernes;ZBS Valle de Valdebezana;Rural;H. Santiago Apóstol;Burgos;Burgos;70;Hombre
2025-05-26T21:59:00+02:00;2025-05-30T19:34:00+02:00;Lunes;Viernes;ZBS Parque Alameda-Covaresa;Urbano;H.U. Río Hortega;Valladolid Oeste;Valladolid;96;Mujer
2025-05-26T21:15:00+02:00;2025-05-29T18:00:00+02:00;Lunes;Jueves;ZBS Ciudad Rodrigo;Urbano;C.A.U. Salamanca;Salamanca;Salamanca;58;Hombre
2025-05-26T20:43:00+02:00;2025-05-30T18:50:00+02:00;Lunes;Viernes;ZBS Saldaña;Rural;C.A.U. León;León;León;83;Hombre
2025-05-26T20:24:00+02:00;2025-05-30T19:37:00+02:00;Lunes;Viernes;ZBS Frómista;Rural;C.A.U. Palencia;Palencia;Palencia;73;Hombre
2025-05-26T20:13:00+02:00;2025-05-30T19:53:00+02:00;Lunes;Viernes;ZBS Burgos Rural Sur;Rural;C.A.U. Burgos;Burgos;Burgos;92;Hombre
2025-05-26T20:10:00+02:00;2025-05-30T19:50:00+02:00;Lunes;Viernes;ZBS Gamonal Antigua;Urbano;C.A.U. Burgos;Burgos;Burgos;62;Hombre
2025-05-26T20:01:00+02:00;2025-05-30T19:48:00+02:00;Lunes;Viernes;ZBS Garrido Norte;Urbano;C.A.U. Salamanca;Salamanca;Salamanca;79;Hombre
2025-05-26T19:55:00+02:00;2025-05-30T19:37:00+02:00;Lunes;Viernes;ZBS Saldaña;Rural;C.A.U. Palencia;Palencia;Palencia;85;Hombre
2025-05-26T19:44:00+02:00;2025-05-28T19:18:00+02:00;Lunes;Miércoles;ZBS Benavente Sur;Urbano;C.A.U. León;León;León;71;Mujer
2025-05-26T19:11:00+02:00;2025-06-06T15:45:00+02:00;Lunes;Viernes;ZBS Medina del Campo Urbano;Urbano;C.A. Ávila;Ávila;Ávila;89;Mujer
2025-05-26T19:04:00+02:00;2025-06-07T15:51:00+02:00;Lunes;Sábado;ZBS Villafranca del Bierzo;Rural;H. El Bierzo;Bierzo;León;87;Mujer
2025-05-26T19:03:00+02:00;2025-05-27T21:29:00+02:00;Lunes;Martes;ZBS Delicias II;Urbano;H.U. Río Hortega;Valladolid Oeste;Valladolid;82;Hombre
2025-05-26T18:36:00+02:00;2025-05-29T16:35:00+02:00;Lunes;Jueves;ZBS Delicias II;Urbano;H.U. Río Hortega;Valladolid Oeste;Valladolid;68;Hombre
2025-05-26T15:04:00+02:00;2025-05-31T14:00:00+02:00;Lunes;Sábado;ZBS Circular;Urbano;H.C.U. Valladolid;Valladolid Este;Valladolid;78;Mujer
2025-05-26T14:19:00+02:00;2025-05-28T15:00:00+02:00;Lunes;Miércoles;ZBS Delicias I;Urbano;H.U. Río Hortega;Valladolid Oeste;Valladolid;70;Hombre
2025-05-26T13:57:00+02:00;2025-06-03T19:21:00+02:00;Lunes;Martes;ZBS Condesa;Urbano;C.A.U. León;León;León;90;Mujer
2025-05-26T10:14:00+02:00;2025-05-26T17:08:00+02:00;Lunes;Lunes;ZBS Cacabelos;Rural;H. El Bierzo;Bierzo;León;72;Hombre
2025-05-26T02:23:00+02:00;2025-05-28T18:00:00+02:00;Lunes;Miércoles;ZBS Elena Ginel Díez;Urbano;C.A.U. Salamanca;Salamanca;Salamanca;65;Hombre
2025-05-26T00:21:00+02:00;2025-05-27T18:39:00+02:00;Domingo;Martes;ZBS Delicias II;Urbano;H.U. Río Hortega;Valladolid Oeste;Valladolid;82;Mujer
2025-05-25T22:38:00+02:00;2025-05-30T14:02:00+02:00;Domingo;Viernes;ZBS Parada del Molino;Urbano;C.A. Zamora;Zamora;Zamora;87;Hombre
2025-05-25T21:51:00+02:00;2025-05-28T18:00:00+02:00;Domingo;Miércoles;ZBS Garrido Norte;Urbano;C.A.U. Salamanca;Salamanca;Salamanca;81;Mujer
2025-05-25T17:40:00+02:00;2025-05-30T16:20:00+02:00;Domingo;Viernes;ZBS Arévalo;Urbano;C.A. Ávila;Ávila;Ávila;94;Mujer
2025-05-25T15:54:00+02:00;2025-05-29T12:24:00+02:00;Domingo;Jueves;ZBS Jardinillos;Urbano;C.A.U. Burgos;Burgos;Burgos;89;Mujer
2025-05-25T15:32:00+02:00;2025-05-30T16:10:00+02:00;Domingo;Viernes;ZBS Bierzo;Urbano;H. El Bierzo;Bierzo;León;64;Mujer
2025-05-25T14:56:00+02:00;2025-05-27T12:57:00+02:00;Domingo;Martes;ZBS Benavente Sur;Urbano;C.A. Zamora;Zamora;Zamora;89;Mujer
2025-05-25T14:34:00+02:00;2025-05-29T18:29:00+02:00;Domingo;Jueves;ZBS José Luis Santamaría;Urbano;C.A.U. Burgos;Burgos;Burgos;86;Mujer
2025-05-25T13:23:00+02:00;2025-06-04T11:54:00+02:00;Domingo;Miércoles;ZBS Sta. María del Páramo;Rural;C.A.U. León;León;León;88;Hombre
2025-05-25T03:01:00+02:00;2025-06-04T14:54:00+02:00;Domingo;Miércoles;ZBS Delicias I;Urbano;H.U. Río Hortega;Valladolid Oeste;Valladolid;51;Hombre
2025-05-25T01:11:00+02:00;2025-06-06T13:38:00+02:00;Sábado;Viernes;ZBS Periurbana Norte;Rural;C.A.U. Salamanca;Salamanca;Salamanca;83;Mujer
2025-05-24T23:24:00+02:00;2025-05-29T18:00:00+02:00;Sábado;Jueves;ZBS F.Villalobos;Urbano;C.A.U. Salamanca;Salamanca;Salamanca;74;Hombre
2025-05-24T23:06:00+02:00;2025-05-27T19:45:00+02:00;Sábado;Martes;ZBS Sepúlveda;Rural;C.A.U. Burgos;Burgos;Burgos;47;Hombre
2025-05-24T22:24:00+02:00;2025-06-03T20:22:00+02:00;Sábado;Martes;ZBS Olmedo;Rural;H.C.U. Valladolid;Valladolid Este;Valladolid;93;Mujer
2025-05-24T22:01:00+02:00;2025-05-30T02:17:00+02:00;Sábado;Viernes;ZBS Sepúlveda;Rural;H.C.U. Valladolid;Valladolid Este;Valladolid;68;Hombre
2025-05-24T21:43:00+02:00;2025-05-27T16:06:00+02:00;Sábado;Martes;ZBS Pedrosillo el Ralo;Rural;C.A.U. Salamanca;Salamanca;Salamanca;85;Mujer
2025-05-24T21:31:00+02:00;2025-05-26T18:00:00+02:00;Sábado;Lunes;ZBS Arévalo;Urbano;C.A.U. Salamanca;Salamanca;Salamanca;74;Hombre
2025-05-24T19:35:00+02:00;2025-05-27T20:40:00+02:00;Sábado;Martes;ZBS Villafranca del Bierzo;Rural;C.A.U. León;León;León;76;Hombre
2025-05-24T17:28:00+02:00;2025-06-05T18:52:00+02:00;Sábado;Jueves;ZBS Garrido Norte;Urbano;C.A.U. Salamanca;Salamanca;Salamanca;84;Hombre
2025-05-24T15:40:00+02:00;2025-06-06T18:38:00+02:00;Sábado;Viernes;ZBS Periurbana Norte;Rural;C.A.U. Salamanca;Salamanca;Salamanca;94;Mujer
2025-05-24T13:50:00+02:00;2025-05-26T17:00:00+02:00;Sábado;Lunes;ZBS Arévalo;Urbano;H.C.U. Valladolid;Valladolid Este;Valladolid;89;Mujer
2025-05-24T13:09:00+02:00;2025-05-30T19:52:00+02:00;Sábado;Viernes;ZBS Gamonal Antigua;Urbano;C.A.U. Burgos;Burgos;Burgos;56;Hombre
2025-05-24T03:41:00+02:00;2025-05-27T19:13:00+02:00;Sábado;Martes;ZBS Baltanás;Rural;H.C.U. Valladolid;Valladolid Este;Valladolid;46;Hombre
2025-05-24T03:19:00+02:00;2025-05-26T19:45:00+02:00;Sábado;Lunes;ZBS Burgos Rural Sur;Rural;C.A.U. Burgos;Burgos;Burgos;12;Mujer
2025-05-24T02:53:00+02:00;2025-05-30T20:50:00+02:00;Sábado;Viernes;ZBS Peñaranda;Rural;C.A.U. Salamanca;Salamanca;Salamanca;57;Mujer
2025-05-24T02:30:00+02:00;2025-05-29T20:45:00+02:00;Sábado;Jueves;ZBS Béjar;Urbano;C.A.U. Salamanca;Salamanca;Salamanca;84;Hombre
2025-05-24T02:19:00+02:00;2025-05-30T16:40:00+02:00;Sábado;Viernes;ZBS Eras de Renueva;Urbano;C.A.U. León;León;León;48;Mujer
2025-05-24T02:01:00+02:00;2025-05-26T20:10:00+02:00;Sábado;Lunes;ZBS Saldaña;Rural;H.C.U. Valladolid;Valladolid Este;Valladolid;85;Hombre
2025-05-23T20:54:00+02:00;2025-05-28T16:40:00+02:00;Viernes;Miércoles;Zona Desconocida;Otra;C.A.U. León;León;León;77;Hombre
2025-05-23T20:13:00+02:00;2025-06-04T18:10:00+02:00;Viernes;Miércoles;ZBS La Palomera;Urbano;C.A.U. León;León;León;65;Hombre
2025-05-23T19:53:00+02:00;2025-07-01T16:25:00+02:00;Viernes;Martes;ZBS Puerta Nueva;Urbano;C.A. Zamora;Zamora;Zamora;76;Mujer
2025-05-23T19:28:00+02:00;2025-05-26T13:27:00+02:00;Viernes;Lunes;ZBS Santa Elena;Urbano;C.A. Zamora;Zamora;Zamora;84;Mujer
2025-05-23T18:38:00+02:00;2025-06-03T11:54:00+02:00;Viernes;Martes;ZBS Huerta del Rey;Urbano;H.U. Río Hortega;Valladolid Oeste;Valladolid;93;Hombre
2025-05-23T18:11:00+02:00;2025-05-28T17:25:00+02:00;Viernes;Miércoles;ZBS Cistierna;Rural;C.A.U. León;León;León;80;Hombre
2025-05-23T17:02:00+02:00;2025-05-28T12:28:00+02:00;Viernes;Miércoles;ZBS Cristobal Acosta;Urbano;C.A.U. Burgos;Burgos;Burgos;80;Hombre
2025-05-23T16:11:00+02:00;2025-05-28T19:30:00+02:00;Viernes;Miércoles;ZBS Arévalo;Urbano;C.A.U. Salamanca;Salamanca;Salamanca;79;Hombre
2025-05-23T15:59:00+02:00;2025-06-02T20:01:00+02:00;Viernes;Lunes;ZBS Briviesca;Urbano;C.A.U. Burgos;Burgos;Burgos;80;Hombre
2025-05-23T06:00:00+02:00;2025-06-05T15:20:00+02:00;Viernes;Jueves;Zona Desconocida;Otra;H.C.U. Valladolid;Valladolid Este;Valladolid;69;Hombre
2025-05-23T03:48:00+02:00;2025-06-04T18:48:00+02:00;Viernes;Miércoles;ZBS Astorga I;Urbano;C.A.U. León;León;León;60;Hombre
2025-05-23T02:02:00+02:00;2025-05-28T18:00:00+02:00;Viernes;Miércoles;ZBS Santa Marta de Tormes;Rural;C.A.U. Salamanca;Salamanca;Salamanca;62;Mujer
2025-05-23T01:15:00+02:00;2025-05-26T18:31:00+02:00;Jueves;Lunes;ZBS Delicias II;Urbano;H.C.U. Valladolid;Valladolid Este;Valladolid;82;Hombre
2025-05-23T00:23:00+02:00;2025-05-27T17:48:00+02:00;Jueves;Martes;ZBS Venta de Baños;Rural;H.C.U. Valladolid;Valladolid Este;Valladolid;61;Hombre
2025-05-22T23:24:00+02:00;2025-05-29T14:34:00+02:00;Jueves;Jueves;ZBS Delicias II;Urbano;H.U. Río Hortega;Valladolid Oeste;Valladolid;76;Hombre
2025-05-22T21:32:00+02:00;2025-06-02T15:59:00+02:00;Jueves;Lunes;ZBS Bierzo;Urbano;H. El Bierzo;Bierzo;León;85;Mujer
2025-05-22T21:28:00+02:00;2025-06-04T15:58:00+02:00;Jueves;Miércoles;ZBS Cebreros;Rural;C.A. Ávila;Ávila;Ávila;89;Hombre
2025-05-22T21:02:00+02:00;2025-05-27T16:44:00+02:00;Jueves;Martes;ZBS Las Navas del Marqués;Urbano;C.A. Ávila;Ávila;Ávila;71;Hombre
2025-05-22T20:59:00+02:00;2025-05-26T00:55:00+02:00;Jueves;Domingo;ZBS La Bañeza I;Urbano;C.A.U. León;León;León;94;Mujer
2025-05-22T20:06:00+02:00;2025-05-26T16:00:00+02:00;Jueves;Lunes;ZBS Toro;Urbano;C.A. Zamora;Zamora;Zamora;77;Hombre
2025-05-22T14:47:00+02:00;2025-05-29T14:35:00+02:00;Jueves;Jueves;ZBS Plaza del Ejército;Urbano;H.U. Río Hortega;Valladolid Oeste;Valladolid;79;Hombre
2025-05-22T14:38:00+02:00;2025-05-30T01:15:00+02:00;Jueves;Jueves;ZBS Benavente Sur;Urbano;C.A.U. León;León;León;76;Mujer
2025-05-22T08:45:00+02:00;2025-06-02T13:11:00+02:00;Jueves;Lunes;ZBS Mota del Marqués;Rural;H.C.U. Valladolid;Valladolid Este;Valladolid;92;Mujer
2025-05-22T04:13:00+02:00;2025-05-23T18:32:00+02:00;Jueves;Viernes;ZBS Santa Elena;Urbano;C.A.U. Salamanca;Salamanca;Salamanca;84;Mujer
2025-05-22T01:47:00+02:00;2025-05-27T16:10:00+02:00;Miércoles;Martes;ZBS Piedrahita;Rural;C.A. Ávila;Ávila;Ávila;78;Hombre
2025-05-21T23:18:00+02:00;2025-05-28T19:21:00+02:00;Miércoles;Miércoles;ZBS San Andrés del Rabanedo;Rural;C.A.U. León;León;León;52;Mujer
2025-05-21T22:34:00+02:00;2025-05-23T16:47:00+02:00;Miércoles;Viernes;ZBS Lerma;Rural;C.A.U. Burgos;Burgos;Burgos;60;Hombre
2025-05-21T22:24:00+02:00;2025-05-27T16:19:00+02:00;Miércoles;Martes;ZBS Ávila Sur Este;Urbano;C.A. Ávila;Ávila;Ávila;85;Mujer
2025-05-21T21:29:00+02:00;2025-06-11T22:22:00+02:00;Miércoles;Miércoles;ZBS Arévalo;Urbano;C.A. Ávila;Ávila;Ávila;63;Mujer
2025-05-21T20:58:00+02:00;2025-05-27T15:08:00+02:00;Miércoles;Martes;ZBS Circular;Urbano;H.C.U. Valladolid;Valladolid Este;Valladolid;74;Hombre
2025-05-21T20:53:00+02:00;2025-06-03T21:38:00+02:00;Miércoles;Martes;ZBS Tudela;Rural;H.C.U. Valladolid;Valladolid Este;Valladolid;85;Hombre
2025-05-21T19:59:00+02:00;2025-05-27T19:36:00+02:00;Miércoles;Martes;ZBS Venta de Baños;Rural;C.A.U. Palencia;Palencia;Palencia;60;Hombre
2025-05-21T19:45:00+02:00;2025-05-29T19:50:00+02:00;Miércoles;Jueves;ZBS Lumbrales;Rural;C.A.U. Salamanca;Salamanca;Salamanca;81;Mujer
2025-05-21T17:50:00+02:00;2025-05-28T17:58:00+02:00;Miércoles;Miércoles;ZBS Huerta del Rey;Urbano;H.U. Río Hortega;Valladolid Oeste;Valladolid;57;Mujer
2025-05-21T17:23:00+02:00;2025-05-26T18:31:00+02:00;Miércoles;Lunes;ZBS Íscar;Rural;H.C.U. Valladolid;Valladolid Este;Valladolid;82;Hombre
2025-05-21T16:24:00+02:00;2025-06-03T19:33:00+02:00;Miércoles;Martes;ZBS Eras del Bosque;Urbano;H.C.U. Valladolid;Valladolid Este;Valladolid;65;Mujer
2025-05-21T16:10:00+02:00;2025-05-27T18:56:00+02:00;Miércoles;Martes;ZBS San José;Urbano;C.A.U. Salamanca;Salamanca;Salamanca;84;Mujer
2025-05-21T14:10:00+02:00;2025-05-28T20:48:00+02:00;Miércoles;Miércoles;ZBS De la Puebla;Urbano;H.C.U. Valladolid;Valladolid Este;Valladolid;78;Hombre
2025-05-21T12:55:00+02:00;2025-05-23T18:42:00+02:00;Miércoles;Viernes;ZBS Delicias I;Urbano;H.U. Río Hortega;Valladolid Oeste;Valladolid;46;Hombre
2025-05-21T11:20:00+02:00;2025-05-27T20:41:00+02:00;Miércoles;Martes;ZBS San Andrés del Rabanedo;Rural;C.A.U. León;León;León;79;Hombre
2025-05-21T09:39:00+02:00;2025-05-27T16:42:00+02:00;Miércoles;Martes;ZBS Navarredonda de Gredos;Rural;C.A. Ávila;Ávila;Ávila;81;Hombre
2025-05-21T05:45:00+02:00;2025-05-27T13:51:00+02:00;Miércoles;Martes;ZBS Delicias I;Urbano;H.C.U. Valladolid;Valladolid Este;Valladolid;49;Mujer
2025-05-21T03:26:00+02:00;2025-05-23T12:22:00+02:00;Miércoles;Viernes;ZBS Toro;Urbano;C.A. Zamora;Zamora;Zamora;81;Mujer
2025-05-21T03:01:00+02:00;2025-05-29T19:25:00+02:00;Miércoles;Jueves;Zona Desconocida;Otra;C.A. Segovia;Segovia;Segovia;88;Hombre
2025-05-21T02:19:00+02:00;2025-05-24T07:11:00+02:00;Miércoles;Sábado;ZBS Villada;Rural;C.A.U. Palencia;Palencia;Palencia;87;Hombre
2025-05-21T01:52:00+02:00;2025-06-02T15:30:00+02:00;Martes;Lunes;ZBS Medina de Rioseco;Rural;H.U. Río Hortega;Valladolid Oeste;Valladolid;73;Mujer
2025-05-21T00:49:00+02:00;2025-05-24T03:37:00+02:00;Martes;Sábado;ZBS Jardinillos;Urbano;C.A.U. Palencia;Palencia;Palencia;85;Mujer
2025-05-20T22:53:00+02:00;2025-06-02T16:21:00+02:00;Martes;Lunes;ZBS Ponferrada IV;Urbano;H. El Bierzo;Bierzo;León;90;Mujer
2025-05-20T22:49:00+02:00;2025-06-23T22:09:00+02:00;Martes;Lunes;ZBS Matilla Caños;Rural;C.A.U. Salamanca;Salamanca;Salamanca;67;Hombre
2025-05-20T22:03:00+02:00;2025-05-28T19:19:00+02:00;Martes;Miércoles;ZBS José Aguado I;Urbano;C.A.U. León;León;León;81;Mujer
2025-05-20T21:06:00+02:00;2025-06-05T13:51:00+02:00;Martes;Jueves;ZBS Jardinillos;Urbano;C.A.U. Palencia;Palencia;Palencia;82;Hombre
2025-05-20T21:05:00+02:00;2025-06-04T18:45:00+02:00;Martes;Miércoles;ZBS Ribera del Órbigo;Rural;C.A.U. León;León;León;66;Hombre
2025-05-20T19:06:00+02:00;2025-05-28T20:00:00+02:00;Martes;Miércoles;ZBS Santa Marta de Tormes;Rural;C.A.U. Salamanca;Salamanca;Salamanca;84;Mujer
2025-05-20T18:54:00+02:00;2025-05-21T16:00:00+02:00;Martes;Miércoles;ZBS Villafranca del Bierzo;Rural;H. El Bierzo;Bierzo;León;71;Mujer
2025-05-20T18:14:00+02:00;2025-05-30T19:26:00+02:00;Martes;Viernes;ZBS Elena Ginel Díez;Urbano;C.A.U. Salamanca;Salamanca;Salamanca;39;Hombre
2025-05-20T15:57:00+02:00;2025-05-22T19:34:00+02:00;Martes;Jueves;ZBS Las Navas del Marqués;Urbano;C.A.U. Salamanca;Salamanca;Salamanca;71;Hombre
2025-05-20T15:34:00+02:00;2025-05-29T23:53:00+02:00;Martes;Jueves;ZBS El Espinar;Rural;H.U. Río Hortega;Valladolid Oeste;Valladolid;73;Hombre
2025-05-20T15:00:00+02:00;2025-05-31T16:30:00+02:00;Martes;Sábado;ZBS Venta de Baños;Rural;C.A.U. Palencia;Palencia;Palencia;96;Mujer
2025-05-20T14:39:00+02:00;2025-05-26T18:25:00+02:00;Martes;Lunes;ZBS Rondilla II;Urbano;H.C.U. Valladolid;Valladolid Este;Valladolid;69;Mujer
2025-05-20T14:25:00+02:00;2025-05-23T18:16:00+02:00;Martes;Viernes;Zona Desconocida;Otra;H.C.U. Valladolid;Valladolid Este;Valladolid;52;Hombre
2025-05-20T09:25:00+02:00;2025-05-26T19:28:00+02:00;Martes;Lunes;ZBS Segovia I;Urbano;C.A. Segovia;Segovia;Segovia;38;Hombre
2025-05-20T05:47:00+02:00;2025-06-03T23:26:00+02:00;Martes;Martes;ZBS Cuéllar;Urbano;H.C.U. Valladolid;Valladolid Este;Valladolid;79;Hombre
2025-05-20T05:22:00+02:00;2025-05-26T17:51:00+02:00;Martes;Lunes;ZBS Valencia de D. Juan;Rural;C.A.U. León;León;León;85;Hombre
2025-05-20T03:22:00+02:00;2025-05-20T18:19:00+02:00;Martes;Martes;ZBS Condesa;Urbano;C.A.U. León;León;León;86;Mujer
2025-05-20T02:20:00+02:00;2025-05-23T15:52:00+02:00;Martes;Viernes;ZBS Navarredonda de Gredos;Rural;C.A. Ávila;Ávila;Ávila;78;Hombre
2025-05-20T01:56:00+02:00;2025-05-23T21:07:00+02:00;Lunes;Viernes;ZBS Sotillo de Adrada;Rural;C.A. Ávila;Ávila;Ávila;82;Mujer
2025-05-20T01:31:00+02:00;2025-05-22T19:08:00+02:00;Lunes;Jueves;ZBS Peñaranda;Rural;C.A.U. Salamanca;Salamanca;Salamanca;66;Hombre
2025-05-20T00:52:00+02:00;2025-05-21T20:56:00+02:00;Lunes;Miércoles;ZBS San Antonio;Urbano;C.A.U. León;León;León;92;Hombre
2025-05-19T23:38:00+02:00;2025-05-23T18:00:00+02:00;Lunes;Viernes;ZBS Sotillo de Adrada;Rural;C.A. Ávila;Ávila;Ávila;83;Mujer
2025-05-19T23:22:00+02:00;2025-05-29T20:45:00+02:00;Lunes;Jueves;ZBS Periurbana Sur;Rural;C.A.U. Salamanca;Salamanca;Salamanca;78;Mujer
2025-05-19T23:06:00+02:00;2025-05-20T16:40:00+02:00;Lunes;Martes;ZBS Toreno;Rural;H. El Bierzo;Bierzo;León;91;Hombre
2025-05-19T22:14:00+02:00;2025-05-26T22:41:00+02:00;Lunes;Lunes;ZBS Valle de Valdebezana;Rural;C.A.U. Burgos;Burgos;Burgos;70;Hombre
2025-05-19T22:11:00+02:00;2025-05-22T16:25:00+02:00;Lunes;Jueves;ZBS Ávila Rural;Rural;C.A. Ávila;Ávila;Ávila;87;Hombre
2025-05-19T21:44:00+02:00;2025-05-26T16:14:00+02:00;Lunes;Lunes;ZBS Circunvalación;Urbano;H.C.U. Valladolid;Valladolid Este;Valladolid;57;Hombre
2025-05-19T21:12:00+02:00;2025-05-22T16:26:00+02:00;Lunes;Jueves;ZBS Íscar;Rural;H.C.U. Valladolid;Valladolid Este;Valladolid;47;Hombre
2025-05-19T20:46:00+02:00;2025-05-22T05:40:00+02:00;Lunes;Jueves;ZBS Ciudad Rodrigo;Urbano;C.A.U. Salamanca;Salamanca;Salamanca;94;Mujer
2025-05-19T20:33:00+02:00;2025-05-20T02:15:00+02:00;Lunes;Martes;ZBS Aranda Rural;Rural;H. Santos Reyes;Burgos;Burgos;94;Mujer
2025-05-19T20:15:00+02:00;2025-05-26T18:15:00+02:00;Lunes;Lunes;ZBS Garrido Sur;Urbano;C.A.U. Salamanca;Salamanca;Salamanca;57;Mujer
2025-05-19T20:04:00+02:00;2025-05-23T18:16:00+02:00;Lunes;Viernes;ZBS Huerta del Rey;Urbano;H.C.U. Valladolid;Valladolid Este;Valladolid;93;Hombre
2025-05-19T19:57:00+02:00;2025-05-26T17:00:00+02:00;Lunes;Lunes;ZBS Villablino;Rural;H. El Bierzo;Bierzo;León;64;Mujer
2025-05-19T19:48:00+02:00;2025-05-20T15:25:00+02:00;Lunes;Martes;ZBS Miranda Este;Urbano;H. Santiago Apóstol;Burgos;Burgos;87;Mujer
2025-05-19T18:28:00+02:00;2025-05-26T19:09:00+02:00;Lunes;Lunes;ZBS Cervera de Pisuerga;Rural;C.A.U. Palencia;Palencia;Palencia;88;Hombre
2025-05-19T15:44:00+02:00;2025-05-21T19:09:00+02:00;Lunes;Miércoles;ZBS Venta de Baños;Rural;H.C.U. Valladolid;Valladolid Este;Valladolid;60;Hombre
2025-05-19T02:58:00+02:00;2025-05-22T18:09:00+02:00;Lunes;Jueves;ZBS San Juan;Urbano;C.A.U. Salamanca;Salamanca;Salamanca;81;Hombre
2025-05-19T02:35:00+02:00;2025-05-27T22:35:00+02:00;Lunes;Martes;ZBS La Victoria;Urbano;H.C.U. Valladolid;Valladolid Este;Valladolid;82;Hombre
2025-05-19T01:06:00+02:00;2025-05-21T16:35:00+02:00;Domingo;Miércoles;ZBS Pintor Oliva;Urbano;C.A.U. Palencia;Palencia;Palencia;94;Mujer
2025-05-18T23:05:00+02:00;2025-06-04T19:30:00+02:00;Domingo;Miércoles;ZBS San Andrés del Rabanedo;Rural;C.A.U. León;León;León;77;Mujer
2025-05-18T22:53:00+02:00;2025-05-27T16:46:00+02:00;Domingo;Martes;ZBS Cacabelos;Rural;H. El Bierzo;Bierzo;León;62;Hombre
2025-05-18T22:20:00+02:00;2025-05-19T21:46:00+02:00;Domingo;Lunes;ZBS Ávila Rural;Rural;C.A.U. Salamanca;Salamanca;Salamanca;87;Hombre
2025-05-18T21:25:00+02:00;2025-05-27T17:16:00+02:00;Domingo;Martes;ZBS Rondilla II;Urbano;H.C.U. Valladolid;Valladolid Este;Valladolid;62;Mujer
2025-05-18T21:00:00+02:00;2025-05-30T20:38:00+02:00;Domingo;Viernes;ZBS Mota del Marqués;Rural;H.U. Río Hortega;Valladolid Oeste;Valladolid;80;Mujer
2025-05-18T19:40:00+02:00;2025-05-25T11:45:00+02:00;Domingo;Domingo;ZBS Cigales;Rural;H.C.U. Valladolid;Valladolid Este;Valladolid;86;Hombre
2025-05-18T18:47:00+02:00;2025-05-22T17:51:00+02:00;Domingo;Jueves;ZBS García Lorca;Urbano;C.A.U. Burgos;Burgos;Burgos;79;Mujer
2025-05-18T17:55:00+02:00;2025-05-21T20:26:00+02:00;Domingo;Miércoles;ZBS Arévalo;Urbano;C.A.U. Salamanca;Salamanca;Salamanca;63;Mujer
2025-05-18T16:51:00+02:00;2025-05-26T20:10:00+02:00;Domingo;Lunes;ZBS Salas de los Infantes;Rural;C.A.U. Burgos;Burgos;Burgos;86;Mujer
2025-05-18T16:27:00+02:00;2025-05-27T19:01:00+02:00;Domingo;Martes;ZBS Béjar;Urbano;C.A.U. Salamanca;Salamanca;Salamanca;80;Hombre
2025-05-18T16:13:00+02:00;2025-05-24T20:10:00+02:00;Domingo;Sábado;ZBS Zamora Norte;Rural;C.A. Zamora;Zamora;Zamora;90;Mujer
2025-05-18T16:02:00+02:00;2025-05-20T18:11:00+02:00;Domingo;Martes;ZBS Los Cubos;Urbano;C.A.U. Burgos;Burgos;Burgos;89;Mujer
2025-05-18T14:58:00+02:00;2025-07-18T21:07:00+02:00;Domingo;Viernes;ZBS Miranda Este;Urbano;C.A.U. Burgos;Burgos;Burgos;82;Mujer
2025-05-18T05:15:00+02:00;2025-05-23T17:15:00+02:00;Domingo;Viernes;ZBS José Aguado II;Urbano;C.A.U. León;León;León;84;Mujer
2025-05-18T03:50:00+02:00;2025-05-19T22:57:00+02:00;Domingo;Lunes;ZBS Sotillo de Adrada;Rural;C.A.U. Salamanca;Salamanca;Salamanca;83;Mujer
2025-05-18T02:49:00+02:00;2025-06-04T17:43:00+02:00;Domingo;Miércoles;ZBS Eras de Renueva;Urbano;C.A.U. León;León;León;58;Mujer
2025-05-18T02:44:00+02:00;2025-05-23T18:26:00+02:00;Domingo;Viernes;ZBS Medina del Campo Urbano;Urbano;H.C.U. Valladolid;Valladolid Este;Valladolid;50;Mujer
2025-05-18T02:35:00+02:00;2025-05-25T10:09:00+02:00;Domingo;Domingo;ZBS Quintanar de la Sierra;Rural;C.A.U. Burgos;Burgos;Burgos;84;Mujer
2025-05-18T01:53:00+02:00;2025-06-01T12:49:00+02:00;Sábado;Domingo;ZBS Circunvalación;Urbano;H.C.U. Valladolid;Valladolid Este;Valladolid;74;Hombre
2025-05-18T01:30:00+02:00;2025-05-27T18:47:00+02:00;Sábado;Martes;ZBS Cigales;Rural;H.C.U. Valladolid;Valladolid Este;Valladolid;83;Hombre
2025-05-17T21:57:00+02:00;2025-05-30T19:55:00+02:00;Sábado;Viernes;ZBS Plaza del Ejército;Urbano;H.U. Río Hortega;Valladolid Oeste;Valladolid;84;Hombre
2025-05-17T20:29:00+02:00;2025-05-19T23:09:00+02:00;Sábado;Lunes;ZBS Miguel Armijo;Urbano;C.A.U. Salamanca;Salamanca;Salamanca;83;Mujer
2025-05-17T20:10:00+02:00;2025-06-06T17:57:00+02:00;Sábado;Viernes;ZBS Santa Clara;Urbano;C.A.U. Burgos;Burgos;Burgos;89;Hombre
2025-05-17T18:09:00+02:00;2025-05-20T16:37:00+02:00;Sábado;Martes;ZBS Cistierna;Rural;C.A.U. León;León;León;70;Hombre
2025-05-17T17:56:00+02:00;2025-05-28T00:33:00+02:00;Sábado;Martes;ZBS Carbonero El Mayor;Rural;C.A. Segovia;Segovia;Segovia;87;Hombre
2025-05-17T17:51:00+02:00;2025-05-20T17:26:00+02:00;Sábado;Martes;ZBS José Aguado I;Urbano;C.A.U. León;León;León;92;Mujer
2025-05-17T17:48:00+02:00;2025-05-28T19:25:00+02:00;Sábado;Miércoles;ZBS Cistierna;Rural;C.A.U. León;León;León;72;Hombre
2025-05-17T16:31:00+02:00;2025-05-20T17:29:00+02:00;Sábado;Martes;ZBS Villafranca del Bierzo;Rural;C.A.U. León;León;León;71;Mujer
2025-05-17T16:14:00+02:00;2025-05-20T18:04:00+02:00;Sábado;Martes;ZBS Capuchinos;Urbano;C.A.U. Salamanca;Salamanca;Salamanca;79;Mujer
2025-05-17T11:33:00+02:00;2025-05-20T16:31:00+02:00;Sábado;Martes;ZBS San Leonardo de Yagüe;Rural;C.A. Soria;Soria;Soria;70;Hombre
2025-05-17T04:42:00+02:00;2025-05-23T19:14:00+02:00;Sábado;Viernes;ZBS De la Puebla;Urbano;C.A.U. Palencia;Palencia;Palencia;74;Hombre
2025-05-17T03:24:00+02:00;2025-06-04T14:12:00+02:00;Sábado;Miércoles;ZBS De la Puebla;Urbano;C.A.U. Palencia;Palencia;Palencia;89;Hombre
2025-05-17T00:48:00+02:00;2025-05-21T12:23:00+02:00;Viernes;Miércoles;ZBS Tábara;Rural;C.A. Zamora;Zamora;Zamora;90;Mujer
2025-05-17T00:09:00+02:00;2025-06-05T16:06:00+02:00;Viernes;Jueves;ZBS Pilarica;Urbano;H.C.U. Valladolid;Valladolid Este;Valladolid;81;Hombre
2025-05-17T00:03:00+02:00;2025-05-30T14:52:00+02:00;Viernes;Viernes;ZBS Candeleda;Rural;H.C.U. Valladolid;Valladolid Este;Valladolid;62;Hombre
2025-05-16T22:58:00+02:00;2025-05-21T21:05:00+02:00;Viernes;Miércoles;ZBS Ávila Sur Este;Urbano;C.A.U. Salamanca;Salamanca;Salamanca;85;Mujer
2025-05-16T21:10:00+02:00;2025-05-21T19:53:00+02:00;Viernes;Miércoles;ZBS Villamuriel de Cerrato;Urbano;C.A.U. Palencia;Palencia;Palencia;81;Hombre
2025-05-16T20:44:00+02:00;2025-05-21T16:43:00+02:00;Viernes;Miércoles;ZBS Ávila Sur Oeste;Urbano;C.A. Ávila;Ávila;Ávila;69;Hombre
2025-05-16T20:38:00+02:00;2025-05-19T18:01:00+02:00;Viernes;Lunes;ZBS Benavente Norte;Urbano;C.A.U. León;León;León;90;Hombre
2025-05-16T20:25:00+02:00;2025-05-23T14:09:00+02:00;Viernes;Viernes;ZBS Gamazo;Urbano;H.C.U. Valladolid;Valladolid Este;Valladolid;90;Hombre
2025-05-16T19:49:00+02:00;2025-05-30T17:20:00+02:00;Viernes;Viernes;ZBS Segovia Rural;Rural;C.A. Segovia;Segovia;Segovia;75;Hombre
2025-05-16T19:33:00+02:00;2025-05-22T17:56:00+02:00;Viernes;Jueves;ZBS Gamonal las Torres;Urbano;C.A.U. Burgos;Burgos;Burgos;71;Hombre
2025-05-16T19:11:00+02:00;2025-05-20T20:20:00+02:00;Viernes;Martes;ZBS Jardinillos;Urbano;H.C.U. Valladolid;Valladolid Este;Valladolid;82;Hombre
2025-05-16T18:57:00+02:00;2025-05-22T17:49:00+02:00;Viernes;Jueves;ZBS Aranda Sur;Urbano;C.A.U. Burgos;Burgos;Burgos;78;Hombre
2025-05-16T18:14:00+02:00;2025-05-22T18:55:00+02:00;Viernes;Jueves;ZBS Los Comuneros;Urbano;C.A.U. Burgos;Burgos;Burgos;60;Hombre
2025-05-16T15:39:00+02:00;2025-05-28T22:58:00+02:00;Viernes;Miércoles;ZBS Ávila Estación;Urbano;C.A. Ávila;Ávila;Ávila;88;Mujer
2025-05-16T03:21:00+02:00;2025-05-26T19:04:00+02:00;Viernes;Lunes;ZBS Eras de Renueva;Urbano;C.A.U. León;León;León;88;Mujer
2025-05-16T01:42:00+02:00;2025-05-16T19:30:00+02:00;Jueves;Viernes;ZBS Gamazo;Urbano;H.U. Río Hortega;Valladolid Oeste;Valladolid;71;Mujer
2025-05-15T23:43:00+02:00;2025-05-19T20:40:00+02:00;Jueves;Lunes;ZBS Villablino;Rural;C.A.U. León;León;León;64;Mujer
2025-05-15T22:36:00+02:00;2025-05-20T17:10:00+02:00;Jueves;Martes;ZBS Cacabelos;Rural;C.A.U. León;León;León;78;Hombre
2025-05-15T21:48:00+02:00;2025-06-04T21:05:00+02:00;Jueves;Miércoles;ZBS Cristobal Acosta;Urbano;C.A.U. Burgos;Burgos;Burgos;81;Mujer
2025-05-15T20:52:00+02:00;2025-05-16T17:26:00+02:00;Jueves;Viernes;ZBS Cristobal Acosta;Urbano;C.A.U. Burgos;Burgos;Burgos;83;Hombre
2025-05-15T20:24:00+02:00;2025-05-20T16:38:00+02:00;Jueves;Martes;ZBS Fabero;Rural;H. El Bierzo;Bierzo;León;84;Hombre
2025-05-15T19:14:00+02:00;2025-05-16T18:02:00+02:00;Jueves;Viernes;ZBS Gamonal las Torres;Urbano;H.C.U. Valladolid;Valladolid Este;Valladolid;71;Hombre
2025-05-15T16:18:00+02:00;2025-05-23T16:27:00+02:00;Jueves;Viernes;ZBS Soria Norte;Urbano;C.A. Soria;Soria;Soria;73;Mujer
2025-05-15T14:07:00+02:00;2025-05-19T19:59:00+02:00;Jueves;Lunes;ZBS Trobajo del Camino;Rural;C.A.U. León;León;León;61;Hombre
2025-05-15T10:33:00+02:00;2025-05-20T18:10:00+02:00;Jueves;Martes;ZBS Burgos Rural Sur;Rural;C.A.U. Burgos;Burgos;Burgos;90;Hombre
2025-05-15T07:14:00+02:00;2025-05-21T23:12:00+02:00;Jueves;Miércoles;ZBS Gamazo;Urbano;H.C.U. Valladolid;Valladolid Este;Valladolid;90;Hombre
2025-05-15T01:10:00+02:00;2025-05-19T18:01:00+02:00;Miércoles;Lunes;ZBS Garrido Sur;Urbano;C.A.U. Salamanca;Salamanca;Salamanca;90;Hombre
2025-05-15T00:41:00+02:00;2025-05-22T17:30:00+02:00;Miércoles;Jueves;ZBS Segovia III;Urbano;C.A. Segovia;Segovia;Segovia;70;Mujer
2025-05-15T00:06:00+02:00;2025-05-17T20:10:00+02:00;Miércoles;Sábado;ZBS Crucero;Urbano;C.A.U. León;León;León;77;Hombre
2025-05-14T21:17:00+02:00;2025-05-19T18:02:00+02:00;Miércoles;Lunes;ZBS Villoria;Rural;C.A.U. Salamanca;Salamanca;Salamanca;69;Hombre
2025-05-14T20:39:00+02:00;2025-05-16T17:38:00+02:00;Miércoles;Viernes;ZBS Segovia II;Urbano;C.A. Segovia;Segovia;Segovia;68;Hombre
2025-05-14T18:40:00+02:00;2025-05-20T17:37:00+02:00;Miércoles;Martes;ZBS Soria Sur;Urbano;C.A. Soria;Soria;Soria;94;Mujer
2025-05-14T17:16:00+02:00;2025-05-16T20:34:00+02:00;Miércoles;Viernes;ZBS Ávila Sur Oeste;Urbano;C.A.U. Salamanca;Salamanca;Salamanca;69;Hombre
2025-05-14T16:40:00+02:00;2025-05-22T20:05:00+02:00;Miércoles;Jueves;ZBS Aranda Sur;Urbano;C.A.U. Burgos;Burgos;Burgos;70;Hombre
2025-05-14T04:17:00+02:00;2025-05-19T20:00:00+02:00;Miércoles;Lunes;ZBS Plaza del Ejército;Urbano;H.U. Río Hortega;Valladolid Oeste;Valladolid;77;Hombre
2025-05-14T02:27:00+02:00;2025-05-19T15:33:00+02:00;Miércoles;Lunes;ZBS De la Puebla;Urbano;H.C.U. Valladolid;Valladolid Este;Valladolid;57;Mujer
2025-05-14T01:35:00+02:00;2025-05-23T18:04:00+02:00;Martes;Viernes;ZBS Segovia I;Urbano;H.U. Río Hortega;Valladolid Oeste;Valladolid;64;Hombre
2025-05-14T01:19:00+02:00;2025-05-19T17:13:00+02:00;Martes;Lunes;ZBS Villafranca del Bierzo;Rural;H. El Bierzo;Bierzo;León;84;Mujer
2025-05-13T22:35:00+02:00;2025-05-26T18:54:00+02:00;Martes;Lunes;ZBS Rondilla II;Urbano;H.C.U. Valladolid;Valladolid Este;Valladolid;77;Hombre
2025-05-13T21:28:00+02:00;2025-05-21T19:42:00+02:00;Martes;Miércoles;ZBS Eras de Renueva;Urbano;C.A.U. León;León;León;77;Hombre
2025-05-13T21:23:00+02:00;2025-05-20T19:06:00+02:00;Martes;Martes;ZBS Medina del Campo Rural;Rural;H.C.U. Valladolid;Valladolid Este;Valladolid;82;Mujer
2025-05-13T20:15:00+02:00;2025-05-17T00:36:00+02:00;Martes;Viernes;ZBS Bañeza II;Rural;C.A.U. León;León;León;86;Mujer
2025-05-13T19:47:00+02:00;2025-05-27T17:19:00+02:00;Martes;Martes;ZBS Arturo Eyries;Urbano;H.U. Río Hortega;Valladolid Oeste;Valladolid;61;Hombre
2025-05-13T19:38:00+02:00;2025-06-02T18:49:00+02:00;Martes;Lunes;ZBS Eras del Bosque;Urbano;C.A.U. Palencia;Palencia;Palencia;96;Mujer
2025-05-13T19:30:00+02:00;2025-05-18T06:44:00+02:00;Martes;Domingo;ZBS Alcañices;Rural;C.A. Zamora;Zamora;Zamora;94;Hombre
2025-05-13T18:27:00+02:00;2025-05-22T19:07:00+02:00;Martes;Jueves;ZBS Toro;Urbano;C.A.U. Salamanca;Salamanca;Salamanca;76;Hombre
2025-05-13T15:49:00+02:00;2025-05-16T20:49:00+02:00;Martes;Viernes;ZBS La Palomera;Urbano;C.A.U. León;León;León;56;Hombre
2025-05-13T15:45:00+02:00;2025-05-17T11:20:00+02:00;Martes;Sábado;ZBS Villablino;Rural;H. El Bierzo;Bierzo;León;84;Mujer
2025-05-13T15:12:00+02:00;2025-05-15T21:05:00+02:00;Martes;Jueves;ZBS Aranda Sur;Urbano;H. Santos Reyes;Burgos;Burgos;78;Hombre
2025-05-13T15:10:00+02:00;2025-05-16T18:15:00+02:00;Martes;Viernes;ZBS Eras de Renueva;Urbano;C.A.U. León;León;León;85;Hombre
2025-05-13T10:13:00+02:00;2025-05-29T12:10:00+02:00;Martes;Jueves;ZBS Huerta del Rey;Urbano;H.C.U. Valladolid;Valladolid Este;Valladolid;79;Hombre
2025-05-13T03:55:00+02:00;2025-05-16T18:05:00+02:00;Martes;Viernes;ZBS Segovia Rural;Rural;H.U. Río Hortega;Valladolid Oeste;Valladolid;75;Hombre
2025-05-13T00:26:00+02:00;2025-05-27T01:08:00+02:00;Lunes;Lunes;ZBS Segovia II;Urbano;C.A. Segovia;Segovia;Segovia;94;Mujer
2025-05-12T23:55:00+02:00;2025-05-14T21:30:00+02:00;Lunes;Miércoles;ZBS Santa Marta de Tormes;Rural;C.A.U. Salamanca;Salamanca;Salamanca;60;Mujer
2025-05-12T23:10:00+02:00;2025-05-15T18:19:00+02:00;Lunes;Jueves;ZBS Santa Clara;Urbano;C.A.U. Burgos;Burgos;Burgos;72;Mujer
2025-05-12T23:06:00+02:00;2025-05-19T21:10:00+02:00;Lunes;Lunes;ZBS Carbonero El Mayor;Rural;C.A. Segovia;Segovia;Segovia;86;Mujer
2025-05-12T22:15:00+02:00;2025-05-14T18:16:00+02:00;Lunes;Miércoles;ZBS Jardinillos;Urbano;C.A.U. Palencia;Palencia;Palencia;71;Mujer
2025-05-12T20:33:00+02:00;2025-05-13T21:14:00+02:00;Lunes;Martes;ZBS Toro;Urbano;C.A. Zamora;Zamora;Zamora;76;Hombre
2025-05-12T19:30:00+02:00;2025-05-16T14:24:00+02:00;Lunes;Viernes;ZBS Zamora Norte;Rural;C.A. Zamora;Zamora;Zamora;79;Hombre
2025-05-12T19:17:00+02:00;2025-05-13T18:45:00+02:00;Lunes;Martes;ZBS Alcañices;Rural;C.A.U. Salamanca;Salamanca;Salamanca;94;Hombre
2025-05-12T19:03:00+02:00;2025-05-13T17:54:00+02:00;Lunes;Martes;ZBS Garrido Sur;Urbano;C.A.U. Salamanca;Salamanca;Salamanca;69;Mujer
2025-05-12T17:58:00+02:00;2025-06-01T09:00:00+02:00;Lunes;Domingo;ZBS Ávila Rural;Rural;C.A. Ávila;Ávila;Ávila;94;Mujer
2025-05-12T17:33:00+02:00;2025-05-17T20:09:00+02:00;Lunes;Sábado;ZBS Condesa;Urbano;C.A.U. León;León;León;84;Mujer
2025-05-12T16:53:00+02:00;2025-06-11T15:56:00+02:00;Lunes;Miércoles;ZBS Carbonero El Mayor;Rural;C.A. Segovia;Segovia;Segovia;59;Hombre
2025-05-12T16:25:00+02:00;2025-05-14T17:36:00+02:00;Lunes;Miércoles;ZBS Pizarrales-Vidal;Urbano;C.A.U. Salamanca;Salamanca;Salamanca;76;Hombre
2025-05-12T16:24:00+02:00;2025-05-13T22:00:00+02:00;Lunes;Martes;ZBS Belorado;Rural;C.A.U. Burgos;Burgos;Burgos;50;Hombre
2025-05-12T02:52:00+02:00;2025-05-19T16:11:00+02:00;Lunes;Lunes;ZBS Ponferrada IV;Urbano;H. El Bierzo;Bierzo;León;90;Mujer
2025-05-11T21:53:00+02:00;2025-05-27T21:00:00+02:00;Domingo;Martes;ZBS Ólvega;Rural;C.A. Soria;Soria;Soria;75;Mujer
2025-05-11T21:20:00+02:00;2025-05-15T17:06:00+02:00;Domingo;Jueves;ZBS Condesa;Urbano;C.A.U. León;León;León;74;Hombre
2025-05-11T21:20:00+02:00;2025-05-14T14:07:00+02:00;Domingo;Miércoles;ZBS Camarzana de Tera;Rural;C.A. Zamora;Zamora;Zamora;89;Hombre
2025-05-11T20:35:00+02:00;2025-05-19T19:47:00+02:00;Domingo;Lunes;ZBS San Pedro Manrique;Rural;C.A.U. Burgos;Burgos;Burgos;84;Hombre
2025-05-11T20:08:00+02:00;2025-05-16T20:19:00+02:00;Domingo;Viernes;ZBS Villamuriel de Cerrato;Urbano;H.C.U. Valladolid;Valladolid Este;Valladolid;81;Hombre
2025-05-11T19:24:00+02:00;2025-06-11T18:06:00+02:00;Domingo;Miércoles;ZBS Gamonal Antigua;Urbano;C.A.U. Burgos;Burgos;Burgos;65;Hombre
2025-05-11T17:52:00+02:00;2025-06-03T16:30:00+02:00;Domingo;Martes;ZBS La Palomera;Urbano;C.A.U. León;León;León;79;Mujer
2025-05-11T17:50:00+02:00;2025-05-14T17:34:00+02:00;Domingo;Miércoles;ZBS Santa Marta de Tormes;Rural;C.A.U. Salamanca;Salamanca;Salamanca;72;Hombre
2025-05-11T17:14:00+02:00;2025-05-18T00:33:00+02:00;Domingo;Sábado;ZBS Cuéllar;Urbano;C.A. Segovia;Segovia;Segovia;96;Mujer
2025-05-11T16:31:00+02:00;2025-05-15T19:02:00+02:00;Domingo;Jueves;ZBS Medina del Campo Rural;Rural;H.C.U. Valladolid;Valladolid Este;Valladolid;87;Mujer
2025-05-11T15:44:00+02:00;2025-05-21T20:34:00+02:00;Domingo;Miércoles;ZBS Segovia Rural;Rural;C.A. Segovia;Segovia;Segovia;72;Mujer
2025-05-11T15:29:00+02:00;2025-05-15T19:29:00+02:00;Domingo;Jueves;ZBS Pilarica;Urbano;H.C.U. Valladolid;Valladolid Este;Valladolid;77;Mujer
2025-05-11T15:25:00+02:00;2025-05-20T18:59:00+02:00;Domingo;Martes;ZBS Parquesol;Urbano;H.U. Río Hortega;Valladolid Oeste;Valladolid;66;Mujer
2025-05-11T14:59:00+02:00;2025-05-16T09:20:00+02:00;Domingo;Viernes;ZBS San Agustín;Urbano;C.A.U. Burgos;Burgos;Burgos;82;Hombre
2025-05-11T12:48:00+02:00;2025-05-15T17:36:00+02:00;Domingo;Jueves;ZBS Segovia Rural;Rural;C.A. Segovia;Segovia;Segovia;87;Mujer
2025-05-11T12:16:00+02:00;2025-05-20T19:00:00+02:00;Domingo;Martes;ZBS Santa Marta de Tormes;Rural;C.A.U. Salamanca;Salamanca;Salamanca;81;Hombre
2025-05-11T11:26:00+02:00;2025-06-20T12:53:00+02:00;Domingo;Viernes;ZBS Portillo;Rural;H.C.U. Valladolid;Valladolid Este;Valladolid;81;Hombre
2025-05-11T03:42:00+02:00;2025-05-12T15:55:00+02:00;Domingo;Lunes;ZBS Cebreros;Rural;C.A. Ávila;Ávila;Ávila;85;Mujer
2025-05-11T02:31:00+02:00;2025-05-12T20:22:00+02:00;Domingo;Lunes;ZBS Miguel Armijo;Urbano;C.A.U. Salamanca;Salamanca;Salamanca;87;Mujer
2025-05-11T02:29:00+02:00;2025-05-16T18:39:00+02:00;Domingo;Viernes;ZBS Soria Sur;Urbano;C.A. Soria;Soria;Soria;80;Hombre
2025-05-11T02:05:00+02:00;2025-05-16T15:28:00+02:00;Domingo;Viernes;ZBS San Pablo;Urbano;H.C.U. Valladolid;Valladolid Este;Valladolid;75;Mujer
2025-05-10T22:05:00+02:00;2025-05-13T16:24:00+02:00;Sábado;Martes;ZBS Cacabelos;Rural;H. El Bierzo;Bierzo;León;63;Mujer
2025-05-10T21:11:00+02:00;2025-05-22T19:06:00+02:00;Sábado;Jueves;ZBS Periurbana Sur;Rural;C.A.U. Salamanca;Salamanca;Salamanca;60;Hombre
2025-05-10T19:39:00+02:00;2025-05-12T22:42:00+02:00;Sábado;Lunes;ZBS Parque Alameda-Covaresa;Urbano;H.U. Río Hortega;Valladolid Oeste;Valladolid;63;Hombre
2025-05-10T19:27:00+02:00;2025-05-12T19:10:00+02:00;Sábado;Lunes;ZBS Zamora Norte;Rural;C.A.U. Salamanca;Salamanca;Salamanca;79;Hombre
2025-05-10T17:55:00+02:00;2025-05-12T20:24:00+02:00;Sábado;Lunes;ZBS Toro;Urbano;C.A.U. Salamanca;Salamanca;Salamanca;76;Hombre
2025-05-10T15:48:00+02:00;2025-05-11T10:45:00+02:00;Sábado;Domingo;ZBS Canterac;Urbano;H.C.U. Valladolid;Valladolid Este;Valladolid;85;Mujer
2025-05-10T13:36:00+02:00;2025-05-12T13:15:00+02:00;Sábado;Lunes;ZBS Villablino;Rural;H. El Bierzo;Bierzo;León;75;Hombre
2025-05-10T11:54:00+02:00;2025-05-13T18:24:00+02:00;Sábado;Martes;ZBS Cantalejo;Rural;C.A. Segovia;Segovia;Segovia;82;Mujer
2025-05-10T05:28:00+02:00;2025-05-21T19:53:00+02:00;Sábado;Miércoles;ZBS Guardo;Rural;C.A.U. Palencia;Palencia;Palencia;75;Hombre
2025-05-10T02:27:00+02:00;2025-05-28T15:59:00+02:00;Sábado;Miércoles;ZBS Medina del Campo Urbano;Urbano;H. Medina del Campo;Valladolid Este;Valladolid;86;Hombre
2025-05-10T01:55:00+02:00;2025-05-14T20:57:00+02:00;Viernes;Miércoles;ZBS Segovia Rural;Rural;C.A. Segovia;Segovia;Segovia;80;Hombre
2025-05-10T01:46:00+02:00;2025-05-12T19:05:00+02:00;Viernes;Lunes;ZBS Miguel Armijo;Urbano;C.A.U. Salamanca;Salamanca;Salamanca;67;Mujer
2025-05-10T01:26:00+02:00;2025-05-10T20:15:00+02:00;Viernes;Sábado;ZBS San Antonio;Urbano;C.A.U. León;León;León;52;Hombre
2025-05-10T01:03:00+02:00;2025-05-15T16:50:00+02:00;Viernes;Jueves;ZBS Ponferrada III;Urbano;H. El Bierzo;Bierzo;León;69;Hombre
2025-05-10T00:22:00+02:00;2025-05-12T16:04:00+02:00;Viernes;Lunes;ZBS Bembibre;Rural;H. El Bierzo;Bierzo;León;49;Hombre
2025-05-09T23:31:00+02:00;2025-05-10T15:07:00+02:00;Viernes;Sábado;ZBS Toro;Urbano;C.A. Zamora;Zamora;Zamora;76;Hombre
2025-05-09T21:01:00+02:00;2025-05-16T17:22:00+02:00;Viernes;Viernes;ZBS Segovia II;Urbano;C.A. Segovia;Segovia;Segovia;70;Mujer
2025-05-09T20:34:00+02:00;2025-05-16T05:53:00+02:00;Viernes;Viernes;ZBS Mayorga de Campos;Rural;H.U. Río Hortega;Valladolid Oeste;Valladolid;85;Hombre
2025-05-09T19:57:00+02:00;2025-05-21T18:54:00+02:00;Viernes;Miércoles;ZBS Segovia II;Urbano;C.A. Segovia;Segovia;Segovia;62;Mujer
2025-05-09T19:17:00+02:00;2025-05-16T17:35:00+02:00;Viernes;Viernes;ZBS Valladolid Rural II;Rural;H.U. Río Hortega;Valladolid Oeste;Valladolid;80;Hombre
2025-05-09T13:40:00+02:00;2025-05-14T17:35:00+02:00;Viernes;Miércoles;ZBS Armunia;Rural;C.A.U. León;León;León;78;Hombre
2025-05-09T11:42:00+02:00;2025-05-13T15:03:00+02:00;Viernes;Martes;ZBS Bañeza II;Rural;C.A.U. León;León;León;37;Hombre
2025-05-09T08:01:00+02:00;2025-05-09T18:46:00+02:00;Viernes;Viernes;ZBS Valladolid Rural II;Rural;H.C.U. Valladolid;Valladolid Este;Valladolid;80;Hombre
2025-05-09T05:42:00+02:00;2025-05-14T16:18:00+02:00;Viernes;Miércoles;ZBS Piedrahita;Rural;C.A. Ávila;Ávila;Ávila;94;Hombre
2025-05-09T03:01:00+02:00;2025-05-09T17:45:00+02:00;Viernes;Viernes;ZBS Candeleda;Rural;C.A.U. Salamanca;Salamanca;Salamanca;51;Mujer
2025-05-09T02:51:00+02:00;2025-05-12T01:00:00+02:00;Viernes;Domingo;Zona Desconocida;Otra;C.A.U. Salamanca;Salamanca;Salamanca;52;Hombre
2025-05-09T01:49:00+02:00;2025-05-19T23:06:00+02:00;Jueves;Lunes;ZBS Gamonal las Torres;Urbano;C.A.U. Burgos;Burgos;Burgos;65;Hombre
2025-05-08T23:09:00+02:00;2025-05-13T14:21:00+02:00;Jueves;Martes;ZBS Ciudad Rodrigo;Urbano;C.A.U. Salamanca;Salamanca;Salamanca;88;Mujer
2025-05-08T22:09:00+02:00;2025-05-26T12:13:00+02:00;Jueves;Lunes;ZBS Ávila Sur Este;Urbano;C.A. Ávila;Ávila;Ávila;61;Mujer
2025-05-08T21:28:00+02:00;2025-05-10T17:32:00+02:00;Jueves;Sábado;ZBS Ledesma;Rural;C.A.U. Salamanca;Salamanca;Salamanca;92;Hombre
2025-05-08T20:38:00+02:00;2025-05-13T16:24:00+02:00;Jueves;Martes;ZBS Toreno;Rural;H. El Bierzo;Bierzo;León;73;Hombre
2025-05-08T20:22:00+02:00;2025-05-12T16:28:00+02:00;Jueves;Lunes;ZBS Benavente Sur;Urbano;C.A. Zamora;Zamora;Zamora;81;Hombre
2025-05-08T19:36:00+02:00;2025-05-13T13:55:00+02:00;Jueves;Martes;ZBS Zamora Norte;Rural;C.A. Zamora;Zamora;Zamora;84;Hombre
2025-05-08T19:36:00+02:00;2025-05-10T03:51:00+02:00;Jueves;Sábado;ZBS Parada del Molino;Urbano;C.A. Zamora;Zamora;Zamora;70;Mujer
2025-05-08T19:10:00+02:00;2025-06-06T11:44:00+02:00;Jueves;Viernes;ZBS Cigales;Rural;H.C.U. Valladolid;Valladolid Este;Valladolid;88;Hombre
2025-05-08T18:36:00+02:00;2025-05-09T02:20:00+02:00;Jueves;Viernes;ZBS Aldeadávila de la Ribera;Rural;C.A.U. Salamanca;Salamanca;Salamanca;85;Mujer
2025-05-08T18:22:00+02:00;2025-05-11T03:20:00+02:00;Jueves;Domingo;ZBS Laguna de Duero;Rural;H.U. Río Hortega;Valladolid Oeste;Valladolid;93;Mujer
2025-05-08T16:57:00+02:00;2025-05-09T19:07:00+02:00;Jueves;Viernes;ZBS Mayorga de Campos;Rural;C.A.U. León;León;León;85;Hombre
2025-05-08T15:56:00+02:00;2025-05-15T00:21:00+02:00;Jueves;Miércoles;ZBS Casa del Barco;Urbano;H.C.U. Valladolid;Valladolid Este;Valladolid;87;Mujer
2025-05-08T15:37:00+02:00;2025-05-16T17:35:00+02:00;Jueves;Viernes;ZBS Jardinillos;Urbano;H.C.U. Valladolid;Valladolid Este;Valladolid;85;Hombre
2025-05-08T12:21:00+02:00;2025-05-15T19:02:00+02:00;Jueves;Jueves;ZBS La Victoria;Urbano;H.C.U. Valladolid;Valladolid Este;Valladolid;79;Hombre
2025-05-08T11:07:00+02:00;2025-05-12T18:39:00+02:00;Jueves;Lunes;ZBS F.Villalobos;Urbano;C.A.U. Salamanca;Salamanca;Salamanca;88;Mujer
2025-05-08T05:59:00+02:00;2025-05-11T16:20:00+02:00;Jueves;Domingo;ZBS Béjar;Urbano;C.A.U. Salamanca;Salamanca;Salamanca;76;Hombre
2025-05-08T01:38:00+02:00;2025-05-13T18:44:00+02:00;Miércoles;Martes;ZBS Periurbana Norte;Rural;C.A.U. Salamanca;Salamanca;Salamanca;85;Hombre
2025-05-08T01:24:00+02:00;2025-05-12T16:18:00+02:00;Miércoles;Lunes;ZBS Huerta del Rey;Urbano;H.U. Río Hortega;Valladolid Oeste;Valladolid;55;Hombre
2025-05-08T00:15:00+02:00;2025-05-13T00:05:00+02:00;Miércoles;Lunes;ZBS Segovia II;Urbano;H.C.U. Valladolid;Valladolid Este;Valladolid;94;Mujer
2025-05-07T22:02:00+02:00;2025-05-09T16:44:00+02:00;Miércoles;Viernes;ZBS Villarramiel;Rural;C.A.U. Palencia;Palencia;Palencia;88;Hombre
2025-05-07T20:52:00+02:00;2025-05-22T11:25:00+02:00;Miércoles;Jueves;ZBS El Burgo de Osma;Rural;C.A. Soria;Soria;Soria;61;Mujer
2025-05-07T20:15:00+02:00;2025-05-19T19:20:00+02:00;Miércoles;Lunes;ZBS Cistierna;Rural;C.A.U. León;León;León;79;Hombre
2025-05-07T18:58:00+02:00;2025-05-07T21:32:00+02:00;Miércoles;Miércoles;ZBS Segovia II;Urbano;C.A. Segovia;Segovia;Segovia;94;Mujer
2025-05-07T18:51:00+02:00;2025-05-12T22:01:00+02:00;Miércoles;Lunes;ZBS Jardinillos;Urbano;H.C.U. Valladolid;Valladolid Este;Valladolid;71;Mujer
2025-05-07T18:45:00+02:00;2025-05-12T17:41:00+02:00;Miércoles;Lunes;ZBS Parque Alameda-Covaresa;Urbano;H.U. Río Hortega;Valladolid Oeste;Valladolid;64;Mujer
2025-05-07T18:10:00+02:00;2025-05-09T06:14:00+02:00;Miércoles;Viernes;ZBS Tordesillas;Rural;H.U. Río Hortega;Valladolid Oeste;Valladolid;95;Mujer
2025-05-07T15:26:00+02:00;2025-05-14T17:00:00+02:00;Miércoles;Miércoles;ZBS Soria Sur;Urbano;C.A. Soria;Soria;Soria;75;Hombre
2025-05-07T15:21:00+02:00;2025-05-10T19:04:00+02:00;Miércoles;Sábado;ZBS Tamames;Rural;C.A.U. Salamanca;Salamanca;Salamanca;89;Hombre
2025-05-07T14:00:00+02:00;2025-05-27T16:57:00+02:00;Miércoles;Martes;ZBS Magdalena;Urbano;H.C.U. Valladolid;Valladolid Este;Valladolid;81;Mujer
2025-05-07T09:26:00+02:00;2025-05-08T21:49:00+02:00;Miércoles;Jueves;ZBS Ávila Sur Este;Urbano;C.A.U. Salamanca;Salamanca;Salamanca;61;Mujer
2025-05-07T02:23:00+02:00;2025-05-15T19:38:00+02:00;Miércoles;Jueves;ZBS Delicias II;Urbano;H.U. Río Hortega;Valladolid Oeste;Valladolid;86;Hombre
2025-05-07T02:19:00+02:00;2025-06-16T11:47:00+02:00;Miércoles;Lunes;ZBS Canterac;Urbano;H.C.U. Valladolid;Valladolid Este;Valladolid;70;Mujer
2025-05-07T00:41:00+02:00;2025-05-08T18:58:00+02:00;Martes;Jueves;ZBS Peñaranda;Rural;C.A.U. Salamanca;Salamanca;Salamanca;80;Hombre
2025-05-06T21:07:00+02:00;2025-05-10T17:44:00+02:00;Martes;Sábado;ZBS Aranda Norte;Urbano;C.A.U. Burgos;Burgos;Burgos;47;Mujer
2025-05-06T19:37:00+02:00;2025-05-20T16:40:00+02:00;Martes;Martes;ZBS Cacabelos;Rural;H. El Bierzo;Bierzo;León;88;Hombre
2025-05-06T19:09:00+02:00;2025-05-10T01:46:00+02:00;Martes;Viernes;ZBS Garrido Norte;Urbano;C.A.U. Salamanca;Salamanca;Salamanca;66;Mujer
2025-05-06T18:08:00+02:00;2025-05-08T21:00:00+02:00;Martes;Jueves;ZBS Parada del Molino;Urbano;C.A.U. Salamanca;Salamanca;Salamanca;69;Mujer
2025-05-06T18:00:00+02:00;2025-05-14T19:38:00+02:00;Martes;Miércoles;ZBS Aranda Sur;Urbano;C.A.U. Burgos;Burgos;Burgos;83;Mujer
2025-05-06T15:27:00+02:00;2025-05-08T15:11:00+02:00;Martes;Jueves;ZBS Casa del Barco;Urbano;H.U. Río Hortega;Valladolid Oeste;Valladolid;87;Mujer
2025-05-06T15:16:00+02:00;2025-05-13T18:45:00+02:00;Martes;Martes;ZBS Santa Marta de Tormes;Rural;C.A.U. Salamanca;Salamanca;Salamanca;74;Hombre
2025-05-06T14:36:00+02:00;2025-05-09T16:21:00+02:00;Martes;Viernes;Zona Desconocida;Otra;C.A. Soria;Soria;Soria;74;Hombre
2025-05-06T14:06:00+02:00;2025-05-21T17:21:00+02:00;Martes;Miércoles;ZBS Benavente Norte;Urbano;C.A.U. Salamanca;Salamanca;Salamanca;31;Hombre
2025-05-06T13:31:00+02:00;2025-05-14T16:08:00+02:00;Martes;Miércoles;ZBS Circular;Urbano;H.C.U. Valladolid;Valladolid Este;Valladolid;75;Hombre
2025-05-06T10:25:00+02:00;2025-05-13T17:53:00+02:00;Martes;Martes;ZBS José Aguado I;Urbano;C.A.U. León;León;León;73;Mujer
2025-05-06T05:12:00+02:00;2025-05-09T19:30:00+02:00;Martes;Viernes;ZBS Laguna de Duero;Rural;H.U. Río Hortega;Valladolid Oeste;Valladolid;81;Hombre
2025-05-06T01:46:00+02:00;2025-05-07T15:56:00+02:00;Lunes;Miércoles;ZBS Fabero;Rural;H. El Bierzo;Bierzo;León;94;Mujer
2025-05-06T01:22:00+02:00;2025-05-16T19:59:00+02:00;Lunes;Viernes;ZBS Pilarica;Urbano;H.C.U. Valladolid;Valladolid Este;Valladolid;79;Hombre
2025-05-06T00:49:00+02:00;2025-05-20T18:10:00+02:00;Lunes;Martes;ZBS Los Cubos;Urbano;C.A.U. Burgos;Burgos;Burgos;39;Hombre
2025-05-05T22:52:00+02:00;2025-05-16T19:35:00+02:00;Lunes;Viernes;ZBS Sotillo de Adrada;Rural;C.A. Ávila;Ávila;Ávila;77;Hombre
2025-05-05T22:48:00+02:00;2025-05-06T11:03:00+02:00;Lunes;Martes;ZBS Benavente Norte;Urbano;C.A. Zamora;Zamora;Zamora;31;Hombre
2025-05-05T22:47:00+02:00;2025-05-11T18:29:00+02:00;Lunes;Domingo;ZBS Aranda Rural;Rural;H. Santos Reyes;Burgos;Burgos;86;Mujer
2025-05-05T22:36:00+02:00;2025-06-30T18:31:00+02:00;Lunes;Lunes;ZBS Pizarrales-Vidal;Urbano;C.A.U. Salamanca;Salamanca;Salamanca;41;Hombre
2025-05-05T22:31:00+02:00;2025-05-16T20:49:00+02:00;Lunes;Viernes;ZBS Cuenca del Bernesga;Rural;C.A.U. León;León;León;62;Hombre
2025-05-05T21:28:00+02:00;2025-05-12T04:30:00+02:00;Lunes;Lunes;ZBS Laguna de Duero;Rural;H.U. Río Hortega;Valladolid Oeste;Valladolid;79;Hombre
2025-05-05T21:04:00+02:00;2025-05-07T19:27:00+02:00;Lunes;Miércoles;ZBS Tamames;Rural;C.A.U. Salamanca;Salamanca;Salamanca;85;Mujer
2025-05-05T20:06:00+02:00;2025-05-13T19:30:00+02:00;Lunes;Martes;ZBS Trobajo del Camino;Rural;C.A.U. León;León;León;90;Mujer
2025-05-05T19:21:00+02:00;2025-05-13T15:51:00+02:00;Lunes;Martes;ZBS La Guareña;Rural;C.A. Zamora;Zamora;Zamora;55;Hombre
2025-05-05T19:10:00+02:00;2025-05-09T21:17:00+02:00;Lunes;Viernes;ZBS San Leonardo de Yagüe;Rural;C.A.U. Burgos;Burgos;Burgos;84;Mujer
2025-05-05T17:56:00+02:00;2025-05-22T19:33:00+02:00;Lunes;Jueves;ZBS Cebreros;Rural;C.A.U. Salamanca;Salamanca;Salamanca;89;Hombre
2025-05-05T17:46:00+02:00;2025-05-06T20:59:00+02:00;Lunes;Martes;ZBS Carbonero El Mayor;Rural;H.C.U. Valladolid;Valladolid Este;Valladolid;90;Mujer
2025-05-05T17:36:00+02:00;2025-05-09T19:30:00+02:00;Lunes;Viernes;ZBS Laguna de Duero;Rural;H.U. Río Hortega;Valladolid Oeste;Valladolid;72;Hombre
2025-05-05T16:32:00+02:00;2025-05-06T21:00:00+02:00;Lunes;Martes;ZBS Cantalejo;Rural;C.A. Segovia;Segovia;Segovia;85;Mujer
2025-05-05T16:05:00+02:00;2025-05-21T13:56:00+02:00;Lunes;Miércoles;ZBS Segovia I;Urbano;C.A. Segovia;Segovia;Segovia;68;Hombre
2025-05-05T15:59:00+02:00;2025-05-19T18:00:00+02:00;Lunes;Lunes;ZBS Ribera del Esla;Rural;C.A.U. León;León;León;75;Hombre
2025-05-05T15:41:00+02:00;2025-05-08T18:21:00+02:00;Lunes;Jueves;ZBS F.Villalobos;Urbano;C.A.U. Salamanca;Salamanca;Salamanca;83;Hombre
2025-05-05T15:25:00+02:00;2025-05-06T14:30:00+02:00;Lunes;Martes;ZBS San Andrés del Rabanedo;Rural;C.A.U. León;León;León;50;Hombre
2025-05-05T15:24:00+02:00;2025-05-07T18:42:00+02:00;Lunes;Miércoles;ZBS Parque Alameda-Covaresa;Urbano;H.C.U. Valladolid;Valladolid Este;Valladolid;64;Mujer
2025-05-05T04:21:00+02:00;2025-05-19T21:49:00+02:00;Lunes;Lunes;ZBS Aranda Norte;Urbano;C.A.U. Burgos;Burgos;Burgos;82;Hombre
2025-05-05T01:44:00+02:00;2025-06-26T23:45:00+02:00;Domingo;Jueves;Zona Desconocida;Otra;C.A.U. Burgos;Burgos;Burgos;74;Hombre
2025-05-05T00:28:00+02:00;2025-05-09T18:01:00+02:00;Domingo;Viernes;ZBS San Juan;Urbano;C.A.U. Salamanca;Salamanca;Salamanca;69;Hombre
2025-05-05T00:25:00+02:00;2025-05-11T16:17:00+02:00;Domingo;Domingo;ZBS Laguna de Duero;Rural;H.U. Río Hortega;Valladolid Oeste;Valladolid;98;Hombre
2025-05-04T21:52:00+02:00;2025-05-30T16:29:00+02:00;Domingo;Viernes;ZBS Segovia I;Urbano;H.U. Río Hortega;Valladolid Oeste;Valladolid;69;Mujer
2025-05-04T20:52:00+02:00;2025-05-04T20:53:00+02:00;Domingo;Domingo;ZBS Segovia I;Urbano;C.A. Segovia;Segovia;Segovia;69;Mujer
2025-05-04T20:11:00+02:00;2025-05-12T18:39:00+02:00;Domingo;Lunes;ZBS Garrido Norte;Urbano;C.A.U. Salamanca;Salamanca;Salamanca;89;Mujer
2025-05-04T17:51:00+02:00;2025-05-09T17:33:00+02:00;Domingo;Viernes;ZBS La Magdalena;Rural;C.A.U. León;León;León;83;Mujer
2025-05-04T16:28:00+02:00;2025-05-26T21:14:00+02:00;Domingo;Lunes;ZBS Sta. María del Páramo;Rural;C.A.U. León;León;León;84;Mujer
2025-05-04T16:24:00+02:00;2025-05-12T22:00:00+02:00;Domingo;Lunes;ZBS Carbonero El Mayor;Rural;H.C.U. Valladolid;Valladolid Este;Valladolid;86;Mujer
2025-05-04T13:20:00+02:00;2025-05-12T13:58:00+02:00;Domingo;Lunes;ZBS Medina del Campo Urbano;Urbano;H.C.U. Valladolid;Valladolid Este;Valladolid;47;Mujer
2025-05-04T03:05:00+02:00;2025-05-16T16:13:00+02:00;Domingo;Viernes;ZBS Ávila Rural;Rural;C.A. Ávila;Ávila;Ávila;76;Hombre
2025-05-04T02:57:00+02:00;2025-05-08T17:57:00+02:00;Domingo;Jueves;ZBS I. López Sáiz;Urbano;C.A.U. Burgos;Burgos;Burgos;77;Hombre
2025-05-04T02:40:00+02:00;2025-05-15T17:06:00+02:00;Domingo;Jueves;ZBS San Andrés del Rabanedo;Rural;C.A.U. León;León;León;65;Hombre
2025-05-03T22:06:00+02:00;2025-05-14T17:43:00+02:00;Sábado;Miércoles;ZBS Soria Rural;Rural;C.A. Soria;Soria;Soria;80;Hombre
2025-05-03T19:12:00+02:00;2025-05-07T08:59:00+02:00;Sábado;Miércoles;ZBS Bembibre;Rural;H. El Bierzo;Bierzo;León;86;Mujer
2025-05-03T17:09:00+02:00;2025-05-06T20:21:00+02:00;Sábado;Martes;ZBS Cacabelos;Rural;C.A.U. León;León;León;88;Hombre
2025-05-03T15:26:00+02:00;2025-05-13T18:02:00+02:00;Sábado;Martes;ZBS Astorga II;Rural;C.A.U. León;León;León;47;Hombre
2025-05-03T03:31:00+02:00;2025-05-28T19:18:00+02:00;Sábado;Miércoles;ZBS Gamonal las Torres;Urbano;C.A.U. Burgos;Burgos;Burgos;69;Hombre
2025-05-03T00:49:00+02:00;2025-05-15T14:09:00+02:00;Viernes;Jueves;ZBS José Aguado II;Urbano;C.A.U. León;León;León;92;Mujer
2025-05-02T22:27:00+02:00;2025-05-15T21:00:00+02:00;Viernes;Jueves;ZBS Cigales;Rural;H.C.U. Valladolid;Valladolid Este;Valladolid;83;Hombre
2025-05-02T22:03:00+02:00;2025-05-05T19:16:00+02:00;Viernes;Lunes;ZBS Benavente Norte;Urbano;C.A.U. León;León;León;66;Hombre
2025-05-02T21:16:00+02:00;2025-05-08T20:34:00+02:00;Viernes;Jueves;ZBS Pintor Oliva;Urbano;C.A.U. Palencia;Palencia;Palencia;66;Mujer
2025-05-02T21:12:00+02:00;2025-05-09T16:44:00+02:00;Viernes;Viernes;ZBS Villamuriel de Cerrato;Urbano;C.A.U. Palencia;Palencia;Palencia;68;Hombre
2025-05-02T21:00:00+02:00;2025-05-08T16:06:00+02:00;Viernes;Jueves;ZBS Cebreros;Rural;C.A. Ávila;Ávila;Ávila;63;Hombre
2025-05-02T20:31:00+02:00;2025-05-15T15:42:00+02:00;Viernes;Jueves;ZBS Canterac;Urbano;H.C.U. Valladolid;Valladolid Este;Valladolid;92;Mujer
2025-05-02T19:40:00+02:00;2025-05-06T00:00:00+02:00;Viernes;Lunes;ZBS José Aguado I;Urbano;C.A.U. León;León;León;76;Mujer
2025-05-02T19:20:00+02:00;2025-05-14T21:35:00+02:00;Viernes;Miércoles;ZBS Plaza del Ejército;Urbano;H.U. Río Hortega;Valladolid Oeste;Valladolid;89;Hombre
2025-05-02T18:27:00+02:00;2025-05-09T17:34:00+02:00;Viernes;Viernes;ZBS Eras de Renueva;Urbano;C.A.U. León;León;León;79;Hombre
2025-05-02T15:45:00+02:00;2025-05-08T19:55:00+02:00;Viernes;Jueves;ZBS Segovia Rural;Rural;C.A. Segovia;Segovia;Segovia;100;Mujer
2025-05-02T15:39:00+02:00;2025-05-09T18:05:00+02:00;Viernes;Viernes;ZBS I. López Sáiz;Urbano;C.A.U. Burgos;Burgos;Burgos;79;Hombre
2025-05-02T05:29:00+02:00;2025-05-05T21:58:00+02:00;Viernes;Lunes;ZBS Burgohondo;Rural;C.A.U. Salamanca;Salamanca;Salamanca;49;Hombre
2025-05-02T02:58:00+02:00;2025-05-06T13:48:00+02:00;Viernes;Martes;ZBS Santa Elena;Urbano;C.A. Zamora;Zamora;Zamora;88;Mujer
2025-05-02T02:10:00+02:00;2025-05-05T22:44:00+02:00;Viernes;Lunes;ZBS Armunia;Rural;C.A.U. León;León;León;86;Mujer
2025-05-02T01:00:00+02:00;2025-05-03T23:30:00+02:00;Jueves;Sábado;ZBS Segovia Rural;Rural;H.C.U. Valladolid;Valladolid Este;Valladolid;79;Hombre
2025-05-02T00:51:00+02:00;2025-05-06T19:05:00+02:00;Jueves;Martes;Zona Desconocida;Otra;C.A.U. Salamanca;Salamanca;Salamanca;57;Hombre
2025-05-02T00:48:00+02:00;2025-05-05T20:54:00+02:00;Jueves;Lunes;ZBS Eras de Renueva;Urbano;C.A.U. León;León;León;68;Hombre
2025-05-01T21:29:00+02:00;2025-05-13T16:33:00+02:00;Jueves;Martes;ZBS Fabero;Rural;H. El Bierzo;Bierzo;León;86;Hombre
2025-05-01T20:50:00+02:00;2025-05-03T18:06:00+02:00;Jueves;Sábado;ZBS Mombuey;Rural;C.A.U. León;León;León;76;Mujer
2025-05-01T19:57:00+02:00;2025-05-16T19:47:00+02:00;Jueves;Viernes;ZBS Venta de Baños;Rural;C.A.U. Palencia;Palencia;Palencia;96;Mujer
2025-05-01T19:43:00+02:00;2025-05-02T18:46:00+02:00;Jueves;Viernes;Zona Desconocida;Otra;C.A.U. Salamanca;Salamanca;Salamanca;58;Hombre
2025-05-01T17:23:00+02:00;2025-05-16T01:37:00+02:00;Jueves;Jueves;ZBS Eras de Renueva;Urbano;C.A.U. León;León;León;71;Mujer
2025-05-01T16:26:00+02:00;2025-05-01T17:53:00+02:00;Jueves;Jueves;ZBS Segovia Rural;Rural;C.A. Segovia;Segovia;Segovia;79;Hombre
2025-05-01T15:35:00+02:00;2025-05-05T16:16:00+02:00;Jueves;Lunes;ZBS Valladolid Rural I;Rural;H.C.U. Valladolid;Valladolid Este;Valladolid;73;Hombre
2025-05-01T15:31:00+02:00;2025-05-07T18:00:00+02:00;Jueves;Miércoles;ZBS Parque Alameda-Covaresa;Urbano;H.U. Río Hortega;Valladolid Oeste;Valladolid;75;Hombre
2025-05-01T10:12:00+02:00;2025-05-12T13:06:00+02:00;Jueves;Lunes;ZBS San Pablo;Urbano;H.C.U. Valladolid;Valladolid Este;Valladolid;84;Mujer
2025-05-01T01:42:00+02:00;2025-05-05T17:43:00+02:00;Miércoles;Lunes;ZBS Alcañices;Rural;C.A. Zamora;Zamora;Zamora;67;Mujer
2025-05-01T01:16:00+02:00;2025-05-05T20:50:00+02:00;Miércoles;Lunes;ZBS Ponferrada III;Urbano;H. El Bierzo;Bierzo;León;94;Mujer
2025-05-01T00:50:00+02:00;2025-05-08T20:37:00+02:00;Miércoles;Jueves;Zona Desconocida;Otra;C.A.U. Salamanca;Salamanca;Salamanca;91;Hombre
2025-05-01T00:12:00+02:00;2025-05-22T18:10:00+02:00;Miércoles;Jueves;ZBS Garrido Sur;Urbano;C.A.U. Salamanca;Salamanca;Salamanca;49;Mujer
2025-04-30T22:34:00+02:00;2025-05-20T18:25:00+02:00;Miércoles;Martes;ZBS Santa Clara;Urbano;C.A.U. Burgos;Burgos;Burgos;77;Hombre
2025-04-30T21:12:00+02:00;2025-05-09T16:45:00+02:00;Miércoles;Viernes;ZBS Pintor Oliva;Urbano;C.A.U. Palencia;Palencia;Palencia;85;Mujer
2025-04-30T20:58:00+02:00;2025-05-06T19:09:00+02:00;Miércoles;Martes;ZBS Ponferrada III;Urbano;H. El Bierzo;Bierzo;León;71;Hombre
2025-04-30T20:38:00+02:00;2025-05-02T19:10:00+02:00;Miércoles;Viernes;ZBS Puebla de Sanabria;Rural;C.A.U. León;León;León;75;Mujer
2025-04-30T20:05:00+02:00;2025-05-14T17:51:00+02:00;Miércoles;Miércoles;ZBS Béjar;Urbano;C.A.U. Salamanca;Salamanca;Salamanca;66;Hombre
2025-04-30T19:45:00+02:00;2025-05-09T17:33:00+02:00;Miércoles;Viernes;ZBS Ribera del Esla;Rural;C.A.U. León;León;León;76;Mujer
2025-04-30T17:57:00+02:00;2025-05-08T20:57:00+02:00;Miércoles;Jueves;ZBS Santa Marta de Tormes;Rural;C.A.U. Salamanca;Salamanca;Salamanca;87;Mujer
2025-04-30T16:41:00+02:00;2025-05-05T19:25:00+02:00;Miércoles;Lunes;ZBS Laguna de Duero;Rural;C.A.U. Palencia;Palencia;Palencia;79;Hombre
2025-04-30T16:24:00+02:00;2025-05-05T18:16:00+02:00;Miércoles;Lunes;ZBS Virgen de la Concha;Urbano;C.A. Zamora;Zamora;Zamora;80;Mujer
2025-04-30T13:44:00+02:00;2025-05-16T23:00:00+02:00;Miércoles;Viernes;ZBS Sepúlveda;Rural;C.A. Segovia;Segovia;Segovia;91;Mujer
2025-04-30T03:04:00+02:00;2025-05-03T18:05:00+02:00;Miércoles;Sábado;ZBS Trobajo del Camino;Rural;C.A.U. León;León;León;67;Hombre
2025-04-30T02:12:00+02:00;2025-05-30T21:15:00+02:00;Miércoles;Viernes;ZBS Condesa;Urbano;C.A.U. León;León;León;82;Hombre
2025-04-30T01:55:00+02:00;2025-05-28T19:42:00+02:00;Martes;Miércoles;ZBS Capuchinos;Urbano;C.A.U. Salamanca;Salamanca;Salamanca;85;Mujer
2025-04-30T01:21:00+02:00;2025-05-04T14:07:00+02:00;Martes;Domingo;ZBS Aranda Rural;Rural;H. Santos Reyes;Burgos;Burgos;65;Hombre
2025-04-29T23:14:00+02:00;2025-06-05T18:51:00+02:00;Martes;Jueves;ZBS Garrido Sur;Urbano;C.A.U. Salamanca;Salamanca;Salamanca;71;Mujer
2025-04-29T21:36:00+02:00;2025-05-02T20:47:00+02:00;Martes;Viernes;ZBS Pintor Oliva;Urbano;H.C.U. Valladolid;Valladolid Este;Valladolid;66;Mujer
2025-04-29T21:33:00+02:00;2025-05-16T22:19:00+02:00;Martes;Viernes;ZBS Pedrosillo el Ralo;Rural;C.A.U. Salamanca;Salamanca;Salamanca;88;Hombre
2025-04-29T19:30:00+02:00;2025-05-15T14:11:00+02:00;Martes;Jueves;ZBS Capuchinos;Urbano;C.A.U. Salamanca;Salamanca;Salamanca;58;Mujer
2025-04-29T19:08:00+02:00;2025-05-02T20:44:00+02:00;Martes;Viernes;ZBS Villamuriel de Cerrato;Urbano;H.C.U. Valladolid;Valladolid Este;Valladolid;68;Hombre
2025-04-29T18:38:00+02:00;2025-04-30T04:55:00+02:00;Martes;Miércoles;ZBS Garrido Sur;Urbano;C.A.U. Salamanca;Salamanca;Salamanca;68;Hombre
2025-04-29T18:07:00+02:00;2025-05-13T16:50:00+02:00;Martes;Martes;ZBS Carbonero El Mayor;Rural;C.A. Segovia;Segovia;Segovia;89;Mujer
2025-04-29T17:03:00+02:00;2025-05-06T20:59:00+02:00;Martes;Martes;ZBS Tórtola;Urbano;H.C.U. Valladolid;Valladolid Este;Valladolid;77;Mujer
2025-04-29T15:12:00+02:00;2025-05-05T18:29:00+02:00;Martes;Lunes;ZBS García Lorca;Urbano;C.A.U. Burgos;Burgos;Burgos;85;Hombre
2025-04-29T14:53:00+02:00;2025-05-09T18:10:00+02:00;Martes;Viernes;ZBS Segovia Rural;Rural;C.A. Segovia;Segovia;Segovia;62;Hombre
2025-04-29T14:36:00+02:00;2025-05-07T18:55:00+02:00;Martes;Miércoles;ZBS Segovia II;Urbano;C.A. Segovia;Segovia;Segovia;68;Hombre
2025-04-29T12:56:00+02:00;2025-05-02T20:37:00+02:00;Martes;Viernes;ZBS San Ildefonso;Rural;H.U. Río Hortega;Valladolid Oeste;Valladolid;87;Hombre
2025-04-29T04:19:00+02:00;2025-05-07T22:07:00+02:00;Martes;Miércoles;ZBS Miranda Este;Urbano;C.A.U. Burgos;Burgos;Burgos;41;Hombre
2025-04-29T03:43:00+02:00;2025-05-07T18:51:00+02:00;Martes;Miércoles;ZBS Astorga II;Rural;C.A.U. León;León;León;72;Hombre
2025-04-29T02:25:00+02:00;2025-07-08T14:33:00+02:00;Martes;Martes;ZBS Circunvalación;Urbano;C.A.U. Salamanca;Salamanca;Salamanca;70;Hombre
2025-04-29T02:08:00+02:00;2025-05-03T06:00:00+02:00;Martes;Sábado;ZBS Medina del Campo Urbano;Urbano;H. Medina del Campo;Valladolid Este;Valladolid;82;Hombre
2025-04-29T00:11:00+02:00;2025-05-02T17:27:00+02:00;Lunes;Viernes;ZBS Ribera del Esla;Rural;C.A.U. León;León;León;75;Hombre
2025-04-28T22:47:00+02:00;2025-05-07T18:51:00+02:00;Lunes;Miércoles;ZBS Condesa;Urbano;C.A.U. León;León;León;87;Hombre
2025-04-28T22:02:00+02:00;2025-05-26T22:20:00+02:00;Lunes;Lunes;ZBS Corrales del Vino;Rural;C.A. Zamora;Zamora;Zamora;82;Hombre
2025-04-28T21:49:00+02:00;2025-05-13T17:48:00+02:00;Lunes;Martes;ZBS Gamonal las Torres;Urbano;C.A.U. Burgos;Burgos;Burgos;72;Hombre
2025-04-28T21:00:00+02:00;2025-05-13T16:43:00+02:00;Lunes;Martes;ZBS Eras del Bosque;Urbano;C.A.U. Palencia;Palencia;Palencia;80;Mujer
2025-04-28T19:08:00+02:00;2025-04-30T16:46:00+02:00;Lunes;Miércoles;ZBS Sahagún de Campos;Rural;C.A.U. León;León;León;63;Mujer
2025-04-28T19:00:00+02:00;2025-05-05T17:33:00+02:00;Lunes;Lunes;ZBS Saldaña;Rural;H.C.U. Valladolid;Valladolid Este;Valladolid;76;Hombre
2025-04-28T18:53:00+02:00;2025-05-02T17:29:00+02:00;Lunes;Viernes;ZBS Los Cubos;Urbano;C.A.U. Burgos;Burgos;Burgos;67;Mujer
2025-04-28T18:30:00+02:00;2025-05-26T16:25:00+02:00;Lunes;Lunes;ZBS Parquesol;Urbano;H.C.U. Valladolid;Valladolid Este;Valladolid;75;Hombre
2025-04-28T17:35:00+02:00;2025-04-30T16:08:00+02:00;Lunes;Miércoles;ZBS Ponferrada IV;Urbano;H. El Bierzo;Bierzo;León;90;Hombre
2025-04-28T17:00:00+02:00;2025-05-08T18:55:00+02:00;Lunes;Jueves;ZBS Mansilla Mulas;Rural;C.A.U. León;León;León;85;Mujer
2025-04-28T15:41:00+02:00;2025-05-12T14:30:00+02:00;Lunes;Lunes;ZBS Pintor Oliva;Urbano;H.C.U. Valladolid;Valladolid Este;Valladolid;67;Mujer
2025-04-28T10:35:00+02:00;2025-04-29T12:33:00+02:00;Lunes;Martes;ZBS Delicias II;Urbano;H.U. Río Hortega;Valladolid Oeste;Valladolid;43;Hombre
2025-04-28T04:09:00+02:00;2025-04-30T17:38:00+02:00;Lunes;Miércoles;ZBS Piedrahita;Rural;C.A. Ávila;Ávila;Ávila;92;Mujer
2025-04-28T02:08:00+02:00;2025-05-09T18:10:00+02:00;Lunes;Viernes;ZBS Segovia I;Urbano;C.A. Segovia;Segovia;Segovia;40;Mujer
2025-04-28T02:05:00+02:00;2025-06-10T21:26:00+02:00;Lunes;Martes;ZBS José Aguado II;Urbano;C.A.U. León;León;León;74;Mujer
2025-04-27T20:47:00+02:00;2025-04-30T16:40:00+02:00;Domingo;Miércoles;ZBS Ávila Rural;Rural;C.A. Ávila;Ávila;Ávila;64;Mujer
2025-04-27T19:39:00+02:00;2025-05-02T20:31:00+02:00;Domingo;Viernes;ZBS Astorga I;Urbano;C.A.U. León;León;León;95;Mujer
2025-04-27T19:27:00+02:00;2025-05-05T15:00:00+02:00;Domingo;Lunes;ZBS Alba de Tormes;Rural;C.A.U. Salamanca;Salamanca;Salamanca;92;Mujer
2025-04-27T19:00:00+02:00;2025-05-05T20:52:00+02:00;Domingo;Lunes;ZBS Peñaranda;Rural;C.A.U. Salamanca;Salamanca;Salamanca;84;Hombre
2025-04-27T17:17:00+02:00;2025-05-04T13:43:00+02:00;Domingo;Domingo;ZBS Universidad Centro;Urbano;C.A.U. Salamanca;Salamanca;Salamanca;79;Mujer
2025-04-27T16:27:00+02:00;2025-05-07T22:00:00+02:00;Domingo;Miércoles;ZBS Burgos Rural Sur;Rural;C.A.U. Burgos;Burgos;Burgos;84;Hombre
2025-04-27T15:57:00+02:00;2025-05-06T16:30:00+02:00;Domingo;Martes;ZBS Aranda Sur;Urbano;C.A.U. Burgos;Burgos;Burgos;66;Hombre
2025-04-27T01:11:00+02:00;2025-04-30T19:18:00+02:00;Sábado;Miércoles;ZBS F.Villalobos;Urbano;C.A.U. Salamanca;Salamanca;Salamanca;75;Mujer
2025-04-26T23:20:00+02:00;2025-05-03T15:30:00+02:00;Sábado;Sábado;ZBS Cuéllar;Urbano;C.A. Segovia;Segovia;Segovia;90;Mujer
2025-04-26T21:56:00+02:00;2025-04-30T19:17:00+02:00;Sábado;Miércoles;ZBS Béjar;Urbano;C.A.U. Salamanca;Salamanca;Salamanca;62;Hombre
2025-04-26T20:42:00+02:00;2025-05-08T08:10:00+02:00;Sábado;Jueves;ZBS Segovia Rural;Rural;C.A. Segovia;Segovia;Segovia;90;Mujer
2025-04-26T19:59:00+02:00;2025-05-07T18:42:00+02:00;Sábado;Miércoles;ZBS Aranda Sur;Urbano;H. Santos Reyes;Burgos;Burgos;73;Hombre
2025-04-26T17:42:00+02:00;2025-05-21T12:48:00+02:00;Sábado;Miércoles;ZBS Delicias II;Urbano;H.U. Río Hortega;Valladolid Oeste;Valladolid;52;Hombre
2025-04-26T17:41:00+02:00;2025-04-28T18:35:00+02:00;Sábado;Lunes;ZBS Gómara;Rural;C.A. Soria;Soria;Soria;93;Mujer
2025-04-26T17:11:00+02:00;2025-04-30T23:11:00+02:00;Sábado;Miércoles;ZBS José Aguado II;Urbano;C.A.U. León;León;León;88;Hombre
2025-04-26T15:38:00+02:00;2025-04-30T19:29:00+02:00;Sábado;Miércoles;ZBS Fuentesaúco;Rural;C.A. Segovia;Segovia;Segovia;97;Hombre
2025-04-26T14:30:00+02:00;2025-04-30T18:05:00+02:00;Sábado;Miércoles;ZBS Roa de Duero;Rural;C.A.U. Burgos;Burgos;Burgos;61;Hombre
2025-04-26T03:48:00+02:00;2025-04-29T22:25:00+02:00;Sábado;Martes;ZBS Universidad Centro;Urbano;C.A.U. Salamanca;Salamanca;Salamanca;84;Hombre
2025-04-26T03:39:00+02:00;2025-05-04T01:10:00+02:00;Sábado;Sábado;ZBS La Guareña;Rural;C.A.U. Salamanca;Salamanca;Salamanca;84;Mujer
2025-04-26T01:30:00+02:00;2025-04-30T20:57:00+02:00;Viernes;Miércoles;ZBS Pintor Oliva;Urbano;H.C.U. Valladolid;Valladolid Este;Valladolid;85;Mujer
2025-04-25T23:13:00+02:00;2025-05-06T22:04:00+02:00;Viernes;Martes;ZBS Santa Clara;Urbano;C.A.U. Burgos;Burgos;Burgos;77;Mujer
2025-04-25T22:57:00+02:00;2025-05-06T16:36:00+02:00;Viernes;Martes;ZBS Parquesol;Urbano;H.U. Río Hortega;Valladolid Oeste;Valladolid;69;Hombre
2025-04-25T21:38:00+02:00;2025-05-08T03:09:00+02:00;Viernes;Jueves;ZBS Sotillo de Adrada;Rural;C.A. Ávila;Ávila;Ávila;93;Mujer
2025-04-25T21:36:00+02:00;2025-04-30T17:31:00+02:00;Viernes;Miércoles;ZBS El Espinar;Rural;C.A. Segovia;Segovia;Segovia;81;Mujer
2025-04-25T20:57:00+02:00;2025-05-25T13:30:00+02:00;Viernes;Domingo;ZBS Soria Norte;Urbano;C.A. Soria;Soria;Soria;64;Mujer
2025-04-25T19:47:00+02:00;2025-05-06T14:29:00+02:00;Viernes;Martes;ZBS Miranda Oeste;Urbano;C.A.U. Burgos;Burgos;Burgos;39;Hombre
2025-04-25T18:47:00+02:00;2025-05-01T13:35:00+02:00;Viernes;Jueves;ZBS Casa del Barco;Urbano;H.U. Río Hortega;Valladolid Oeste;Valladolid;84;Hombre
2025-04-25T17:33:00+02:00;2025-05-18T23:30:00+02:00;Viernes;Domingo;ZBS Puerta Nueva;Urbano;C.A. Zamora;Zamora;Zamora;53;Hombre
2025-04-25T17:14:00+02:00;2025-04-29T19:59:00+02:00;Viernes;Martes;ZBS Astorga I;Urbano;C.A.U. León;León;León;75;Hombre
2025-04-25T16:58:00+02:00;2025-05-06T16:43:00+02:00;Viernes;Martes;Zona Desconocida;Otra;C.A. Zamora;Zamora;Zamora;74;Mujer
2025-04-25T15:41:00+02:00;2025-05-08T21:29:00+02:00;Viernes;Jueves;ZBS Fuente de San Esteban;Rural;C.A.U. Salamanca;Salamanca;Salamanca;87;Mujer
2025-04-25T14:39:00+02:00;2025-04-28T15:30:00+02:00;Viernes;Lunes;ZBS Toro;Urbano;C.A. Zamora;Zamora;Zamora;94;Mujer
2025-04-25T12:31:00+02:00;2025-05-06T13:13:00+02:00;Viernes;Martes;ZBS Delicias I;Urbano;H.U. Río Hortega;Valladolid Oeste;Valladolid;51;Hombre
2025-04-25T04:49:00+02:00;2025-05-05T14:29:00+02:00;Viernes;Lunes;ZBS Tórtola;Urbano;H.C.U. Valladolid;Valladolid Este;Valladolid;98;Mujer
2025-04-25T00:39:00+02:00;2025-05-12T17:59:00+02:00;Jueves;Lunes;ZBS Armunia;Rural;C.A.U. León;León;León;87;Hombre
2025-04-24T21:12:00+02:00;2025-04-29T20:06:00+02:00;Jueves;Martes;ZBS Los Comuneros;Urbano;C.A.U. Burgos;Burgos;Burgos;95;Mujer
2025-04-24T20:13:00+02:00;2025-05-05T17:00:00+02:00;Jueves;Lunes;ZBS Bierzo;Urbano;H. El Bierzo;Bierzo;León;89;Mujer
2025-04-24T20:12:00+02:00;2025-04-25T15:00:00+02:00;Jueves;Viernes;ZBS Quintanar de la Sierra;Rural;C.A.U. Burgos;Burgos;Burgos;77;Mujer
2025-04-24T19:57:00+02:00;2025-04-25T18:07:00+02:00;Jueves;Viernes;ZBS Parada del Molino;Urbano;C.A. Zamora;Zamora;Zamora;69;Hombre
2025-04-24T19:17:00+02:00;2025-05-06T15:18:00+02:00;Jueves;Martes;ZBS José Aguado II;Urbano;C.A.U. León;León;León;68;Mujer
2025-04-24T19:15:00+02:00;2025-05-02T20:31:00+02:00;Jueves;Viernes;ZBS Circular;Urbano;H.C.U. Valladolid;Valladolid Este;Valladolid;87;Mujer
2025-04-24T17:34:00+02:00;2025-04-30T20:09:00+02:00;Jueves;Miércoles;ZBS Pilarica;Urbano;H.C.U. Valladolid;Valladolid Este;Valladolid;75;Hombre
2025-04-24T16:11:00+02:00;2025-05-19T19:29:00+02:00;Jueves;Lunes;ZBS Elena Ginel Díez;Urbano;C.A.U. Salamanca;Salamanca;Salamanca;79;Hombre
2025-04-24T15:12:00+02:00;2025-05-02T16:38:00+02:00;Jueves;Viernes;ZBS Santa Elena;Urbano;C.A. Zamora;Zamora;Zamora;81;Mujer
2025-04-24T13:40:00+02:00;2025-04-29T15:57:00+02:00;Jueves;Martes;ZBS Bembibre;Rural;H. El Bierzo;Bierzo;León;64;Hombre
2025-04-24T13:34:00+02:00;2025-04-29T15:57:00+02:00;Jueves;Martes;ZBS Cacabelos;Rural;H. El Bierzo;Bierzo;León;75;Mujer
2025-04-24T13:00:00+02:00;2025-04-29T18:10:00+02:00;Jueves;Martes;ZBS García Lorca;Urbano;C.A.U. Burgos;Burgos;Burgos;41;Hombre
2025-04-24T12:36:00+02:00;2025-05-27T15:17:00+02:00;Jueves;Martes;ZBS Delicias II;Urbano;H.U. Río Hortega;Valladolid Oeste;Valladolid;81;Mujer
2025-04-24T10:44:00+02:00;2025-05-11T19:00:00+02:00;Jueves;Domingo;ZBS San Pedro Manrique;Rural;C.A. Soria;Soria;Soria;84;Hombre
2025-04-24T03:22:00+02:00;2025-04-25T17:24:00+02:00;Jueves;Viernes;ZBS Ribera del Órbigo;Rural;C.A.U. León;León;León;80;Hombre
2025-04-24T02:53:00+02:00;2025-04-29T19:59:00+02:00;Jueves;Martes;ZBS Tordesillas;Rural;H.U. Río Hortega;Valladolid Oeste;Valladolid;75;Hombre
2025-04-24T02:23:00+02:00;2025-05-06T15:41:00+02:00;Jueves;Martes;ZBS Miranda Este;Urbano;H. Santiago Apóstol;Burgos;Burgos;86;Hombre
2025-04-24T01:26:00+02:00;2025-04-25T03:50:00+02:00;Miércoles;Viernes;ZBS San Andrés del Rabanedo;Rural;C.A.U. León;León;León;93;Hombre
2025-04-23T19:40:00+02:00;2025-05-05T18:31:00+02:00;Miércoles;Lunes;ZBS Las Huelgas;Urbano;C.A.U. Burgos;Burgos;Burgos;96;Mujer
2025-04-23T19:39:00+02:00;2025-04-29T18:11:00+02:00;Miércoles;Martes;ZBS Villarcayo;Rural;C.A.U. Burgos;Burgos;Burgos;82;Hombre
2025-04-23T19:07:00+02:00;2025-05-09T11:07:00+02:00;Miércoles;Viernes;ZBS Benavente Sur;Urbano;C.A. Zamora;Zamora;Zamora;82;Mujer
2025-04-23T18:50:00+02:00;2025-04-30T19:49:00+02:00;Miércoles;Miércoles;ZBS San Ildefonso;Rural;C.A. Segovia;Segovia;Segovia;67;Mujer
2025-04-23T17:38:00+02:00;2025-04-29T22:13:00+02:00;Miércoles;Martes;ZBS Santa Clara;Urbano;C.A.U. Burgos;Burgos;Burgos;95;Mujer
2025-04-23T15:35:00+02:00;2025-05-12T18:42:00+02:00;Miércoles;Lunes;ZBS Santa Clara;Urbano;C.A.U. Burgos;Burgos;Burgos;92;Mujer
2025-04-23T15:16:00+02:00;2025-04-25T17:28:00+02:00;Miércoles;Viernes;ZBS San José;Urbano;C.A.U. Salamanca;Salamanca;Salamanca;80;Hombre
2025-04-23T13:36:00+02:00;2025-04-28T00:30:00+02:00;Miércoles;Domingo;ZBS Periurbana Norte;Rural;C.A.U. Salamanca;Salamanca;Salamanca;93;Mujer
2025-04-23T10:59:00+02:00;2025-04-29T19:46:00+02:00;Miércoles;Martes;ZBS Aranda Sur;Urbano;H. Santos Reyes;Burgos;Burgos;94;Mujer
2025-04-23T03:50:00+02:00;2025-04-25T19:07:00+02:00;Miércoles;Viernes;ZBS Tábara;Rural;C.A.U. Salamanca;Salamanca;Salamanca;74;Mujer
2025-04-22T21:42:00+02:00;2025-04-28T15:58:00+02:00;Martes;Lunes;ZBS Parada del Molino;Urbano;C.A. Zamora;Zamora;Zamora;58;Hombre
2025-04-22T21:04:00+02:00;2025-05-06T14:10:00+02:00;Martes;Martes;ZBS Toro;Urbano;C.A. Zamora;Zamora;Zamora;75;Hombre
2025-04-22T17:04:00+02:00;2025-04-25T16:30:00+02:00;Martes;Viernes;ZBS San Leonardo de Yagüe;Rural;C.A. Soria;Soria;Soria;78;Hombre
2025-04-22T17:00:00+02:00;2025-04-24T14:00:00+02:00;Martes;Jueves;ZBS Segovia II;Urbano;C.A. Segovia;Segovia;Segovia;74;Hombre
2025-04-22T14:43:00+02:00;2025-04-25T18:34:00+02:00;Martes;Viernes;ZBS Casa del Barco;Urbano;H.C.U. Valladolid;Valladolid Este;Valladolid;84;Hombre
2025-04-22T05:29:00+02:00;2025-04-30T20:16:00+02:00;Martes;Miércoles;ZBS Segovia I;Urbano;C.A. Segovia;Segovia;Segovia;86;Hombre
2025-04-22T03:20:00+02:00;2025-05-12T16:23:00+02:00;Martes;Lunes;ZBS Arturo Eyries;Urbano;H.U. Río Hortega;Valladolid Oeste;Valladolid;75;Hombre
2025-04-22T01:05:00+02:00;2025-04-28T22:42:00+02:00;Lunes;Lunes;ZBS Riaza;Rural;C.A. Segovia;Segovia;Segovia;68;Mujer
2025-04-22T00:00:00+02:00;2025-04-24T22:39:00+02:00;Lunes;Jueves;ZBS Paredes de Nava;Rural;H.C.U. Valladolid;Valladolid Este;Valladolid;90;Hombre
2025-04-21T23:42:00+02:00;2025-04-25T16:07:00+02:00;Lunes;Viernes;ZBS Puerta Nueva;Urbano;H.C.U. Valladolid;Valladolid Este;Valladolid;53;Hombre
2025-04-21T23:11:00+02:00;2025-05-06T20:23:00+02:00;Lunes;Martes;ZBS Ribera del Órbigo;Rural;C.A.U. León;León;León;87;Hombre
2025-04-21T22:32:00+02:00;2025-04-28T21:21:00+02:00;Lunes;Lunes;ZBS Ávila Sur Oeste;Urbano;C.A. Ávila;Ávila;Ávila;64;Mujer
2025-04-21T22:28:00+02:00;2025-04-25T21:40:00+02:00;Lunes;Viernes;ZBS Ávila Norte;Urbano;C.A. Ávila;Ávila;Ávila;72;Hombre
2025-04-21T21:47:00+02:00;2025-05-09T16:45:00+02:00;Lunes;Viernes;ZBS Saldaña;Rural;C.A.U. Palencia;Palencia;Palencia;80;Mujer
2025-04-21T21:46:00+02:00;2025-04-28T20:05:00+02:00;Lunes;Lunes;ZBS Eras del Bosque;Urbano;C.A.U. Palencia;Palencia;Palencia;79;Hombre
2025-04-21T21:22:00+02:00;2025-05-02T18:51:00+02:00;Lunes;Viernes;ZBS Alamedilla;Urbano;C.A.U. Salamanca;Salamanca;Salamanca;80;Mujer
2025-04-21T21:10:00+02:00;2025-04-25T19:32:00+02:00;Lunes;Viernes;ZBS Huerta del Rey;Urbano;H.U. Río Hortega;Valladolid Oeste;Valladolid;74;Mujer
2025-04-21T19:42:00+02:00;2025-04-26T04:31:00+02:00;Lunes;Sábado;ZBS Medina de Rioseco;Rural;H.U. Río Hortega;Valladolid Oeste;Valladolid;79;Mujer
2025-04-21T19:35:00+02:00;2025-04-25T20:06:00+02:00;Lunes;Viernes;ZBS Saldaña;Rural;H.C.U. Valladolid;Valladolid Este;Valladolid;93;Hombre
2025-04-21T19:29:00+02:00;2025-05-19T21:56:00+02:00;Lunes;Lunes;ZBS F.Villalobos;Urbano;C.A.U. Salamanca;Salamanca;Salamanca;74;Hombre
2025-04-21T18:58:00+02:00;2025-04-29T18:16:00+02:00;Lunes;Martes;ZBS Condesa;Urbano;C.A.U. León;León;León;77;Hombre
2025-04-21T18:00:00+02:00;2025-04-28T12:52:00+02:00;Lunes;Lunes;ZBS Aguilar de Campoo;Rural;H.C.U. Valladolid;Valladolid Este;Valladolid;65;Mujer
2025-04-21T17:15:00+02:00;2025-04-29T11:29:00+02:00;Lunes;Martes;ZBS San Ildefonso;Rural;C.A. Segovia;Segovia;Segovia;87;Hombre
2025-04-21T17:12:00+02:00;2025-05-19T19:47:00+02:00;Lunes;Lunes;ZBS Guardo;Rural;C.A.U. Palencia;Palencia;Palencia;93;Mujer
2025-04-21T16:36:00+02:00;2025-04-29T11:49:00+02:00;Lunes;Martes;ZBS Puerta Nueva;Urbano;C.A. Zamora;Zamora;Zamora;89;Mujer
2025-04-21T14:15:00+02:00;2025-04-29T13:18:00+02:00;Lunes;Martes;ZBS Segovia Rural;Rural;H.U. Río Hortega;Valladolid Oeste;Valladolid;62;Hombre
2025-04-21T13:33:00+02:00;2025-05-02T20:29:00+02:00;Lunes;Viernes;ZBS Santa Marta de Tormes;Rural;C.A.U. Salamanca;Salamanca;Salamanca;87;Mujer
2025-04-21T12:32:00+02:00;2025-04-25T20:05:00+02:00;Lunes;Viernes;ZBS Ponferrada III;Urbano;C.A.U. León;León;León;71;Hombre
2025-04-21T03:46:00+02:00;2025-04-22T19:26:00+02:00;Lunes;Martes;ZBS Sta. María del Páramo;Rural;C.A.U. León;León;León;82;Mujer
2025-04-21T03:16:00+02:00;2025-04-25T18:00:00+02:00;Lunes;Viernes;ZBS Bembibre;Rural;H. El Bierzo;Bierzo;León;78;Mujer
2025-04-21T02:20:00+02:00;2025-05-09T21:30:00+02:00;Lunes;Viernes;ZBS Eras de Renueva;Urbano;C.A.U. León;León;León;88;Mujer
2025-04-21T01:04:00+02:00;2025-04-28T16:30:00+02:00;Domingo;Lunes;ZBS Tórtola;Urbano;H.C.U. Valladolid;Valladolid Este;Valladolid;69;Mujer
2025-04-21T00:34:00+02:00;2025-04-25T16:27:00+02:00;Domingo;Viernes;ZBS Ávila Sur Oeste;Urbano;C.A. Ávila;Ávila;Ávila;87;Mujer
2025-04-20T20:13:00+02:00;2025-04-24T18:11:00+02:00;Domingo;Jueves;ZBS Ávila Norte;Urbano;C.A.U. Salamanca;Salamanca;Salamanca;69;Hombre
2025-04-20T19:33:00+02:00;2025-04-24T17:54:00+02:00;Domingo;Jueves;ZBS Arévalo;Urbano;C.A. Ávila;Ávila;Ávila;71;Hombre
2025-04-20T19:26:00+02:00;2025-04-29T19:19:00+02:00;Domingo;Martes;ZBS Aranda Norte;Urbano;C.A.U. Burgos;Burgos;Burgos;77;Mujer
2025-04-20T18:24:00+02:00;2025-04-21T15:59:00+02:00;Domingo;Lunes;Zona Desconocida;Otra;H.U. Río Hortega;Valladolid Oeste;Valladolid;72;Mujer
2025-04-20T17:04:00+02:00;2025-05-02T19:42:00+02:00;Domingo;Viernes;ZBS San Andrés del Rabanedo;Rural;C.A.U. León;León;León;85;Hombre
2025-04-20T14:57:00+02:00;2025-04-25T18:27:00+02:00;Domingo;Viernes;ZBS Miranda Este;Urbano;C.A.U. Burgos;Burgos;Burgos;62;Hombre
2025-04-20T14:54:00+02:00;2025-04-24T18:12:00+02:00;Domingo;Jueves;ZBS Parada del Molino;Urbano;C.A.U. Salamanca;Salamanca;Salamanca;69;Hombre
2025-04-20T14:51:00+02:00;2025-04-21T05:51:00+02:00;Domingo;Lunes;ZBS Villadiego;Rural;C.A.U. Burgos;Burgos;Burgos;87;Mujer
2025-04-20T14:36:00+02:00;2025-04-24T18:15:00+02:00;Domingo;Jueves;ZBS Capuchinos;Urbano;C.A.U. Salamanca;Salamanca;Salamanca;70;Mujer
2025-04-20T13:40:00+02:00;2025-04-22T16:26:00+02:00;Domingo;Martes;ZBS Toreno;Rural;H. El Bierzo;Bierzo;León;93;Mujer
2025-04-20T10:32:00+02:00;2025-04-25T18:14:00+02:00;Domingo;Viernes;ZBS Astorga II;Rural;C.A.U. León;León;León;64;Mujer
2025-04-20T05:25:00+02:00;2025-04-25T20:11:00+02:00;Domingo;Viernes;ZBS El Espinar;Rural;H.U. Río Hortega;Valladolid Oeste;Valladolid;81;Mujer
2025-04-20T02:30:00+02:00;2025-04-25T19:04:00+02:00;Domingo;Viernes;ZBS José Aguado I;Urbano;C.A.U. León;León;León;93;Mujer
2025-04-20T00:45:00+02:00;2025-04-25T15:05:00+02:00;Sábado;Viernes;ZBS Carbonero El Mayor;Rural;C.A. Segovia;Segovia;Segovia;87;Hombre
2025-04-19T22:39:00+02:00;2025-04-21T19:25:00+02:00;Sábado;Lunes;ZBS Medina de Rioseco;Rural;H.C.U. Valladolid;Valladolid Este;Valladolid;79;Mujer
2025-04-19T22:24:00+02:00;2025-04-23T20:45:00+02:00;Sábado;Miércoles;ZBS Arcos de Jalón;Rural;C.A. Soria;Soria;Soria;75;Hombre
2025-04-19T19:30:00+02:00;2025-04-22T18:27:00+02:00;Sábado;Martes;ZBS Miguel Armijo;Urbano;C.A.U. Salamanca;Salamanca;Salamanca;73;Hombre
2025-04-19T17:47:00+02:00;2025-04-29T19:27:00+02:00;Sábado;Martes;ZBS Miguel Armijo;Urbano;C.A.U. Salamanca;Salamanca;Salamanca;85;Hombre
2025-04-19T16:58:00+02:00;2025-04-24T18:27:00+02:00;Sábado;Jueves;ZBS El Burgo de Osma;Rural;C.A. Soria;Soria;Soria;80;Hombre
2025-04-19T15:35:00+02:00;2025-04-24T16:53:00+02:00;Sábado;Jueves;ZBS Barrio España;Urbano;H.C.U. Valladolid;Valladolid Este;Valladolid;52;Hombre
2025-04-19T13:31:00+02:00;2025-04-27T06:00:00+02:00;Sábado;Domingo;ZBS Fuente de San Esteban;Rural;C.A.U. Salamanca;Salamanca;Salamanca;95;Mujer
2025-04-19T12:32:00+02:00;2025-04-29T18:15:00+02:00;Sábado;Martes;ZBS Ribera del Órbigo;Rural;C.A.U. León;León;León;47;Hombre
2025-04-19T11:50:00+02:00;2025-05-06T14:56:00+02:00;Sábado;Martes;ZBS Medina del Campo Urbano;Urbano;H.C.U. Valladolid;Valladolid Este;Valladolid;64;Hombre
2025-04-19T04:55:00+02:00;2025-04-28T21:22:00+02:00;Sábado;Lunes;ZBS Eras del Bosque;Urbano;H.C.U. Valladolid;Valladolid Este;Valladolid;80;Mujer
2025-04-19T04:28:00+02:00;2025-06-27T19:44:00+02:00;Sábado;Viernes;ZBS San Esteban de Gormaz;Rural;C.A.U. Burgos;Burgos;Burgos;73;Hombre
2025-04-19T03:18:00+02:00;2025-04-28T21:00:00+02:00;Sábado;Lunes;ZBS Bierzo;Urbano;H. El Bierzo;Bierzo;León;93;Mujer
2025-04-19T01:44:00+02:00;2025-04-23T13:26:00+02:00;Viernes;Miércoles;ZBS Peñafiel;Rural;H.C.U. Valladolid;Valladolid Este;Valladolid;90;Mujer
2025-04-19T00:08:00+02:00;2025-04-26T14:50:00+02:00;Viernes;Sábado;ZBS Medina del Campo Urbano;Urbano;H.C.U. Valladolid;Valladolid Este;Valladolid;81;Mujer
2025-04-18T22:22:00+02:00;2025-04-25T20:26:00+02:00;Viernes;Viernes;ZBS Béjar;Urbano;C.A.U. Salamanca;Salamanca;Salamanca;77;Hombre
2025-04-18T22:13:00+02:00;2025-04-29T18:18:00+02:00;Viernes;Martes;ZBS I. López Sáiz;Urbano;C.A.U. Burgos;Burgos;Burgos;79;Mujer
2025-04-18T21:09:00+02:00;2025-04-28T18:02:00+02:00;Viernes;Lunes;ZBS Gamonal Antigua;Urbano;C.A.U. Burgos;Burgos;Burgos;69;Hombre
2025-04-18T20:08:00+02:00;2025-04-30T13:00:00+02:00;Viernes;Miércoles;ZBS Peñaranda;Rural;C.A.U. Salamanca;Salamanca;Salamanca;90;Hombre
2025-04-18T19:22:00+02:00;2025-04-30T13:01:00+02:00;Viernes;Miércoles;ZBS Universidad Centro;Urbano;C.A.U. Salamanca;Salamanca;Salamanca;65;Hombre
2025-04-18T18:30:00+02:00;2025-04-24T22:06:00+02:00;Viernes;Jueves;ZBS Fuente de San Esteban;Rural;C.A.U. Salamanca;Salamanca;Salamanca;81;Mujer
2025-04-18T18:06:00+02:00;2025-04-24T15:22:00+02:00;Viernes;Jueves;ZBS San Pablo;Urbano;H.C.U. Valladolid;Valladolid Este;Valladolid;91;Hombre
2025-04-18T17:26:00+02:00;2025-04-21T20:33:00+02:00;Viernes;Lunes;ZBS Ávila Norte;Urbano;C.A.U. Salamanca;Salamanca;Salamanca;72;Hombre
2025-04-18T16:25:00+02:00;2025-04-22T17:56:00+02:00;Viernes;Martes;ZBS Astorga I;Urbano;C.A.U. León;León;León;61;Hombre
2025-04-18T15:27:00+02:00;2025-05-09T22:56:00+02:00;Viernes;Viernes;ZBS De la Puebla;Urbano;H.C.U. Valladolid;Valladolid Este;Valladolid;55;Mujer
2025-04-18T14:20:00+02:00;2025-06-24T20:15:00+02:00;Viernes;Martes;ZBS García Lorca;Urbano;C.A.U. Burgos;Burgos;Burgos;67;Mujer
2025-04-18T01:45:00+02:00;2025-05-15T16:19:00+02:00;Jueves;Jueves;ZBS Gamazo;Urbano;H.C.U. Valladolid;Valladolid Este;Valladolid;93;Mujer
2025-04-18T01:35:00+02:00;2025-05-14T16:00:00+02:00;Jueves;Miércoles;ZBS Rondilla II;Urbano;H.C.U. Valladolid;Valladolid Este;Valladolid;81;Hombre
2025-04-18T01:16:00+02:00;2025-04-24T19:52:00+02:00;Jueves;Jueves;ZBS Eras del Bosque;Urbano;C.A.U. Palencia;Palencia;Palencia;57;Hombre
2025-04-18T00:57:00+02:00;2025-04-21T17:19:00+02:00;Jueves;Lunes;ZBS Cuenca del Bernesga;Rural;C.A.U. León;León;León;82;Mujer
2025-04-18T00:40:00+02:00;2025-04-22T21:43:00+02:00;Jueves;Martes;ZBS Vitigudino;Rural;C.A.U. Salamanca;Salamanca;Salamanca;79;Mujer
2025-04-17T22:44:00+02:00;2025-04-25T18:14:00+02:00;Jueves;Viernes;ZBS La Palomera;Urbano;C.A.U. León;León;León;68;Mujer
2025-04-17T22:15:00+02:00;2025-04-22T18:56:00+02:00;Jueves;Martes;ZBS Segovia II;Urbano;C.A. Segovia;Segovia;Segovia;63;Hombre
2025-04-17T20:15:00+02:00;2025-05-11T16:29:00+02:00;Jueves;Domingo;ZBS Valladolid Rural I;Rural;H.C.U. Valladolid;Valladolid Este;Valladolid;37;Mujer
2025-04-17T19:52:00+02:00;2025-04-29T13:46:00+02:00;Jueves;Martes;ZBS Tábara;Rural;C.A. Zamora;Zamora;Zamora;75;Hombre
2025-04-17T19:36:00+02:00;2025-04-18T23:27:00+02:00;Jueves;Viernes;ZBS Ávila Sur Este;Urbano;C.A. Ávila;Ávila;Ávila;89;Hombre
2025-04-17T17:27:00+02:00;2025-04-21T17:18:00+02:00;Jueves;Lunes;ZBS San Andrés del Rabanedo;Rural;C.A.U. León;León;León;64;Hombre
2025-04-17T17:23:00+02:00;2025-04-22T18:21:00+02:00;Jueves;Martes;Zona Desconocida;Otra;H.C.U. Valladolid;Valladolid Este;Valladolid;84;Hombre
2025-04-17T17:19:00+02:00;2025-04-24T17:42:00+02:00;Jueves;Jueves;Zona Desconocida;Otra;C.A.U. Burgos;Burgos;Burgos;68;Hombre
2025-04-17T17:14:00+02:00;2025-04-19T17:45:00+02:00;Jueves;Sábado;ZBS Alamedilla;Urbano;C.A.U. Salamanca;Salamanca;Salamanca;88;Hombre
2025-04-17T13:00:00+02:00;2025-04-29T22:11:00+02:00;Jueves;Martes;Zona Desconocida;Otra;C.A.U. Burgos;Burgos;Burgos;82;Hombre
2025-04-17T04:42:00+02:00;2025-04-24T22:19:00+02:00;Jueves;Jueves;ZBS Carbonero El Mayor;Rural;H.C.U. Valladolid;Valladolid Este;Valladolid;89;Hombre
2025-04-17T04:23:00+02:00;2025-04-21T20:15:00+02:00;Jueves;Lunes;ZBS Ávila Estación;Urbano;C.A.U. Salamanca;Salamanca;Salamanca;73;Mujer
2025-04-17T02:12:00+02:00;2025-04-17T19:34:00+02:00;Jueves;Jueves;ZBS Laguna de Duero;Rural;H.U. Río Hortega;Valladolid Oeste;Valladolid;50;Mujer
2025-04-16T21:46:00+02:00;2025-04-25T17:23:00+02:00;Miércoles;Viernes;ZBS Boñar;Rural;C.A.U. León;León;León;83;Mujer
2025-04-16T21:31:00+02:00;2025-05-02T20:35:00+02:00;Miércoles;Viernes;ZBS Santa Marta de Tormes;Rural;C.A.U. Salamanca;Salamanca;Salamanca;82;Mujer
2025-04-16T20:24:00+02:00;2025-04-24T16:39:00+02:00;Miércoles;Jueves;Zona Desconocida;Otra;H. El Bierzo;Bierzo;León;58;Hombre
2025-04-16T19:30:00+02:00;2025-04-24T16:32:00+02:00;Miércoles;Jueves;ZBS Delicias II;Urbano;H.U. Río Hortega;Valladolid Oeste;Valladolid;86;Hombre
2025-04-16T18:41:00+02:00;2025-04-22T18:28:00+02:00;Miércoles;Martes;ZBS San Juan;Urbano;C.A.U. Salamanca;Salamanca;Salamanca;82;Hombre
2025-04-16T18:00:00+02:00;2025-04-17T16:07:00+02:00;Miércoles;Jueves;ZBS Condesa;Urbano;C.A.U. León;León;León;80;Hombre
2025-04-16T17:14:00+02:00;2025-04-21T17:17:00+02:00;Miércoles;Lunes;ZBS Crucero;Urbano;C.A.U. León;León;León;65;Mujer
2025-04-16T16:20:00+02:00;2025-04-25T18:27:00+02:00;Miércoles;Viernes;Zona Desconocida;Otra;C.A.U. Burgos;Burgos;Burgos;78;Hombre
2025-04-16T15:55:00+02:00;2025-04-21T20:35:00+02:00;Miércoles;Lunes;ZBS Ávila Sur Oeste;Urbano;C.A.U. Salamanca;Salamanca;Salamanca;64;Mujer
2025-04-16T15:21:00+02:00;2025-05-05T15:55:00+02:00;Miércoles;Lunes;ZBS Tórtola;Urbano;C.A.U. Burgos;Burgos;Burgos;61;Hombre
2025-04-16T13:02:00+02:00;2025-04-16T21:27:00+02:00;Miércoles;Miércoles;ZBS Tudela;Rural;H.U. Río Hortega;Valladolid Oeste;Valladolid;62;Mujer
2025-04-16T05:10:00+02:00;2025-04-21T21:37:00+02:00;Miércoles;Lunes;ZBS Eras del Bosque;Urbano;H.C.U. Valladolid;Valladolid Este;Valladolid;79;Hombre
2025-04-16T03:06:00+02:00;2025-04-21T16:09:00+02:00;Miércoles;Lunes;ZBS Ávila Estación;Urbano;C.A. Ávila;Ávila;Ávila;79;Hombre
2025-04-16T02:17:00+02:00;2025-04-28T19:53:00+02:00;Miércoles;Lunes;ZBS Santa Marta de Tormes;Rural;C.A.U. Salamanca;Salamanca;Salamanca;72;Hombre
2025-04-16T02:12:00+02:00;2025-04-24T16:24:00+02:00;Miércoles;Jueves;ZBS Cuéllar;Urbano;C.A. Segovia;Segovia;Segovia;77;Hombre
2025-04-16T01:08:00+02:00;2025-04-23T15:33:00+02:00;Martes;Miércoles;ZBS José Aguado I;Urbano;C.A.U. León;León;León;49;Hombre
2025-04-15T23:48:00+02:00;2025-04-29T22:34:00+02:00;Martes;Martes;ZBS Pisuerga;Rural;H.U. Río Hortega;Valladolid Oeste;Valladolid;64;Hombre
2025-04-15T23:17:00+02:00;2025-04-25T17:24:00+02:00;Martes;Viernes;ZBS Eras de Renueva;Urbano;C.A.U. León;León;León;87;Mujer
2025-04-15T22:10:00+02:00;2025-04-22T20:06:00+02:00;Martes;Martes;ZBS Villarcayo;Rural;C.A.U. Burgos;Burgos;Burgos;87;Hombre
2025-04-15T21:14:00+02:00;2025-04-21T21:37:00+02:00;Martes;Lunes;ZBS Cervera de Pisuerga;Rural;H.C.U. Valladolid;Valladolid Este;Valladolid;80;Mujer
2025-04-15T20:40:00+02:00;2025-04-22T19:14:00+02:00;Martes;Martes;ZBS Saldaña;Rural;C.A.U. Palencia;Palencia;Palencia;52;Hombre
2025-04-15T20:37:00+02:00;2025-04-21T19:42:00+02:00;Martes;Lunes;ZBS Condesa;Urbano;C.A.U. León;León;León;63;Mujer
2025-04-15T18:59:00+02:00;2025-04-30T16:10:00+02:00;Martes;Miércoles;ZBS Ponferrada IV;Urbano;H. El Bierzo;Bierzo;León;63;Hombre
2025-04-15T17:21:00+02:00;2025-05-07T19:45:00+02:00;Martes;Miércoles;ZBS La Magdalena;Rural;C.A.U. León;León;León;76;Mujer
2025-04-15T16:41:00+02:00;2025-04-16T19:00:00+02:00;Martes;Miércoles;ZBS Delicias II;Urbano;H.C.U. Valladolid;Valladolid Este;Valladolid;86;Hombre
2025-04-15T16:01:00+02:00;2025-04-19T22:00:00+02:00;Martes;Sábado;ZBS Medina de Rioseco;Rural;H.U. Río Hortega;Valladolid Oeste;Valladolid;79;Mujer
2025-04-15T16:01:00+02:00;2025-04-21T17:18:00+02:00;Martes;Lunes;ZBS Puebla de Sanabria;Rural;C.A.U. León;León;León;87;Hombre
2025-04-15T15:42:00+02:00;2025-04-22T18:48:00+02:00;Martes;Martes;ZBS Carbonero El Mayor;Rural;C.A. Segovia;Segovia;Segovia;53;Hombre
2025-04-15T15:11:00+02:00;2025-06-04T17:21:00+02:00;Martes;Miércoles;ZBS Cistierna;Rural;C.A.U. León;León;León;59;Hombre
2025-04-15T14:13:00+02:00;2025-04-24T19:57:00+02:00;Martes;Jueves;ZBS Santa Elena;Urbano;C.A.U. Salamanca;Salamanca;Salamanca;81;Mujer
2025-04-15T13:50:00+02:00;2025-04-18T19:35:00+02:00;Martes;Viernes;ZBS Camarzana de Tera;Rural;C.A. Zamora;Zamora;Zamora;82;Hombre
2025-04-15T05:12:00+02:00;2025-04-25T14:28:00+02:00;Martes;Viernes;ZBS Delicias II;Urbano;H.U. Río Hortega;Valladolid Oeste;Valladolid;72;Hombre
2025-04-15T02:50:00+02:00;2025-04-25T17:11:00+02:00;Martes;Viernes;ZBS Plaza del Ejército;Urbano;H.U. Río Hortega;Valladolid Oeste;Valladolid;90;Mujer
2025-04-15T01:07:00+02:00;2025-04-28T16:22:00+02:00;Lunes;Lunes;ZBS Valencia de D. Juan;Rural;C.A.U. León;León;León;63;Hombre
2025-04-14T21:45:00+02:00;2025-04-22T18:46:00+02:00;Lunes;Martes;ZBS Carbonero El Mayor;Rural;C.A. Segovia;Segovia;Segovia;65;Mujer
2025-04-14T21:08:00+02:00;2025-04-16T17:10:00+02:00;Lunes;Miércoles;ZBS Valladolid Rural I;Rural;H.C.U. Valladolid;Valladolid Este;Valladolid;46;Hombre
2025-04-14T21:07:00+02:00;2025-04-16T16:15:00+02:00;Lunes;Miércoles;ZBS Santa Clara;Urbano;C.A.U. Burgos;Burgos;Burgos;79;Hombre
2025-04-14T20:27:00+02:00;2025-04-21T20:50:00+02:00;Lunes;Lunes;ZBS Jardinillos;Urbano;C.A.U. Palencia;Palencia;Palencia;83;Mujer
2025-04-14T19:39:00+02:00;2025-04-22T11:38:00+02:00;Lunes;Martes;ZBS Benavente Sur;Urbano;C.A. Zamora;Zamora;Zamora;87;Mujer
2025-04-14T19:10:00+02:00;2025-04-21T16:09:00+02:00;Lunes;Lunes;ZBS Mombeltrán;Rural;C.A. Ávila;Ávila;Ávila;75;Hombre
2025-04-14T19:01:00+02:00;2025-04-16T16:42:00+02:00;Lunes;Miércoles;ZBS Arturo Eyries;Urbano;H.U. Río Hortega;Valladolid Oeste;Valladolid;76;Hombre
2025-04-14T18:14:00+02:00;2025-04-28T16:27:00+02:00;Lunes;Lunes;ZBS Ponferrada III;Urbano;H. El Bierzo;Bierzo;León;84;Mujer
2025-04-14T16:07:00+02:00;2025-04-16T18:30:00+02:00;Lunes;Miércoles;ZBS Burgohondo;Rural;C.A.U. Salamanca;Salamanca;Salamanca;79;Mujer
2025-04-14T13:18:00+02:00;2025-04-28T12:56:00+02:00;Lunes;Lunes;ZBS Circunvalación;Urbano;H.C.U. Valladolid;Valladolid Este;Valladolid;67;Mujer
2025-04-14T05:01:00+02:00;2025-04-29T19:13:00+02:00;Lunes;Martes;ZBS Ávila Estación;Urbano;C.A.U. Salamanca;Salamanca;Salamanca;33;Mujer
2025-04-14T03:59:00+02:00;2025-04-25T18:28:00+02:00;Lunes;Viernes;ZBS Condesa;Urbano;C.A.U. León;León;León;40;Mujer
2025-04-14T03:56:00+02:00;2025-04-22T19:14:00+02:00;Lunes;Martes;ZBS Aranda Sur;Urbano;C.A.U. Burgos;Burgos;Burgos;70;Hombre
2025-04-14T02:51:00+02:00;2025-04-16T16:54:00+02:00;Lunes;Miércoles;ZBS Ponferrada IV;Urbano;H. El Bierzo;Bierzo;León;74;Hombre
2025-04-14T01:48:00+02:00;2025-04-17T20:42:00+02:00;Domingo;Jueves;Zona Desconocida;Otra;C.A. Ávila;Ávila;Ávila;90;Hombre
2025-04-14T01:25:00+02:00;2025-04-22T19:15:00+02:00;Domingo;Martes;ZBS José Luis Santamaría;Urbano;C.A.U. Burgos;Burgos;Burgos;57;Hombre
2025-04-14T01:20:00+02:00;2025-04-15T22:28:00+02:00;Domingo;Martes;ZBS Tamames;Rural;C.A.U. Salamanca;Salamanca;Salamanca;79;Hombre
2025-04-14T01:00:00+02:00;2025-04-16T17:10:00+02:00;Domingo;Miércoles;ZBS Venta de Baños;Rural;H.C.U. Valladolid;Valladolid Este;Valladolid;64;Hombre
2025-04-14T00:30:00+02:00;2025-04-21T17:44:00+02:00;Domingo;Lunes;ZBS Segovia II;Urbano;C.A. Segovia;Segovia;Segovia;57;Mujer
2025-04-13T23:18:00+02:00;2025-04-14T21:45:00+02:00;Domingo;Lunes;Zona Desconocida;Otra;C.A.U. Salamanca;Salamanca;Salamanca;85;Hombre
2025-04-13T22:29:00+02:00;2025-04-22T15:24:00+02:00;Domingo;Martes;ZBS De la Puebla;Urbano;C.A.U. Palencia;Palencia;Palencia;94;Hombre
2025-04-13T22:18:00+02:00;2025-04-16T16:17:00+02:00;Domingo;Miércoles;ZBS Aranda Norte;Urbano;C.A.U. Burgos;Burgos;Burgos;37;Hombre
2025-04-13T21:13:00+02:00;2025-04-16T15:55:00+02:00;Domingo;Miércoles;ZBS Ávila Sur Oeste;Urbano;C.A. Ávila;Ávila;Ávila;64;Mujer
2025-04-13T20:15:00+02:00;2025-04-24T19:16:00+02:00;Domingo;Jueves;ZBS Ponferrada III;Urbano;H. El Bierzo;Bierzo;León;87;Mujer
2025-04-13T20:00:00+02:00;2025-04-25T20:09:00+02:00;Domingo;Viernes;ZBS Armunia;Rural;C.A.U. León;León;León;91;Mujer
2025-04-13T19:54:00+02:00;2025-04-15T16:32:00+02:00;Domingo;Martes;ZBS Garrido Norte;Urbano;C.A.U. Salamanca;Salamanca;Salamanca;85;Mujer
2025-04-13T18:10:00+02:00;2025-04-15T16:29:00+02:00;Domingo;Martes;ZBS San Juan;Urbano;C.A.U. Salamanca;Salamanca;Salamanca;70;Mujer
2025-04-13T17:29:00+02:00;2025-04-14T17:34:00+02:00;Domingo;Lunes;Zona Desconocida;Otra;C.A.U. Salamanca;Salamanca;Salamanca;73;Hombre
2025-04-13T17:15:00+02:00;2025-06-30T18:30:00+02:00;Domingo;Lunes;ZBS San Juan;Urbano;C.A.U. Salamanca;Salamanca;Salamanca;54;Hombre
2025-04-13T17:00:00+02:00;2025-04-18T15:11:00+02:00;Domingo;Viernes;ZBS Arévalo;Urbano;C.A. Ávila;Ávila;Ávila;88;Mujer
2025-04-13T15:27:00+02:00;2025-04-15T08:45:00+02:00;Domingo;Martes;ZBS Puente de Domingo Florez;Rural;H. El Bierzo;Bierzo;León;77;Hombre
2025-04-13T14:44:00+02:00;2025-04-14T20:33:00+02:00;Domingo;Lunes;ZBS I. López Sáiz;Urbano;C.A.U. Burgos;Burgos;Burgos;94;Mujer
2025-04-13T12:50:00+02:00;2025-04-13T19:30:00+02:00;Domingo;Domingo;ZBS De la Puebla;Urbano;C.A.U. Palencia;Palencia;Palencia;94;Mujer
2025-04-13T07:39:00+02:00;2025-06-06T09:00:00+02:00;Domingo;Viernes;ZBS Segovia I;Urbano;C.A. Segovia;Segovia;Segovia;71;Hombre
2025-04-13T02:50:00+02:00;2025-04-28T21:16:00+02:00;Domingo;Lunes;ZBS Arenas de San Pedro;Rural;C.A. Ávila;Ávila;Ávila;72;Hombre
2025-04-13T00:37:00+02:00;2025-04-16T21:22:00+02:00;Sábado;Miércoles;ZBS San Leonardo de Yagüe;Rural;C.A.U. Burgos;Burgos;Burgos;88;Mujer
2025-04-12T23:29:00+02:00;2025-05-02T19:43:00+02:00;Sábado;Viernes;ZBS Arturo Eyries;Urbano;H.U. Río Hortega;Valladolid Oeste;Valladolid;90;Mujer
2025-04-12T23:17:00+02:00;2025-04-17T00:00:00+02:00;Sábado;Miércoles;ZBS Briviesca;Urbano;C.A.U. Burgos;Burgos;Burgos;40;Mujer
2025-04-12T23:01:00+02:00;2025-04-17T15:09:00+02:00;Sábado;Jueves;ZBS Segovia I;Urbano;C.A. Segovia;Segovia;Segovia;75;Mujer
2025-04-12T22:50:00+02:00;2025-04-24T16:43:00+02:00;Sábado;Jueves;ZBS Parque Alameda-Covaresa;Urbano;H.U. Río Hortega;Valladolid Oeste;Valladolid;56;Hombre
2025-04-12T20:49:00+02:00;2025-04-16T23:09:00+02:00;Sábado;Miércoles;ZBS Arturo Eyries;Urbano;H.C.U. Valladolid;Valladolid Este;Valladolid;85;Mujer
2025-04-12T17:03:00+02:00;2025-04-14T19:21:00+02:00;Sábado;Lunes;ZBS Benavente Sur;Urbano;C.A.U. León;León;León;87;Mujer
2025-04-12T15:08:00+02:00;2025-04-25T16:44:00+02:00;Sábado;Viernes;ZBS Roa de Duero;Rural;H. Santos Reyes;Burgos;Burgos;94;Mujer
2025-04-12T13:57:00+02:00;2025-04-14T12:16:00+02:00;Sábado;Lunes;ZBS Circular;Urbano;H.C.U. Valladolid;Valladolid Este;Valladolid;81;Mujer
2025-04-12T03:33:00+02:00;2025-04-16T14:00:00+02:00;Sábado;Miércoles;ZBS Valderas;Rural;C.A.U. León;León;León;86;Mujer
2025-04-12T02:42:00+02:00;2025-04-15T18:30:00+02:00;Sábado;Martes;ZBS Segovia III;Urbano;C.A. Segovia;Segovia;Segovia;89;Mujer
2025-04-11T23:21:00+02:00;2025-04-14T17:50:00+02:00;Viernes;Lunes;ZBS Ponferrada IV;Urbano;C.A.U. León;León;León;78;Hombre
2025-04-11T22:21:00+02:00;2025-04-25T18:24:00+02:00;Viernes;Viernes;ZBS Aldeadávila de la Ribera;Rural;C.A.U. Salamanca;Salamanca;Salamanca;79;Hombre
2025-04-11T22:10:00+02:00;2025-04-14T10:33:00+02:00;Viernes;Lunes;ZBS La Guareña;Rural;C.A.U. Salamanca;Salamanca;Salamanca;66;Hombre
2025-04-11T21:36:00+02:00;2025-04-16T15:58:00+02:00;Viernes;Miércoles;ZBS Ávila Norte;Urbano;C.A. Ávila;Ávila;Ávila;68;Mujer
2025-04-11T21:36:00+02:00;2025-04-15T04:45:00+02:00;Viernes;Martes;ZBS Zamora Norte;Rural;C.A. Zamora;Zamora;Zamora;91;Hombre
2025-04-11T16:04:00+02:00;2025-04-13T13:30:00+02:00;Viernes;Domingo;ZBS Cacabelos;Rural;C.A.U. León;León;León;48;Hombre
2025-04-11T15:42:00+02:00;2025-04-14T01:34:00+02:00;Viernes;Domingo;ZBS Segovia I;Urbano;C.A. Segovia;Segovia;Segovia;81;Mujer
2025-04-11T13:07:00+02:00;2025-04-22T20:03:00+02:00;Viernes;Martes;ZBS Toro;Urbano;C.A.U. Salamanca;Salamanca;Salamanca;75;Hombre
2025-04-11T11:07:00+02:00;2025-04-28T11:49:00+02:00;Viernes;Lunes;ZBS Gamazo;Urbano;H.C.U. Valladolid;Valladolid Este;Valladolid;77;Mujer
2025-04-11T05:42:00+02:00;2025-04-14T16:08:00+02:00;Viernes;Lunes;ZBS Ávila Estación;Urbano;C.A. Ávila;Ávila;Ávila;90;Mujer
2025-04-11T03:29:00+02:00;2025-04-14T19:22:00+02:00;Viernes;Lunes;ZBS Trobajo del Camino;Rural;C.A.U. León;León;León;81;Mujer
2025-04-11T03:23:00+02:00;2025-04-16T23:09:00+02:00;Viernes;Miércoles;ZBS Magdalena;Urbano;H.C.U. Valladolid;Valladolid Este;Valladolid;93;Mujer
2025-04-11T03:09:00+02:00;2025-04-24T20:04:00+02:00;Viernes;Jueves;ZBS I. López Sáiz;Urbano;C.A.U. Burgos;Burgos;Burgos;89;Mujer
2025-04-11T02:46:00+02:00;2025-04-15T22:36:00+02:00;Viernes;Martes;ZBS Miguel Armijo;Urbano;C.A.U. Salamanca;Salamanca;Salamanca;73;Hombre
2025-04-10T23:40:00+02:00;2025-04-15T19:52:00+02:00;Jueves;Martes;ZBS Saldaña;Rural;H.C.U. Valladolid;Valladolid Este;Valladolid;52;Hombre
2025-04-10T23:16:00+02:00;2025-04-15T22:36:00+02:00;Jueves;Martes;ZBS Garrido Norte;Urbano;C.A.U. Salamanca;Salamanca;Salamanca;56;Hombre
2025-04-10T20:08:00+02:00;2025-04-11T16:23:00+02:00;Jueves;Viernes;ZBS Puente de Domingo Florez;Rural;H. El Bierzo;Bierzo;León;93;Mujer
2025-04-10T19:30:00+02:00;2025-04-11T16:24:00+02:00;Jueves;Viernes;ZBS Virgen de la Concha;Urbano;C.A. Zamora;Zamora;Zamora;55;Hombre
2025-04-10T18:13:00+02:00;2025-04-15T16:54:00+02:00;Jueves;Martes;ZBS Mota del Marqués;Rural;H.U. Río Hortega;Valladolid Oeste;Valladolid;64;Hombre
2025-04-10T14:47:00+02:00;2025-04-16T00:24:00+02:00;Jueves;Martes;ZBS Garrido Sur;Urbano;C.A.U. Salamanca;Salamanca;Salamanca;77;Mujer
2025-04-10T03:16:00+02:00;2025-05-02T20:48:00+02:00;Jueves;Viernes;ZBS Arcos de Jalón;Rural;C.A. Soria;Soria;Soria;72;Mujer
2025-04-10T01:59:00+02:00;2025-04-14T19:43:00+02:00;Miércoles;Lunes;ZBS Jardinillos;Urbano;H.C.U. Valladolid;Valladolid Este;Valladolid;83;Mujer
2025-04-09T21:26:00+02:00;2025-04-15T16:36:00+02:00;Miércoles;Martes;ZBS Bierzo;Urbano;H. El Bierzo;Bierzo;León;63;Hombre
2025-04-09T19:59:00+02:00;2025-04-11T16:02:00+02:00;Miércoles;Viernes;ZBS Puerta Nueva;Urbano;C.A. Zamora;Zamora;Zamora;70;Hombre
2025-04-09T19:04:00+02:00;2025-04-15T20:24:00+02:00;Miércoles;Martes;ZBS Valencia de D. Juan;Rural;C.A.U. León;León;León;90;Mujer
2025-04-09T14:48:00+02:00;2025-04-15T18:04:00+02:00;Miércoles;Martes;ZBS Tórtola;Urbano;H.C.U. Valladolid;Valladolid Este;Valladolid;77;Mujer
2025-04-08T22:57:00+02:00;2025-04-14T19:16:00+02:00;Martes;Lunes;ZBS Magdalena;Urbano;H.C.U. Valladolid;Valladolid Este;Valladolid;56;Mujer
2025-04-08T22:54:00+02:00;2025-04-24T22:29:00+02:00;Martes;Jueves;ZBS Virgen de la Concha;Urbano;C.A.U. Salamanca;Salamanca;Salamanca;84;Mujer
2025-04-08T22:13:00+02:00;2025-04-11T01:15:00+02:00;Martes;Jueves;ZBS Valencia de D. Juan;Rural;C.A.U. León;León;León;70;Hombre
2025-04-08T21:53:00+02:00;2025-04-15T18:31:00+02:00;Martes;Martes;ZBS Villacastín;Rural;C.A. Segovia;Segovia;Segovia;65;Hombre
2025-04-08T21:08:00+02:00;2025-04-16T18:57:00+02:00;Martes;Miércoles;ZBS Villacastín;Rural;C.A. Segovia;Segovia;Segovia;77;Hombre
2025-04-08T19:09:00+02:00;2025-04-12T14:00:00+02:00;Martes;Sábado;Zona Desconocida;Otra;C.A. Soria;Soria;Soria;80;Hombre
2025-04-08T17:58:00+02:00;2025-04-10T16:52:00+02:00;Martes;Jueves;ZBS San Leonardo de Yagüe;Rural;C.A. Soria;Soria;Soria;90;Mujer
2025-04-08T16:13:00+02:00;2025-04-10T19:32:00+02:00;Martes;Jueves;ZBS Virgen de la Concha;Urbano;C.A.U. Salamanca;Salamanca;Salamanca;55;Hombre
2025-04-08T16:03:00+02:00;2025-04-16T18:18:00+02:00;Martes;Miércoles;ZBS Gamonal las Torres;Urbano;C.A.U. Burgos;Burgos;Burgos;87;Mujer
2025-04-08T15:00:00+02:00;2025-04-15T16:33:00+02:00;Martes;Martes;ZBS Cigales;Rural;H.C.U. Valladolid;Valladolid Este;Valladolid;72;Hombre
2025-04-08T13:07:00+02:00;2025-04-09T03:50:00+02:00;Martes;Miércoles;ZBS Herrera de Pisuerga;Rural;C.A.U. Burgos;Burgos;Burgos;75;Hombre
2025-04-08T07:26:00+02:00;2025-04-11T16:35:00+02:00;Martes;Viernes;ZBS Roa de Duero;Rural;C.A.U. Burgos;Burgos;Burgos;81;Hombre
2025-04-08T05:25:00+02:00;2025-04-14T17:50:00+02:00;Martes;Lunes;ZBS García Lorca;Urbano;C.A.U. Burgos;Burgos;Burgos;79;Hombre
2025-04-08T02:30:00+02:00;2025-04-15T16:33:00+02:00;Martes;Martes;ZBS Ponferrada IV;Urbano;H.C.U. Valladolid;Valladolid Este;Valladolid;63;Hombre
2025-04-08T02:14:00+02:00;2025-04-26T13:28:00+02:00;Martes;Sábado;ZBS Magdalena;Urbano;H.C.U. Valladolid;Valladolid Este;Valladolid;78;Mujer
2025-04-08T01:59:00+02:00;2025-04-09T08:45:00+02:00;Lunes;Miércoles;ZBS Bierzo;Urbano;H. El Bierzo;Bierzo;León;48;Mujer
2025-04-08T01:30:00+02:00;2025-04-14T19:10:00+02:00;Lunes;Lunes;ZBS Periurbana Sur;Rural;C.A.U. Salamanca;Salamanca;Salamanca;91;Hombre
2025-04-07T22:31:00+02:00;2025-04-10T13:38:00+02:00;Lunes;Jueves;ZBS Santa Elena;Urbano;C.A. Zamora;Zamora;Zamora;87;Hombre
2025-04-07T21:34:00+02:00;2025-04-11T15:42:00+02:00;Lunes;Viernes;ZBS Cebreros;Rural;C.A. Ávila;Ávila;Ávila;82;Hombre
2025-04-07T21:23:00+02:00;2025-04-08T17:18:00+02:00;Lunes;Martes;ZBS Ponferrada III;Urbano;H. El Bierzo;Bierzo;León;65;Hombre
2025-04-07T20:07:00+02:00;2025-04-09T19:08:00+02:00;Lunes;Miércoles;ZBS Alba de Tormes;Rural;C.A.U. Salamanca;Salamanca;Salamanca;76;Mujer
2025-04-07T19:34:00+02:00;2025-04-25T18:41:00+02:00;Lunes;Viernes;ZBS Miguel Armijo;Urbano;C.A.U. Salamanca;Salamanca;Salamanca;75;Hombre
2025-04-07T19:15:00+02:00;2025-04-11T16:34:00+02:00;Lunes;Viernes;ZBS Ávila Norte;Urbano;C.A. Ávila;Ávila;Ávila;59;Hombre
2025-04-07T18:55:00+02:00;2025-04-12T10:46:00+02:00;Lunes;Sábado;ZBS Segovia Rural;Rural;C.A. Segovia;Segovia;Segovia;88;Hombre
2025-04-07T18:51:00+02:00;2025-04-10T23:51:00+02:00;Lunes;Jueves;ZBS Las Huelgas;Urbano;C.A.U. Burgos;Burgos;Burgos;93;Mujer
2025-04-07T18:35:00+02:00;2025-04-09T19:09:00+02:00;Lunes;Miércoles;ZBS Puerta Nueva;Urbano;C.A.U. Salamanca;Salamanca;Salamanca;70;Hombre
2025-04-07T17:15:00+02:00;2025-04-10T22:22:00+02:00;Lunes;Jueves;ZBS Pizarrales-Vidal;Urbano;C.A.U. Salamanca;Salamanca;Salamanca;69;Hombre
2025-04-07T16:27:00+02:00;2025-04-07T23:28:00+02:00;Lunes;Lunes;ZBS Ponferrada IV;Urbano;C.A.U. Palencia;Palencia;Palencia;63;Hombre
2025-04-07T15:32:00+02:00;2025-04-15T16:17:00+02:00;Lunes;Martes;ZBS Parquesol;Urbano;H.U. Río Hortega;Valladolid Oeste;Valladolid;68;Mujer
2025-04-07T14:48:00+02:00;2025-04-09T17:14:00+02:00;Lunes;Miércoles;ZBS Boñar;Rural;C.A.U. León;León;León;91;Mujer
2025-04-07T14:07:00+02:00;2025-04-10T15:57:00+02:00;Lunes;Jueves;ZBS Sedano;Rural;C.A.U. Burgos;Burgos;Burgos;69;Hombre
2025-04-07T13:07:00+02:00;2025-04-11T15:39:00+02:00;Lunes;Viernes;ZBS Barrio España;Urbano;H.C.U. Valladolid;Valladolid Este;Valladolid;88;Mujer
2025-04-07T12:33:00+02:00;2025-04-07T16:10:00+02:00;Lunes;Lunes;ZBS Zamora Norte;Rural;C.A. Zamora;Zamora;Zamora;90;Hombre
2025-04-07T10:59:00+02:00;2025-04-10T14:45:00+02:00;Lunes;Jueves;ZBS Garrido Norte;Urbano;C.A.U. Salamanca;Salamanca;Salamanca;83;Hombre
2025-04-07T10:12:00+02:00;2025-04-09T15:11:00+02:00;Lunes;Miércoles;ZBS Delicias I;Urbano;H.U. Río Hortega;Valladolid Oeste;Valladolid;82;Hombre
2025-04-07T10:05:00+02:00;2025-04-08T14:30:00+02:00;Lunes;Martes;ZBS Berlanga de Duero;Rural;C.A. Soria;Soria;Soria;77;Hombre
2025-04-07T09:43:00+02:00;2025-04-09T16:20:00+02:00;Lunes;Miércoles;ZBS Bembibre;Rural;H. El Bierzo;Bierzo;León;44;Mujer
2025-04-07T05:03:00+02:00;2025-04-22T16:33:00+02:00;Lunes;Martes;ZBS Segovia II;Urbano;H.U. Río Hortega;Valladolid Oeste;Valladolid;74;Hombre
2025-04-07T04:57:00+02:00;2025-04-15T22:30:00+02:00;Lunes;Martes;ZBS Segovia III;Urbano;C.A. Segovia;Segovia;Segovia;79;Hombre
2025-04-07T04:50:00+02:00;2025-04-16T17:13:00+02:00;Lunes;Miércoles;ZBS Jardinillos;Urbano;H.C.U. Valladolid;Valladolid Este;Valladolid;85;Hombre
2025-04-07T04:00:00+02:00;2025-04-09T19:27:00+02:00;Lunes;Miércoles;ZBS Segovia Rural;Rural;C.A. Segovia;Segovia;Segovia;92;Mujer
2025-04-07T02:43:00+02:00;2025-04-16T10:34:00+02:00;Lunes;Miércoles;ZBS Periurbana Norte;Rural;C.A.U. Salamanca;Salamanca;Salamanca;88;Mujer
2025-04-07T00:29:00+02:00;2025-04-08T21:32:00+02:00;Domingo;Martes;ZBS La Victoria;Urbano;H.C.U. Valladolid;Valladolid Este;Valladolid;77;Hombre
2025-04-06T23:21:00+02:00;2025-04-09T18:03:00+02:00;Domingo;Miércoles;ZBS Segovia III;Urbano;C.A. Segovia;Segovia;Segovia;78;Mujer
2025-04-06T22:03:00+02:00;2025-04-08T22:16:00+02:00;Domingo;Martes;ZBS Garrido Norte;Urbano;C.A.U. Salamanca;Salamanca;Salamanca;85;Hombre
2025-04-06T21:14:00+02:00;2025-04-11T22:26:00+02:00;Domingo;Viernes;ZBS Villarcayo;Rural;C.A.U. Burgos;Burgos;Burgos;80;Mujer
2025-04-06T21:08:00+02:00;2025-04-08T19:22:00+02:00;Domingo;Martes;ZBS Miranda del Castañar;Rural;C.A.U. Salamanca;Salamanca;Salamanca;72;Hombre
2025-04-06T20:24:00+02:00;2025-04-24T13:22:00+02:00;Domingo;Jueves;ZBS Peñafiel;Rural;H.C.U. Valladolid;Valladolid Este;Valladolid;81;Mujer
2025-04-06T18:48:00+02:00;2025-04-10T16:12:00+02:00;Domingo;Jueves;ZBS Íscar;Rural;H.C.U. Valladolid;Valladolid Este;Valladolid;92;Hombre
2025-04-06T18:36:00+02:00;2025-04-11T18:34:00+02:00;Domingo;Viernes;ZBS Carbonero El Mayor;Rural;C.A. Segovia;Segovia;Segovia;102;Mujer
2025-04-06T18:09:00+02:00;2025-04-08T10:40:00+02:00;Domingo;Martes;ZBS I. López Sáiz;Urbano;C.A.U. Burgos;Burgos;Burgos;86;Hombre
2025-04-06T16:49:00+02:00;2025-04-11T06:20:00+02:00;Domingo;Viernes;ZBS Virgen de la Concha;Urbano;C.A.U. Salamanca;Salamanca;Salamanca;71;Hombre
2025-04-06T14:17:00+02:00;2025-04-09T15:40:00+02:00;Domingo;Miércoles;ZBS San Antonio;Urbano;H. El Bierzo;Bierzo;León;92;Mujer
2025-04-06T13:05:00+02:00;2025-04-15T17:45:00+02:00;Domingo;Martes;ZBS Soria Rural;Rural;C.A. Soria;Soria;Soria;86;Hombre
2025-04-06T12:29:00+02:00;2025-04-07T15:56:00+02:00;Domingo;Lunes;ZBS Barco de Ávila;Rural;C.A.U. Salamanca;Salamanca;Salamanca;76;Hombre
2025-04-06T05:51:00+02:00;2025-04-10T22:21:00+02:00;Domingo;Jueves;ZBS Ciudad Rodrigo;Urbano;C.A.U. Salamanca;Salamanca;Salamanca;83;Mujer
2025-04-06T01:00:00+02:00;2025-04-12T16:12:00+02:00;Sábado;Sábado;ZBS Cantalejo;Rural;C.A. Segovia;Segovia;Segovia;66;Hombre
2025-04-05T22:40:00+02:00;2025-04-12T10:01:00+02:00;Sábado;Sábado;ZBS Peñafiel;Rural;H.C.U. Valladolid;Valladolid Este;Valladolid;57;Hombre
2025-04-05T19:44:00+02:00;2025-04-09T16:20:00+02:00;Sábado;Miércoles;ZBS Roa de Duero;Rural;C.A.U. Burgos;Burgos;Burgos;54;Hombre
2025-04-05T18:03:00+02:00;2025-04-21T16:12:00+02:00;Sábado;Lunes;ZBS Miranda Oeste;Urbano;H. Santiago Apóstol;Burgos;Burgos;80;Mujer
2025-04-05T17:39:00+02:00;2025-04-14T21:56:00+02:00;Sábado;Lunes;ZBS Santa Marta de Tormes;Rural;C.A.U. Salamanca;Salamanca;Salamanca;69;Hombre
2025-04-05T14:43:00+02:00;2025-04-08T17:42:00+02:00;Sábado;Martes;ZBS Eras de Renueva;Urbano;C.A.U. León;León;León;89;Mujer
2025-04-05T14:36:00+02:00;2025-04-16T17:13:00+02:00;Sábado;Miércoles;ZBS Canterac;Urbano;H.C.U. Valladolid;Valladolid Este;Valladolid;55;Mujer
2025-04-05T05:20:00+02:00;2025-04-15T18:04:00+02:00;Sábado;Martes;ZBS Mansilla Mulas;Rural;C.A.U. León;León;León;66;Hombre
2025-04-05T03:45:00+02:00;2025-04-07T18:02:00+02:00;Sábado;Lunes;ZBS Ávila Norte;Urbano;C.A.U. Salamanca;Salamanca;Salamanca;59;Hombre
2025-04-05T03:21:00+02:00;2025-04-24T17:15:00+02:00;Sábado;Jueves;ZBS La Bañeza I;Urbano;C.A.U. León;León;León;92;Hombre
2025-04-05T02:32:00+02:00;2025-04-07T15:27:00+02:00;Sábado;Lunes;ZBS Periurbana Norte;Rural;C.A.U. Salamanca;Salamanca;Salamanca;65;Hombre
2025-04-05T00:33:00+02:00;2025-04-08T17:42:00+02:00;Viernes;Martes;ZBS José Aguado I;Urbano;C.A.U. León;León;León;76;Hombre
2025-04-05T00:26:00+02:00;2025-04-08T18:56:00+02:00;Viernes;Martes;ZBS Ávila Norte;Urbano;C.A.U. Salamanca;Salamanca;Salamanca;68;Mujer
2025-04-04T21:58:00+02:00;2025-04-08T17:24:00+02:00;Viernes;Martes;ZBS Elena Ginel Díez;Urbano;C.A.U. Salamanca;Salamanca;Salamanca;72;Hombre
2025-04-04T21:45:00+02:00;2025-04-19T20:36:00+02:00;Viernes;Sábado;ZBS Soria Norte;Urbano;C.A. Soria;Soria;Soria;64;Mujer
2025-04-04T21:23:00+02:00;2025-04-09T16:46:00+02:00;Viernes;Miércoles;ZBS Serrada;Rural;H.C.U. Valladolid;Valladolid Este;Valladolid;52;Hombre
2025-04-04T21:21:00+02:00;2025-04-15T16:33:00+02:00;Viernes;Martes;ZBS Esguevillas;Rural;H.C.U. Valladolid;Valladolid Este;Valladolid;61;Hombre
2025-04-04T21:10:00+02:00;2025-04-08T17:27:00+02:00;Viernes;Martes;ZBS Aranda Sur;Urbano;C.A.U. Burgos;Burgos;Burgos;85;Mujer
2025-04-04T21:07:00+02:00;2025-04-10T17:44:00+02:00;Viernes;Jueves;ZBS Burgos Rural Norte;Rural;C.A.U. Burgos;Burgos;Burgos;68;Mujer
2025-04-04T19:36:00+02:00;2025-04-08T18:57:00+02:00;Viernes;Martes;ZBS Garrido Sur;Urbano;C.A.U. Salamanca;Salamanca;Salamanca;87;Hombre
2025-04-04T18:19:00+02:00;2025-04-07T17:39:00+02:00;Viernes;Lunes;ZBS Segovia II;Urbano;C.A. Segovia;Segovia;Segovia;74;Hombre
2025-04-04T18:16:00+02:00;2025-04-15T11:30:00+02:00;Viernes;Martes;ZBS Peñafiel;Rural;H.C.U. Valladolid;Valladolid Este;Valladolid;72;Hombre
2025-04-04T17:15:00+02:00;2025-04-04T20:31:00+02:00;Viernes;Viernes;ZBS Guijuelo;Rural;C.A.U. Salamanca;Salamanca;Salamanca;80;Hombre
2025-04-04T15:53:00+02:00;2025-04-16T21:44:00+02:00;Viernes;Miércoles;ZBS San Juan;Urbano;C.A.U. Salamanca;Salamanca;Salamanca;91;Hombre
2025-04-04T14:58:00+02:00;2025-04-11T20:05:00+02:00;Viernes;Viernes;ZBS José Aguado II;Urbano;C.A.U. León;León;León;62;Mujer
2025-04-04T14:42:00+02:00;2025-04-10T16:14:00+02:00;Viernes;Jueves;ZBS Ávila Rural;Rural;C.A. Ávila;Ávila;Ávila;64;Hombre
2025-04-04T14:24:00+02:00;2025-04-06T05:24:00+02:00;Viernes;Domingo;ZBS Gamonal Antigua;Urbano;C.A.U. Burgos;Burgos;Burgos;71;Hombre
2025-04-04T11:18:00+02:00;2025-04-07T21:54:00+02:00;Viernes;Lunes;ZBS Santa Elena;Urbano;C.A.U. Salamanca;Salamanca;Salamanca;87;Hombre
2025-04-04T05:09:00+02:00;2025-04-14T23:20:00+02:00;Viernes;Lunes;ZBS Ávila Sur Oeste;Urbano;C.A. Ávila;Ávila;Ávila;88;Mujer
2025-04-04T01:07:00+02:00;2025-04-16T17:56:00+02:00;Jueves;Miércoles;ZBS Vitigudino;Rural;C.A.U. Salamanca;Salamanca;Salamanca;56;Hombre
2025-04-03T22:27:00+02:00;2025-04-09T16:21:00+02:00;Jueves;Miércoles;ZBS Bembibre;Rural;H. El Bierzo;Bierzo;León;67;Mujer
2025-04-03T22:06:00+02:00;2025-04-11T15:37:00+02:00;Jueves;Viernes;Zona Desconocida;Otra;C.A.U. Burgos;Burgos;Burgos;55;Hombre
2025-04-03T21:45:00+02:00;2025-04-16T13:30:00+02:00;Jueves;Miércoles;ZBS Soria Sur;Urbano;C.A. Soria;Soria;Soria;101;Mujer
2025-04-03T20:08:00+02:00;2025-04-16T21:41:00+02:00;Jueves;Miércoles;ZBS San José;Urbano;C.A.U. Salamanca;Salamanca;Salamanca;54;Hombre
2025-04-03T19:44:00+02:00;2025-04-04T12:19:00+02:00;Jueves;Viernes;ZBS Parada del Molino;Urbano;C.A. Zamora;Zamora;Zamora;52;Mujer
2025-04-03T16:28:00+02:00;2025-04-08T17:31:00+02:00;Jueves;Martes;ZBS Eras del Bosque;Urbano;C.A.U. Palencia;Palencia;Palencia;72;Hombre
2025-04-03T14:49:00+02:00;2025-04-04T16:56:00+02:00;Jueves;Viernes;ZBS Segovia II;Urbano;H.C.U. Valladolid;Valladolid Este;Valladolid;74;Hombre
2025-04-03T06:36:00+02:00;2025-04-11T18:30:00+02:00;Jueves;Viernes;ZBS José Luis Santamaría;Urbano;C.A.U. Burgos;Burgos;Burgos;59;Hombre
2025-04-03T05:20:00+02:00;2025-04-07T16:33:00+02:00;Jueves;Lunes;ZBS Tórtola;Urbano;H.C.U. Valladolid;Valladolid Este;Valladolid;79;Mujer
2025-04-03T02:57:00+02:00;2025-04-21T14:31:00+02:00;Jueves;Lunes;ZBS Toro;Urbano;C.A. Zamora;Zamora;Zamora;68;Hombre
2025-04-03T02:47:00+02:00;2025-04-14T18:00:00+02:00;Jueves;Lunes;ZBS Burgos Rural Sur;Rural;C.A.U. Burgos;Burgos;Burgos;57;Hombre
2025-04-03T02:19:00+02:00;2025-04-07T17:00:00+02:00;Jueves;Lunes;ZBS Almazán;Rural;C.A. Soria;Soria;Soria;66;Hombre
2025-04-03T01:36:00+02:00;2025-04-04T17:15:00+02:00;Miércoles;Viernes;Zona Desconocida;Otra;C.A.U. León;León;León;86;Hombre
2025-04-03T00:42:00+02:00;2025-04-08T17:28:00+02:00;Miércoles;Martes;ZBS García Lorca;Urbano;C.A.U. Burgos;Burgos;Burgos;81;Hombre
2025-04-02T23:30:00+02:00;2025-04-11T14:16:00+02:00;Miércoles;Viernes;ZBS Delicias I;Urbano;H.U. Río Hortega;Valladolid Oeste;Valladolid;76;Mujer
2025-04-02T23:08:00+02:00;2025-04-04T20:43:00+02:00;Miércoles;Viernes;ZBS Gamonal Antigua;Urbano;C.A.U. Burgos;Burgos;Burgos;79;Hombre
2025-04-02T22:51:00+02:00;2025-04-24T21:54:00+02:00;Miércoles;Jueves;ZBS Virgen de la Concha;Urbano;C.A. Zamora;Zamora;Zamora;80;Mujer
2025-04-02T20:36:00+02:00;2025-04-07T18:06:00+02:00;Miércoles;Lunes;ZBS Toro;Urbano;C.A.U. Salamanca;Salamanca;Salamanca;63;Hombre
2025-04-02T19:40:00+02:00;2025-04-04T16:09:00+02:00;Miércoles;Viernes;ZBS San Antonio;Urbano;H. El Bierzo;Bierzo;León;94;Mujer
2025-04-02T19:20:00+02:00;2025-04-11T16:34:00+02:00;Miércoles;Viernes;ZBS Ávila Sur Este;Urbano;C.A. Ávila;Ávila;Ávila;84;Hombre
2025-04-02T18:18:00+02:00;2025-04-08T18:50:00+02:00;Miércoles;Martes;ZBS Sta. María del Páramo;Rural;C.A.U. León;León;León;88;Mujer
2025-04-02T18:12:00+02:00;2025-04-05T15:00:00+02:00;Miércoles;Sábado;ZBS Soria Rural;Rural;C.A. Soria;Soria;Soria;94;Mujer
2025-04-02T15:44:00+02:00;2025-04-15T16:50:00+02:00;Miércoles;Martes;ZBS Ponferrada IV;Urbano;H. El Bierzo;Bierzo;León;46;Mujer
2025-04-02T14:35:00+02:00;2025-04-04T15:49:00+02:00;Miércoles;Viernes;ZBS San Pablo;Urbano;H.C.U. Valladolid;Valladolid Este;Valladolid;69;Mujer
2025-04-02T14:30:00+02:00;2025-04-04T19:57:00+02:00;Miércoles;Viernes;ZBS Burgos Rural Norte;Rural;C.A.U. Burgos;Burgos;Burgos;73;Mujer
2025-04-02T14:12:00+02:00;2025-04-05T02:01:00+02:00;Miércoles;Sábado;ZBS Alba de Tormes;Rural;C.A.U. Salamanca;Salamanca;Salamanca;76;Mujer
2025-04-02T13:41:00+02:00;2025-04-11T12:30:00+02:00;Miércoles;Viernes;ZBS Zamora Norte;Rural;C.A. Zamora;Zamora;Zamora;85;Mujer
2025-04-02T03:44:00+02:00;2025-04-07T19:10:00+02:00;Miércoles;Lunes;ZBS Ponferrada III;Urbano;C.A.U. León;León;León;65;Hombre
2025-04-02T03:33:00+02:00;2025-04-09T16:15:00+02:00;Miércoles;Miércoles;ZBS Pintor Oliva;Urbano;H.C.U. Valladolid;Valladolid Este;Valladolid;69;Mujer
2025-04-02T01:46:00+02:00;2025-04-11T14:46:00+02:00;Martes;Viernes;ZBS Santa Marta de Tormes;Rural;C.A.U. Salamanca;Salamanca;Salamanca;87;Mujer
2025-04-01T23:24:00+02:00;2025-04-14T22:16:00+02:00;Martes;Lunes;ZBS Astorga II;Rural;C.A.U. León;León;León;86;Mujer
2025-04-01T23:02:00+02:00;2025-04-06T19:50:00+02:00;Martes;Domingo;ZBS Santa Marta de Tormes;Rural;C.A.U. Salamanca;Salamanca;Salamanca;86;Hombre
2025-04-01T22:29:00+02:00;2025-04-08T21:43:00+02:00;Martes;Martes;ZBS Mayorga de Campos;Rural;H.U. Río Hortega;Valladolid Oeste;Valladolid;72;Hombre
2025-04-01T20:18:00+02:00;2025-04-07T18:09:00+02:00;Martes;Lunes;ZBS Miranda del Castañar;Rural;C.A.U. Salamanca;Salamanca;Salamanca;66;Hombre
2025-04-01T20:11:00+02:00;2025-04-11T19:01:00+02:00;Martes;Viernes;ZBS Toro;Urbano;C.A. Zamora;Zamora;Zamora;87;Mujer
2025-04-01T19:49:00+02:00;2025-04-03T15:56:00+02:00;Martes;Jueves;Zona Desconocida;Otra;H. El Bierzo;Bierzo;León;92;Mujer
2025-04-01T19:20:00+02:00;2025-04-09T21:30:00+02:00;Martes;Miércoles;ZBS Aldeadávila de la Ribera;Rural;C.A.U. Salamanca;Salamanca;Salamanca;94;Mujer
2025-04-01T19:18:00+02:00;2025-04-04T00:59:00+02:00;Martes;Jueves;ZBS Virgen de la Concha;Urbano;C.A. Zamora;Zamora;Zamora;87;Mujer
2025-04-01T19:13:00+02:00;2025-04-04T18:56:00+02:00;Martes;Viernes;ZBS Villafranca del Bierzo;Rural;C.A.U. León;León;León;94;Hombre
2025-04-01T18:57:00+02:00;2025-04-02T22:00:00+02:00;Martes;Miércoles;ZBS Toreno;Rural;H. El Bierzo;Bierzo;León;95;Mujer
2025-04-01T15:57:00+02:00;2025-04-07T18:51:00+02:00;Martes;Lunes;ZBS Valencia de D. Juan;Rural;C.A.U. León;León;León;74;Hombre
2025-04-01T04:34:00+02:00;2025-04-09T21:05:00+02:00;Martes;Miércoles;ZBS Carrión de los Condes;Rural;C.A.U. Palencia;Palencia;Palencia;94;Mujer
2025-04-01T04:34:00+02:00;2025-04-14T19:22:00+02:00;Martes;Lunes;ZBS Riaño;Rural;C.A.U. León;León;León;71;Hombre
2025-04-01T02:40:00+02:00;2025-04-02T18:36:00+02:00;Martes;Miércoles;ZBS Benavente Norte;Urbano;C.A.U. León;León;León;77;Hombre
2025-03-31T23:31:00+02:00;2025-04-03T16:12:00+02:00;Lunes;Jueves;ZBS Las Navas del Marqués;Urbano;C.A. Ávila;Ávila;Ávila;89;Mujer
2025-03-31T22:40:00+02:00;2025-04-01T16:32:00+02:00;Lunes;Martes;ZBS Virgen de la Concha;Urbano;C.A. Zamora;Zamora;Zamora;91;Mujer
2025-03-31T21:58:00+02:00;2025-04-02T18:57:00+02:00;Lunes;Miércoles;ZBS Ávila Sur Este;Urbano;C.A.U. Salamanca;Salamanca;Salamanca;84;Hombre
2025-03-31T20:38:00+02:00;2025-04-03T18:50:00+02:00;Lunes;Jueves;ZBS Ribera del Órbigo;Rural;C.A.U. León;León;León;85;Hombre
2025-03-31T20:17:00+02:00;2025-04-04T17:12:00+02:00;Lunes;Viernes;ZBS Plaza del Ejército;Urbano;H.U. Río Hortega;Valladolid Oeste;Valladolid;87;Hombre
2025-03-31T19:37:00+02:00;2025-04-10T17:35:00+02:00;Lunes;Jueves;ZBS Ciudad Rodrigo;Urbano;C.A.U. Salamanca;Salamanca;Salamanca;76;Hombre
2025-03-31T19:24:00+02:00;2025-04-15T22:39:00+02:00;Lunes;Martes;ZBS Santa Marta de Tormes;Rural;C.A.U. Salamanca;Salamanca;Salamanca;83;Mujer
2025-03-31T17:41:00+02:00;2025-04-03T17:29:00+02:00;Lunes;Jueves;ZBS José Aguado II;Urbano;C.A.U. León;León;León;70;Mujer
2025-03-31T17:14:00+02:00;2025-04-02T17:05:00+02:00;Lunes;Miércoles;ZBS Zamora Norte;Rural;C.A. Zamora;Zamora;Zamora;80;Hombre
2025-03-31T16:21:00+02:00;2025-04-04T15:00:00+02:00;Lunes;Viernes;ZBS José Aguado I;Urbano;C.A.U. León;León;León;83;Hombre
2025-03-31T16:01:00+02:00;2025-04-12T15:15:00+02:00;Lunes;Sábado;ZBS Aranda Sur;Urbano;H. Santos Reyes;Burgos;Burgos;94;Hombre
2025-03-31T15:35:00+02:00;2025-04-11T14:25:00+02:00;Lunes;Viernes;ZBS Pilarica;Urbano;H.C.U. Valladolid;Valladolid Este;Valladolid;78;Mujer
2025-03-31T15:33:00+02:00;2025-04-25T12:47:00+02:00;Lunes;Viernes;ZBS Rondilla II;Urbano;H.C.U. Valladolid;Valladolid Este;Valladolid;89;Hombre
2025-03-31T14:56:00+02:00;2025-04-03T19:20:00+02:00;Lunes;Jueves;ZBS Parada del Molino;Urbano;C.A.U. Salamanca;Salamanca;Salamanca;52;Mujer
2025-03-31T11:47:00+02:00;2025-04-07T18:51:00+02:00;Lunes;Lunes;ZBS Cristobal Acosta;Urbano;C.A.U. Burgos;Burgos;Burgos;74;Mujer
2025-03-31T03:39:00+02:00;2025-04-01T18:55:00+02:00;Lunes;Martes;ZBS Gamonal Antigua;Urbano;C.A.U. Burgos;Burgos;Burgos;70;Hombre
2025-03-31T02:32:00+02:00;2025-04-03T18:50:00+02:00;Lunes;Jueves;ZBS José Aguado II;Urbano;C.A.U. León;León;León;84;Mujer
2025-03-31T02:07:00+02:00;2025-04-07T18:57:00+02:00;Lunes;Lunes;ZBS Santa Marta de Tormes;Rural;C.A.U. Salamanca;Salamanca;Salamanca;83;Hombre
2025-03-31T01:08:00+02:00;2025-04-10T18:30:00+02:00;Domingo;Jueves;ZBS Parquesol;Urbano;H.U. Río Hortega;Valladolid Oeste;Valladolid;89;Mujer
2025-03-30T23:33:00+02:00;2025-04-03T11:30:00+02:00;Domingo;Jueves;ZBS Sepúlveda;Rural;C.A.U. Burgos;Burgos;Burgos;74;Hombre
2025-03-30T21:08:00+02:00;2025-06-06T13:08:00+02:00;Domingo;Viernes;ZBS Laguna de Duero;Rural;H.U. Río Hortega;Valladolid Oeste;Valladolid;59;Mujer
2025-03-30T19:29:00+02:00;2025-04-09T21:30:00+02:00;Domingo;Miércoles;ZBS Medina del Campo Rural;Rural;H. Medina del Campo;Valladolid Este;Valladolid;95;Mujer
2025-03-30T19:04:00+02:00;2025-04-02T20:11:00+02:00;Domingo;Miércoles;ZBS La Bañeza I;Urbano;C.A.U. León;León;León;60;Hombre
2025-03-30T18:19:00+02:00;2025-04-01T18:52:00+02:00;Domingo;Martes;ZBS Toro;Urbano;C.A.U. Salamanca;Salamanca;Salamanca;87;Mujer
2025-03-30T15:01:00+02:00;2025-04-03T18:13:00+02:00;Domingo;Jueves;ZBS Carbonero El Mayor;Rural;C.A. Segovia;Segovia;Segovia;69;Hombre
2025-03-30T12:13:00+02:00;2025-04-08T05:30:00+02:00;Domingo;Martes;ZBS Olmedo;Rural;H. Medina del Campo;Valladolid Este;Valladolid;97;Mujer
2025-03-30T01:46:00+01:00;2025-04-04T15:51:00+02:00;Domingo;Viernes;ZBS Ribera del Órbigo;Rural;C.A.U. León;León;León;76;Mujer
2025-03-30T01:04:00+01:00;2025-04-01T18:58:00+02:00;Domingo;Martes;ZBS Virgen de la Concha;Urbano;C.A.U. Salamanca;Salamanca;Salamanca;87;Mujer
2025-03-30T01:02:00+01:00;2025-04-15T15:04:00+02:00;Domingo;Martes;ZBS Villarrín;Rural;C.A. Zamora;Zamora;Zamora;95;Hombre
2025-03-30T00:14:00+01:00;2025-04-11T13:03:00+02:00;Sábado;Viernes;ZBS San Antonio;Urbano;H. El Bierzo;Bierzo;León;87;Hombre
2025-03-29T21:38:00+01:00;2025-04-12T10:07:00+02:00;Sábado;Sábado;ZBS Virgen de la Concha;Urbano;C.A. Zamora;Zamora;Zamora;95;Hombre
2025-03-29T19:22:00+01:00;2025-03-30T13:40:00+02:00;Sábado;Domingo;ZBS José Luis Santamaría;Urbano;H.C.U. Valladolid;Valladolid Este;Valladolid;46;Mujer
2025-03-29T18:45:00+01:00;2025-03-31T19:24:00+02:00;Sábado;Lunes;ZBS Plaza del Ejército;Urbano;H.C.U. Valladolid;Valladolid Este;Valladolid;87;Hombre
2025-03-29T17:56:00+01:00;2025-04-01T01:53:00+02:00;Sábado;Lunes;ZBS I. López Sáiz;Urbano;C.A.U. Burgos;Burgos;Burgos;88;Mujer
2025-03-29T17:04:00+01:00;2025-04-04T19:20:00+02:00;Sábado;Viernes;ZBS Soria Norte;Urbano;H.C.U. Valladolid;Valladolid Este;Valladolid;64;Mujer
2025-03-29T16:18:00+01:00;2025-04-02T17:25:00+02:00;Sábado;Miércoles;ZBS Cistierna;Rural;C.A.U. León;León;León;85;Mujer
2025-03-29T15:43:00+01:00;2025-04-08T01:46:00+02:00;Sábado;Lunes;ZBS Alta Sanabria;Rural;C.A.U. León;León;León;79;Hombre
2025-03-29T13:37:00+01:00;2025-03-29T19:04:00+01:00;Sábado;Sábado;ZBS José Luis Santamaría;Urbano;C.A.U. Burgos;Burgos;Burgos;46;Mujer
2025-03-29T13:34:00+01:00;2025-04-01T18:36:00+02:00;Sábado;Martes;ZBS Ciudad Rodrigo;Urbano;C.A.U. Salamanca;Salamanca;Salamanca;86;Hombre
2025-03-29T06:15:00+01:00;2025-04-11T18:00:00+02:00;Sábado;Viernes;ZBS Segovia Rural;Rural;C.A. Segovia;Segovia;Segovia;74;Mujer
2025-03-28T23:15:00+01:00;2025-04-02T18:32:00+02:00;Viernes;Miércoles;ZBS La Victoria;Urbano;H.C.U. Valladolid;Valladolid Este;Valladolid;81;Hombre
2025-03-28T21:40:00+01:00;2025-04-04T19:33:00+02:00;Viernes;Viernes;ZBS Valladolid Rural II;Rural;H.U. Río Hortega;Valladolid Oeste;Valladolid;80;Mujer
2025-03-28T21:22:00+01:00;2025-04-01T16:57:00+02:00;Viernes;Martes;ZBS Villafranca del Bierzo;Rural;H. El Bierzo;Bierzo;León;94;Hombre
2025-03-28T20:49:00+01:00;2025-04-02T16:42:00+02:00;Viernes;Miércoles;ZBS Villafrechós;Rural;H.C.U. Valladolid;Valladolid Este;Valladolid;60;Hombre
2025-03-28T20:31:00+01:00;2025-04-04T14:41:00+02:00;Viernes;Viernes;ZBS Ciudad Rodrigo;Urbano;C.A.U. Salamanca;Salamanca;Salamanca;67;Hombre
2025-03-28T20:24:00+01:00;2025-04-21T21:06:00+02:00;Viernes;Lunes;ZBS Sta. María del Páramo;Rural;C.A.U. León;León;León;72;Hombre
2025-03-28T20:09:00+01:00;2025-04-07T10:00:00+02:00;Viernes;Lunes;ZBS Virgen de la Concha;Urbano;C.A. Zamora;Zamora;Zamora;88;Hombre
2025-03-28T17:59:00+01:00;2025-04-02T19:00:00+02:00;Viernes;Miércoles;ZBS Laguna de Duero;Rural;H.U. Río Hortega;Valladolid Oeste;Valladolid;70;Mujer
2025-03-28T17:57:00+01:00;2025-04-03T17:43:00+02:00;Viernes;Jueves;ZBS Los Cubos;Urbano;C.A.U. Burgos;Burgos;Burgos;57;Hombre
2025-03-28T17:27:00+01:00;2025-04-03T16:12:00+02:00;Viernes;Jueves;ZBS Mombeltrán;Rural;C.A. Ávila;Ávila;Ávila;41;Hombre
2025-03-28T16:00:00+01:00;2025-04-15T18:29:00+02:00;Viernes;Martes;ZBS El Espinar;Rural;C.A. Segovia;Segovia;Segovia;91;Hombre
2025-03-28T15:41:00+01:00;2025-04-02T14:46:00+02:00;Viernes;Miércoles;ZBS Jardinillos;Urbano;H.C.U. Valladolid;Valladolid Este;Valladolid;73;Hombre
2025-03-28T13:48:00+01:00;2025-04-03T18:22:00+02:00;Viernes;Jueves;ZBS Santa Clara;Urbano;C.A.U. Burgos;Burgos;Burgos;72;Hombre
2025-03-28T02:19:00+01:00;2025-04-01T19:42:00+02:00;Viernes;Martes;ZBS Guardo;Rural;C.A.U. Palencia;Palencia;Palencia;65;Mujer
2025-03-28T00:07:00+01:00;2025-04-02T17:47:00+02:00;Jueves;Miércoles;ZBS San Juan;Urbano;C.A.U. Salamanca;Salamanca;Salamanca;84;Hombre
2025-03-27T21:45:00+01:00;2025-04-01T18:31:00+02:00;Jueves;Martes;ZBS Arturo Eyries;Urbano;H.U. Río Hortega;Valladolid Oeste;Valladolid;79;Hombre
2025-03-27T21:40:00+01:00;2025-04-01T15:57:00+02:00;Jueves;Martes;ZBS San Antonio;Urbano;H. El Bierzo;Bierzo;León;69;Hombre
2025-03-27T16:27:00+01:00;2025-04-07T14:17:00+02:00;Jueves;Lunes;ZBS Tudela;Rural;H.C.U. Valladolid;Valladolid Este;Valladolid;83;Hombre
2025-03-27T16:17:00+01:00;2025-04-02T15:45:00+02:00;Jueves;Miércoles;ZBS San Agustín;Urbano;C.A.U. Burgos;Burgos;Burgos;67;Mujer
2025-03-27T15:47:00+01:00;2025-04-14T22:49:00+02:00;Jueves;Lunes;ZBS Burgos Rural Sur;Rural;C.A.U. Burgos;Burgos;Burgos;59;Mujer
2025-03-27T14:31:00+01:00;2025-04-29T13:19:00+02:00;Jueves;Martes;ZBS Medina del Campo Urbano;Urbano;H.C.U. Valladolid;Valladolid Este;Valladolid;84;Mujer
2025-03-27T14:24:00+01:00;2025-04-02T19:06:00+02:00;Jueves;Miércoles;ZBS Delicias II;Urbano;H.U. Río Hortega;Valladolid Oeste;Valladolid;32;Mujer
2025-03-27T11:18:00+01:00;2025-04-02T20:38:00+02:00;Jueves;Miércoles;ZBS José Aguado II;Urbano;C.A.U. León;León;León;85;Mujer
2025-03-27T10:58:00+01:00;2025-04-02T16:42:00+02:00;Jueves;Miércoles;ZBS Peñafiel;Rural;H.C.U. Valladolid;Valladolid Este;Valladolid;35;Hombre
2025-03-27T08:28:00+01:00;2025-03-27T20:43:00+01:00;Jueves;Jueves;ZBS Cebreros;Rural;C.A. Ávila;Ávila;Ávila;92;Mujer
2025-03-27T05:19:00+01:00;2025-04-01T20:03:00+02:00;Jueves;Martes;ZBS Pedrosillo el Ralo;Rural;C.A.U. Salamanca;Salamanca;Salamanca;85;Mujer
2025-03-27T02:57:00+01:00;2025-04-02T19:00:00+02:00;Jueves;Miércoles;ZBS Huerta del Rey;Urbano;H.U. Río Hortega;Valladolid Oeste;Valladolid;80;Mujer
2025-03-27T01:03:00+01:00;2025-04-02T22:40:00+02:00;Jueves;Miércoles;ZBS San Pablo;Urbano;H.C.U. Valladolid;Valladolid Este;Valladolid;88;Mujer
2025-03-27T00:14:00+01:00;2025-04-02T18:25:00+02:00;Miércoles;Miércoles;ZBS Bierzo;Urbano;H. El Bierzo;Bierzo;León;90;Mujer
2025-03-27T00:14:00+01:00;2025-03-28T18:08:00+01:00;Miércoles;Viernes;ZBS Valencia de D. Juan;Rural;C.A.U. León;León;León;69;Hombre
2025-03-26T21:20:00+01:00;2025-04-04T16:09:00+02:00;Miércoles;Viernes;ZBS Villafranca del Bierzo;Rural;H. El Bierzo;Bierzo;León;73;Hombre
2025-03-26T20:27:00+01:00;2025-03-29T09:54:00+01:00;Miércoles;Sábado;ZBS Miranda Este;Urbano;H. Santiago Apóstol;Burgos;Burgos;89;Mujer
2025-03-26T20:08:00+01:00;2025-04-02T18:06:00+02:00;Miércoles;Miércoles;ZBS Gómara;Rural;C.A. Soria;Soria;Soria;88;Mujer
2025-03-26T19:31:00+01:00;2025-04-07T13:21:00+02:00;Miércoles;Lunes;ZBS Carrión de los Condes;Rural;C.A.U. Palencia;Palencia;Palencia;59;Hombre
2025-03-26T19:30:00+01:00;2025-04-02T17:00:00+02:00;Miércoles;Miércoles;ZBS Trobajo del Camino;Rural;C.A.U. León;León;León;85;Hombre
2025-03-26T18:55:00+01:00;2025-03-28T13:17:00+01:00;Miércoles;Viernes;ZBS Alcañices;Rural;C.A. Zamora;Zamora;Zamora;93;Hombre
2025-03-26T18:35:00+01:00;2025-03-31T04:27:00+02:00;Miércoles;Lunes;ZBS La Guareña;Rural;C.A. Zamora;Zamora;Zamora;88;Hombre
2025-03-26T17:22:00+01:00;2025-04-01T15:37:00+02:00;Miércoles;Martes;ZBS Zamora Sur;Rural;C.A. Zamora;Zamora;Zamora;85;Mujer
2025-03-26T16:36:00+01:00;2025-04-08T23:47:00+02:00;Miércoles;Martes;ZBS Pizarrales-Vidal;Urbano;C.A.U. Salamanca;Salamanca;Salamanca;81;Hombre
2025-03-26T16:32:00+01:00;2025-04-09T18:03:00+02:00;Miércoles;Miércoles;ZBS El Espinar;Rural;C.A. Segovia;Segovia;Segovia;45;Hombre
2025-03-26T16:23:00+01:00;2025-03-28T12:42:00+01:00;Miércoles;Viernes;ZBS Camarzana de Tera;Rural;C.A. Zamora;Zamora;Zamora;85;Mujer
2025-03-26T15:41:00+01:00;2025-04-04T19:59:00+02:00;Miércoles;Viernes;ZBS Las Huelgas;Urbano;C.A.U. Burgos;Burgos;Burgos;83;Mujer
2025-03-26T14:57:00+01:00;2025-03-28T13:02:00+01:00;Miércoles;Viernes;ZBS Las Huelgas;Urbano;C.A.U. Burgos;Burgos;Burgos;40;Hombre
2025-03-26T12:00:00+01:00;2025-03-28T21:03:00+01:00;Miércoles;Viernes;ZBS Aranda Sur;Urbano;C.A.U. Burgos;Burgos;Burgos;62;Mujer
2025-03-26T01:06:00+01:00;2025-04-07T16:07:00+02:00;Miércoles;Lunes;ZBS Periurbana Sur;Rural;C.A. Ávila;Ávila;Ávila;92;Mujer
2025-03-26T00:38:00+01:00;2025-04-06T21:27:00+02:00;Martes;Domingo;ZBS Ponferrada III;Urbano;H. El Bierzo;Bierzo;León;87;Mujer
2025-03-25T21:35:00+01:00;2025-04-01T13:16:00+02:00;Martes;Martes;ZBS Jardinillos;Urbano;C.A.U. Palencia;Palencia;Palencia;65;Hombre
2025-03-25T20:48:00+01:00;2025-03-31T17:49:00+02:00;Martes;Lunes;ZBS Aranda Rural;Rural;C.A.U. Burgos;Burgos;Burgos;54;Hombre
2025-03-25T20:20:00+01:00;2025-04-04T15:30:00+02:00;Martes;Viernes;ZBS Villarrín;Rural;C.A. Zamora;Zamora;Zamora;87;Mujer
2025-03-25T19:06:00+01:00;2025-04-07T18:14:00+02:00;Martes;Lunes;ZBS Aranda Norte;Urbano;C.A.U. Burgos;Burgos;Burgos;51;Hombre
2025-03-25T18:27:00+01:00;2025-03-27T18:24:00+01:00;Martes;Jueves;ZBS Pedrosillo el Ralo;Rural;C.A.U. Salamanca;Salamanca;Salamanca;89;Hombre
2025-03-25T18:26:00+01:00;2025-03-28T16:46:00+01:00;Martes;Viernes;ZBS Gamonal Antigua;Urbano;C.A.U. Burgos;Burgos;Burgos;54;Hombre
2025-03-25T18:24:00+01:00;2025-03-28T17:53:00+01:00;Martes;Viernes;ZBS Periurbana Norte;Rural;C.A.U. Salamanca;Salamanca;Salamanca;71;Mujer
2025-03-25T17:49:00+01:00;2025-04-02T18:32:00+02:00;Martes;Miércoles;ZBS De la Puebla;Urbano;H.C.U. Valladolid;Valladolid Este;Valladolid;60;Hombre
2025-03-25T12:40:00+01:00;2025-04-04T17:48:00+02:00;Martes;Viernes;ZBS Astorga I;Urbano;C.A.U. León;León;León;74;Mujer
2025-03-25T12:10:00+01:00;2025-03-27T17:38:00+01:00;Martes;Jueves;ZBS Garrido Sur;Urbano;C.A.U. Salamanca;Salamanca;Salamanca;77;Hombre
2025-03-25T03:14:00+01:00;2025-04-04T15:47:00+02:00;Martes;Viernes;ZBS Villarrín;Rural;C.A. Zamora;Zamora;Zamora;94;Hombre
2025-03-25T02:15:00+01:00;2025-05-12T13:49:00+02:00;Martes;Lunes;ZBS Carbonero El Mayor;Rural;H.C.U. Valladolid;Valladolid Este;Valladolid;59;Hombre
2025-03-25T01:10:00+01:00;2025-03-26T16:33:00+01:00;Martes;Miércoles;ZBS Zamora Sur;Rural;C.A.U. Salamanca;Salamanca;Salamanca;85;Mujer
2025-03-24T23:40:00+01:00;2025-03-27T18:41:00+01:00;Lunes;Jueves;ZBS Madrigal de las Altas Torres;Rural;C.A. Ávila;Ávila;Ávila;78;Hombre
2025-03-24T22:38:00+01:00;2025-03-27T16:54:00+01:00;Lunes;Jueves;ZBS Arévalo;Urbano;C.A. Ávila;Ávila;Ávila;62;Hombre
2025-03-24T21:49:00+01:00;2025-03-24T22:14:00+01:00;Lunes;Lunes;ZBS Carbonero El Mayor;Rural;C.A. Segovia;Segovia;Segovia;59;Hombre
2025-03-24T20:26:00+01:00;2025-03-31T17:47:00+02:00;Lunes;Lunes;ZBS Burgohondo;Rural;C.A. Ávila;Ávila;Ávila;78;Mujer
2025-03-24T20:25:00+01:00;2025-03-27T14:59:00+01:00;Lunes;Jueves;ZBS Ávila Rural;Rural;C.A. Ávila;Ávila;Ávila;64;Hombre
2025-03-24T20:12:00+01:00;2025-03-28T17:52:00+01:00;Lunes;Viernes;ZBS Elena Ginel Díez;Urbano;C.A.U. Salamanca;Salamanca;Salamanca;88;Mujer
2025-03-24T19:41:00+01:00;2025-03-28T15:18:00+01:00;Lunes;Viernes;ZBS Cacabelos;Rural;H. El Bierzo;Bierzo;León;84;Hombre
2025-03-24T16:52:00+01:00;2025-03-31T18:20:00+02:00;Lunes;Lunes;ZBS Soria Sur;Urbano;C.A. Soria;Soria;Soria;88;Hombre
2025-03-24T15:42:00+01:00;2025-03-28T16:11:00+01:00;Lunes;Viernes;ZBS Aranda Sur;Urbano;H. Santos Reyes;Burgos;Burgos;73;Hombre
2025-03-24T13:32:00+01:00;2025-03-27T18:29:00+01:00;Lunes;Jueves;ZBS Villoria;Rural;C.A.U. Salamanca;Salamanca;Salamanca;86;Hombre
2025-03-24T12:56:00+01:00;2025-03-26T20:44:00+01:00;Lunes;Miércoles;ZBS La Guareña;Rural;C.A.U. Salamanca;Salamanca;Salamanca;88;Hombre
2025-03-24T12:36:00+01:00;2025-04-01T14:57:00+02:00;Lunes;Martes;ZBS Rondilla I;Urbano;H.C.U. Valladolid;Valladolid Este;Valladolid;84;Mujer
2025-03-24T01:26:00+01:00;2025-03-31T15:56:00+02:00;Lunes;Lunes;ZBS Benavente Norte;Urbano;C.A. Zamora;Zamora;Zamora;81;Hombre
2025-03-24T01:03:00+01:00;2025-03-25T20:47:00+01:00;Lunes;Martes;Zona Desconocida;Otra;C.A. Ávila;Ávila;Ávila;91;Hombre
2025-03-24T00:54:00+01:00;2025-03-24T07:00:00+01:00;Domingo;Lunes;ZBS La Bañeza I;Urbano;C.A.U. León;León;León;69;Hombre
2025-03-23T21:49:00+01:00;2025-03-27T19:30:00+01:00;Domingo;Jueves;ZBS Eras de Renueva;Urbano;C.A.U. León;León;León;87;Mujer
2025-03-23T21:46:00+01:00;2025-03-26T16:37:00+01:00;Domingo;Miércoles;ZBS Pizarrales-Vidal;Urbano;C.A.U. Salamanca;Salamanca;Salamanca;80;Hombre
2025-03-23T20:30:00+01:00;2025-03-25T12:04:00+01:00;Domingo;Martes;ZBS Palencia Rural;Rural;C.A.U. Palencia;Palencia;Palencia;89;Mujer
2025-03-23T17:52:00+01:00;2025-03-31T09:20:00+02:00;Domingo;Lunes;ZBS Eras de Renueva;Urbano;C.A.U. León;León;León;64;Hombre
2025-03-23T17:43:00+01:00;2025-03-31T14:19:00+02:00;Domingo;Lunes;ZBS Venta de Baños;Rural;H.C.U. Valladolid;Valladolid Este;Valladolid;68;Hombre
2025-03-23T17:30:00+01:00;2025-03-26T18:32:00+01:00;Domingo;Miércoles;ZBS Carrión de los Condes;Rural;H.C.U. Valladolid;Valladolid Este;Valladolid;59;Hombre
2025-03-23T16:58:00+01:00;2025-03-25T17:38:00+01:00;Domingo;Martes;ZBS Camarzana de Tera;Rural;C.A.U. León;León;León;51;Hombre
2025-03-23T16:08:00+01:00;2025-03-28T13:12:00+01:00;Domingo;Viernes;ZBS Zamora Sur;Rural;C.A. Zamora;Zamora;Zamora;90;Hombre
2025-03-23T15:01:00+01:00;2025-03-27T16:16:00+01:00;Domingo;Jueves;ZBS Elena Ginel Díez;Urbano;C.A.U. Salamanca;Salamanca;Salamanca;89;Mujer
2025-03-23T12:39:00+01:00;2025-03-25T16:40:00+01:00;Domingo;Martes;ZBS San Agustín;Urbano;C.A.U. Burgos;Burgos;Burgos;53;Hombre
2025-03-23T04:30:00+01:00;2025-03-24T15:38:00+01:00;Domingo;Lunes;ZBS Cacabelos;Rural;C.A.U. León;León;León;48;Hombre
2025-03-23T03:34:00+01:00;2025-03-27T14:06:00+01:00;Domingo;Jueves;ZBS Corrales del Vino;Rural;C.A. Zamora;Zamora;Zamora;90;Mujer
2025-03-22T20:57:00+01:00;2025-03-27T12:57:00+01:00;Sábado;Jueves;ZBS Villalpando;Rural;C.A. Zamora;Zamora;Zamora;91;Hombre
2025-03-22T20:34:00+01:00;2025-03-25T18:19:00+01:00;Sábado;Martes;ZBS Bermillo de Sayago;Rural;C.A.U. Salamanca;Salamanca;Salamanca;82;Hombre
2025-03-22T18:49:00+01:00;2025-03-25T18:11:00+01:00;Sábado;Martes;ZBS Frómista;Rural;C.A.U. Palencia;Palencia;Palencia;66;Mujer
2025-03-22T18:48:00+01:00;2025-04-11T13:46:00+02:00;Sábado;Viernes;ZBS Segovia I;Urbano;H.U. Río Hortega;Valladolid Oeste;Valladolid;81;Mujer
2025-03-22T17:42:00+01:00;2025-04-16T20:42:00+02:00;Sábado;Miércoles;ZBS Sta. María del Páramo;Rural;C.A.U. León;León;León;80;Hombre
2025-03-22T15:22:00+01:00;2025-03-27T19:52:00+01:00;Sábado;Jueves;ZBS Cigales;Rural;H.C.U. Valladolid;Valladolid Este;Valladolid;81;Mujer
2025-03-22T15:18:00+01:00;2025-03-23T00:30:00+01:00;Sábado;Sábado;ZBS Segovia I;Urbano;C.A. Segovia;Segovia;Segovia;104;Mujer
2025-03-22T15:14:00+01:00;2025-04-02T18:29:00+02:00;Sábado;Miércoles;ZBS Burgos Rural Norte;Rural;C.A.U. Burgos;Burgos;Burgos;86;Hombre
2025-03-22T12:24:00+01:00;2025-03-27T16:38:00+01:00;Sábado;Jueves;ZBS Segovia II;Urbano;C.A. Segovia;Segovia;Segovia;65;Hombre
2025-03-22T03:18:00+01:00;2025-03-31T19:01:00+02:00;Sábado;Lunes;ZBS Carrión de los Condes;Rural;C.A.U. Palencia;Palencia;Palencia;88;Mujer
2025-03-22T03:02:00+01:00;2025-03-31T16:05:00+02:00;Sábado;Lunes;ZBS Gamazo;Urbano;H.C.U. Valladolid;Valladolid Este;Valladolid;73;Mujer
2025-03-22T01:09:00+01:00;2025-03-28T19:19:00+01:00;Sábado;Viernes;ZBS Valderas;Rural;C.A.U. León;León;León;84;Mujer
2025-03-22T00:49:00+01:00;2025-03-24T19:31:00+01:00;Viernes;Lunes;ZBS Burgohondo;Rural;C.A.U. Salamanca;Salamanca;Salamanca;78;Mujer
2025-03-22T00:44:00+01:00;2025-03-23T11:54:00+01:00;Viernes;Domingo;ZBS Guijuelo;Rural;C.A.U. Salamanca;Salamanca;Salamanca;69;Hombre
2025-03-21T20:50:00+01:00;2025-03-27T16:39:00+01:00;Viernes;Jueves;ZBS Puerta Nueva;Urbano;C.A. Zamora;Zamora;Zamora;78;Mujer
2025-03-21T20:48:00+01:00;2025-03-25T16:42:00+01:00;Viernes;Martes;ZBS San Agustín;Urbano;C.A.U. Burgos;Burgos;Burgos;68;Hombre
2025-03-21T20:15:00+01:00;2025-03-27T15:54:00+01:00;Viernes;Jueves;ZBS José Aguado I;Urbano;C.A.U. León;León;León;56;Hombre
2025-03-21T19:37:00+01:00;2025-05-06T17:50:00+02:00;Viernes;Martes;ZBS Ólvega;Rural;C.A. Soria;Soria;Soria;86;Hombre
2025-03-21T19:20:00+01:00;2025-03-26T17:01:00+01:00;Viernes;Miércoles;ZBS Eras de Renueva;Urbano;C.A.U. León;León;León;81;Mujer
2025-03-21T19:06:00+01:00;2025-03-25T16:40:00+01:00;Viernes;Martes;ZBS Canterac;Urbano;H.C.U. Valladolid;Valladolid Este;Valladolid;82;Mujer
2025-03-21T18:19:00+01:00;2025-03-30T17:18:00+02:00;Viernes;Domingo;ZBS Ávila Sur Oeste;Urbano;C.A.U. Salamanca;Salamanca;Salamanca;69;Hombre
2025-03-21T17:55:00+01:00;2025-03-24T19:17:00+01:00;Viernes;Lunes;ZBS Ávila Rural;Rural;C.A.U. Salamanca;Salamanca;Salamanca;64;Hombre
2025-03-21T16:39:00+01:00;2025-03-24T19:43:00+01:00;Viernes;Lunes;ZBS Arévalo;Urbano;H.C.U. Valladolid;Valladolid Este;Valladolid;62;Hombre
2025-03-21T14:55:00+01:00;2025-03-27T17:04:00+01:00;Viernes;Jueves;ZBS José Luis Santamaría;Urbano;C.A.U. Burgos;Burgos;Burgos;94;Mujer
2025-03-21T14:38:00+01:00;2025-04-28T16:01:00+02:00;Viernes;Lunes;ZBS Serrada;Rural;H.C.U. Valladolid;Valladolid Este;Valladolid;89;Hombre
2025-03-21T14:30:00+01:00;2025-03-25T10:49:00+01:00;Viernes;Martes;ZBS Zamora Sur;Rural;C.A. Zamora;Zamora;Zamora;81;Hombre
2025-03-21T14:09:00+01:00;2025-03-22T01:00:00+01:00;Viernes;Sábado;ZBS Gamazo;Urbano;C.A. Segovia;Segovia;Segovia;73;Mujer
2025-03-21T11:14:00+01:00;2025-03-27T14:59:00+01:00;Viernes;Jueves;ZBS Plaza del Ejército;Urbano;H.U. Río Hortega;Valladolid Oeste;Valladolid;81;Hombre
2025-03-21T04:14:00+01:00;2025-03-26T20:04:00+01:00;Viernes;Miércoles;ZBS Paredes de Nava;Rural;C.A.U. Palencia;Palencia;Palencia;91;Hombre
2025-03-21T03:40:00+01:00;2025-04-02T15:16:00+02:00;Viernes;Miércoles;ZBS Santa Marta de Tormes;Rural;C.A.U. Salamanca;Salamanca;Salamanca;80;Hombre
2025-03-21T01:27:00+01:00;2025-03-21T18:46:00+01:00;Viernes;Viernes;ZBS Burgos Rural Sur;Rural;C.A.U. Burgos;Burgos;Burgos;93;Mujer
2025-03-21T01:26:00+01:00;2025-04-01T15:58:00+02:00;Viernes;Martes;ZBS Bembibre;Rural;H. El Bierzo;Bierzo;León;82;Hombre
2025-03-21T01:02:00+01:00;2025-03-25T16:40:00+01:00;Viernes;Martes;ZBS Gamonal las Torres;Urbano;C.A.U. Burgos;Burgos;Burgos;79;Hombre
2025-03-21T00:14:00+01:00;2025-03-31T21:15:00+02:00;Jueves;Lunes;ZBS Astorga I;Urbano;C.A.U. León;León;León;63;Mujer
2025-03-20T22:20:00+01:00;2025-03-23T14:28:00+01:00;Jueves;Domingo;ZBS Nava de la Asunción;Rural;C.A. Segovia;Segovia;Segovia;61;Hombre
2025-03-20T22:14:00+01:00;2025-03-25T19:51:00+01:00;Jueves;Martes;ZBS Parque Alameda-Covaresa;Urbano;H.U. Río Hortega;Valladolid Oeste;Valladolid;86;Hombre
2025-03-20T21:43:00+01:00;2025-03-25T12:33:00+01:00;Jueves;Martes;ZBS Bermillo de Sayago;Rural;C.A. Zamora;Zamora;Zamora;57;Hombre
2025-03-20T19:44:00+01:00;2025-03-28T15:03:00+01:00;Jueves;Viernes;ZBS Ponferrada IV;Urbano;H. El Bierzo;Bierzo;León;87;Hombre
2025-03-20T19:39:00+01:00;2025-04-01T20:28:00+02:00;Jueves;Martes;ZBS Las Huelgas;Urbano;C.A.U. Burgos;Burgos;Burgos;95;Mujer
2025-03-20T17:50:00+01:00;2025-03-25T16:40:00+01:00;Jueves;Martes;ZBS Canterac;Urbano;H.C.U. Valladolid;Valladolid Este;Valladolid;84;Mujer
2025-03-20T17:43:00+01:00;2025-03-23T21:35:00+01:00;Jueves;Domingo;ZBS Pintor Oliva;Urbano;H.C.U. Valladolid;Valladolid Este;Valladolid;57;Hombre
2025-03-20T17:14:00+01:00;2025-04-08T14:48:00+02:00;Jueves;Martes;ZBS Benavente Sur;Urbano;C.A. Zamora;Zamora;Zamora;88;Mujer
2025-03-20T16:57:00+01:00;2025-03-30T22:18:00+02:00;Jueves;Domingo;ZBS Aranda Sur;Urbano;C.A.U. Burgos;Burgos;Burgos;81;Hombre
2025-03-20T16:47:00+01:00;2025-03-21T00:59:00+01:00;Jueves;Jueves;ZBS Baltanás;Rural;C.A.U. Palencia;Palencia;Palencia;84;Mujer
2025-03-20T16:34:00+01:00;2025-03-25T16:40:00+01:00;Jueves;Martes;ZBS Portillo;Rural;H.C.U. Valladolid;Valladolid Este;Valladolid;58;Mujer
2025-03-20T15:16:00+01:00;2025-04-01T11:08:00+02:00;Jueves;Martes;ZBS Benavente Sur;Urbano;C.A. Zamora;Zamora;Zamora;56;Mujer
2025-03-20T11:51:00+01:00;2025-03-27T18:30:00+01:00;Jueves;Jueves;ZBS Periurbana Sur;Rural;C.A.U. Salamanca;Salamanca;Salamanca;72;Mujer
2025-03-20T03:40:00+01:00;2025-04-02T14:58:00+02:00;Jueves;Miércoles;ZBS Santa Marta de Tormes;Rural;C.A.U. Salamanca;Salamanca;Salamanca;78;Mujer
2025-03-20T01:45:00+01:00;2025-03-24T15:40:00+01:00;Jueves;Lunes;ZBS Rondilla I;Urbano;H.C.U. Valladolid;Valladolid Este;Valladolid;52;Mujer
2025-03-20T01:18:00+01:00;2025-04-03T22:49:00+02:00;Jueves;Jueves;ZBS La Bañeza I;Urbano;C.A.U. León;León;León;43;Hombre
2025-03-20T00:21:00+01:00;2025-03-25T13:00:00+01:00;Miércoles;Martes;ZBS José Aguado II;Urbano;C.A.U. León;León;León;93;Hombre
2025-03-19T20:44:00+01:00;2025-04-15T11:00:00+02:00;Miércoles;Martes;ZBS Soria Norte;Urbano;C.A. Soria;Soria;Soria;38;Hombre
2025-03-19T20:13:00+01:00;2025-03-21T16:33:00+01:00;Miércoles;Viernes;ZBS Pisuerga;Rural;H.U. Río Hortega;Valladolid Oeste;Valladolid;80;Mujer
2025-03-19T20:12:00+01:00;2025-03-21T13:47:00+01:00;Miércoles;Viernes;ZBS Zamora Sur;Rural;C.A.U. Salamanca;Salamanca;Salamanca;81;Hombre
2025-03-19T20:11:00+01:00;2025-03-26T15:36:00+01:00;Miércoles;Miércoles;ZBS Barco de Ávila;Rural;C.A. Ávila;Ávila;Ávila;58;Hombre
2025-03-19T19:50:00+01:00;2025-03-27T14:21:00+01:00;Miércoles;Jueves;ZBS Parada del Molino;Urbano;C.A. Zamora;Zamora;Zamora;88;Mujer
2025-03-19T16:24:00+01:00;2025-03-25T18:35:00+01:00;Miércoles;Martes;ZBS Cantalejo;Rural;C.A. Segovia;Segovia;Segovia;81;Hombre
2025-03-19T15:47:00+01:00;2025-03-29T18:29:00+01:00;Miércoles;Sábado;ZBS Segovia Rural;Rural;C.A. Segovia;Segovia;Segovia;85;Hombre
2025-03-19T15:25:00+01:00;2025-03-20T18:30:00+01:00;Miércoles;Jueves;ZBS Segovia III;Urbano;C.A. Segovia;Segovia;Segovia;92;Mujer
2025-03-19T14:34:00+01:00;2025-03-24T18:31:00+01:00;Miércoles;Lunes;ZBS Cacabelos;Rural;C.A.U. León;León;León;84;Hombre
2025-03-19T14:30:00+01:00;2025-03-21T18:19:00+01:00;Miércoles;Viernes;ZBS Ólvega;Rural;C.A.U. Burgos;Burgos;Burgos;86;Hombre
2025-03-19T14:24:00+01:00;2025-03-25T18:09:00+01:00;Miércoles;Martes;ZBS Pintor Oliva;Urbano;C.A.U. Palencia;Palencia;Palencia;92;Mujer
2025-03-19T14:07:00+01:00;2025-03-26T16:35:00+01:00;Miércoles;Miércoles;ZBS Huerta del Rey;Urbano;H.U. Río Hortega;Valladolid Oeste;Valladolid;58;Mujer
2025-03-19T01:28:00+01:00;2025-03-25T16:35:00+01:00;Miércoles;Martes;ZBS Ciudad Rodrigo;Urbano;C.A.U. Salamanca;Salamanca;Salamanca;79;Hombre
2025-03-19T00:36:00+01:00;2025-03-21T21:09:00+01:00;Martes;Viernes;ZBS Garrido Norte;Urbano;C.A.U. Salamanca;Salamanca;Salamanca;89;Mujer
2025-03-19T00:04:00+01:00;2025-03-21T15:37:00+01:00;Martes;Viernes;ZBS Rondilla I;Urbano;H.C.U. Valladolid;Valladolid Este;Valladolid;45;Mujer
2025-03-18T20:20:00+01:00;2025-03-21T19:13:00+01:00;Martes;Viernes;ZBS Delicias II;Urbano;H.U. Río Hortega;Valladolid Oeste;Valladolid;67;Mujer
2025-03-18T19:30:00+01:00;2025-03-26T14:56:00+01:00;Martes;Miércoles;ZBS Soria Norte;Urbano;C.A. Soria;Soria;Soria;70;Mujer
2025-03-18T18:59:00+01:00;2025-03-21T21:08:00+01:00;Martes;Viernes;ZBS Bermillo de Sayago;Rural;C.A.U. Salamanca;Salamanca;Salamanca;79;Hombre
2025-03-18T17:04:00+01:00;2025-03-21T21:09:00+01:00;Martes;Viernes;ZBS Linares de Riofrío;Rural;C.A.U. Salamanca;Salamanca;Salamanca;85;Hombre
2025-03-18T13:40:00+01:00;2025-03-28T15:00:00+01:00;Martes;Viernes;ZBS Mansilla Mulas;Rural;C.A.U. León;León;León;63;Hombre
2025-03-18T11:57:00+01:00;2025-04-07T13:08:00+02:00;Martes;Lunes;ZBS Olmedo;Rural;H. Medina del Campo;Valladolid Este;Valladolid;85;Mujer
2025-03-18T11:22:00+01:00;2025-03-24T17:37:00+01:00;Martes;Lunes;ZBS Segovia II;Urbano;C.A. Segovia;Segovia;Segovia;53;Mujer
2025-03-17T23:16:00+01:00;2025-03-27T10:30:00+01:00;Lunes;Jueves;ZBS La Bañeza I;Urbano;C.A.U. León;León;León;89;Hombre
2025-03-17T22:08:00+01:00;2025-03-24T15:17:00+01:00;Lunes;Lunes;ZBS Ávila Norte;Urbano;C.A. Ávila;Ávila;Ávila;89;Hombre
2025-03-17T21:31:00+01:00;2025-03-22T20:06:00+01:00;Lunes;Sábado;ZBS Puerta Nueva;Urbano;C.A. Zamora;Zamora;Zamora;89;Mujer
2025-03-17T21:07:00+01:00;2025-04-03T11:41:00+02:00;Lunes;Jueves;ZBS Circunvalación;Urbano;H.C.U. Valladolid;Valladolid Este;Valladolid;86;Mujer
2025-03-17T20:02:00+01:00;2025-03-25T14:57:00+01:00;Lunes;Martes;ZBS Ávila Estación;Urbano;C.A. Ávila;Ávila;Ávila;63;Hombre
2025-03-17T19:52:00+01:00;2025-03-28T22:06:00+01:00;Lunes;Viernes;ZBS Elena Ginel Díez;Urbano;C.A.U. Salamanca;Salamanca;Salamanca;77;Mujer
2025-03-17T19:35:00+01:00;2025-03-20T15:43:00+01:00;Lunes;Jueves;ZBS Miranda Este;Urbano;C.A.U. Burgos;Burgos;Burgos;62;Hombre
2025-03-17T19:26:00+01:00;2025-03-21T17:42:00+01:00;Lunes;Viernes;ZBS Pintor Oliva;Urbano;C.A.U. Palencia;Palencia;Palencia;77;Hombre
2025-03-17T18:48:00+01:00;2025-04-30T21:26:00+02:00;Lunes;Miércoles;ZBS Armunia;Rural;C.A.U. León;León;León;64;Hombre
2025-03-17T18:37:00+01:00;2025-03-18T08:00:00+01:00;Lunes;Martes;ZBS Fabero;Rural;H. El Bierzo;Bierzo;León;81;Mujer
2025-03-17T18:37:00+01:00;2025-04-03T17:46:00+02:00;Lunes;Jueves;ZBS I. López Sáiz;Urbano;C.A.U. Burgos;Burgos;Burgos;50;Hombre
2025-03-17T18:19:00+01:00;2025-03-23T12:00:00+01:00;Lunes;Domingo;ZBS Medina del Campo Rural;Rural;H.C.U. Valladolid;Valladolid Este;Valladolid;80;Hombre
2025-03-17T17:31:00+01:00;2025-03-21T16:56:00+01:00;Lunes;Viernes;ZBS Guardo;Rural;C.A.U. León;León;León;74;Hombre
2025-03-17T11:49:00+01:00;2025-03-28T20:01:00+01:00;Lunes;Viernes;ZBS Eras de Renueva;Urbano;C.A.U. León;León;León;63;Hombre
2025-03-17T06:05:00+01:00;2025-03-21T20:53:00+01:00;Lunes;Viernes;ZBS Roa de Duero;Rural;C.A.U. Burgos;Burgos;Burgos;91;Mujer
2025-03-16T22:37:00+01:00;2025-03-27T10:43:00+01:00;Domingo;Jueves;ZBS San Pablo;Urbano;H.C.U. Valladolid;Valladolid Este;Valladolid;86;Hombre
2025-03-16T20:43:00+01:00;2025-03-19T18:59:00+01:00;Domingo;Miércoles;ZBS Soria Norte;Urbano;C.A.U. Burgos;Burgos;Burgos;38;Hombre
2025-03-16T19:56:00+01:00;2025-03-20T14:34:00+01:00;Domingo;Jueves;ZBS Barco de Ávila;Rural;C.A. Ávila;Ávila;Ávila;91;Mujer
2025-03-16T19:52:00+01:00;2025-03-20T11:30:00+01:00;Domingo;Jueves;ZBS Aranda Norte;Urbano;C.A.U. Burgos;Burgos;Burgos;66;Hombre
2025-03-16T19:29:00+01:00;2025-03-20T19:15:00+01:00;Domingo;Jueves;ZBS Canterac;Urbano;H.U. Río Hortega;Valladolid Oeste;Valladolid;93;Mujer
2025-03-16T17:14:00+01:00;2025-03-26T11:25:00+01:00;Domingo;Miércoles;ZBS Zamora Norte;Rural;C.A. Zamora;Zamora;Zamora;98;Hombre
2025-03-16T16:32:00+01:00;2025-03-17T15:23:00+01:00;Domingo;Lunes;ZBS Bembibre;Rural;H. El Bierzo;Bierzo;León;77;Mujer
2025-03-16T14:12:00+01:00;2025-03-31T21:17:00+02:00;Domingo;Lunes;ZBS García Lorca;Urbano;C.A.U. Burgos;Burgos;Burgos;86;Mujer
2025-03-16T11:50:00+01:00;2025-03-28T17:29:00+01:00;Domingo;Viernes;ZBS Bierzo;Urbano;C.A.U. León;León;León;49;Hombre
2025-03-16T01:41:00+01:00;2025-03-24T04:00:00+01:00;Domingo;Lunes;ZBS Segovia Rural;Rural;C.A. Segovia;Segovia;Segovia;84;Mujer
2025-03-16T00:18:00+01:00;2025-03-21T15:11:00+01:00;Sábado;Viernes;ZBS Bermillo de Sayago;Rural;C.A. Zamora;Zamora;Zamora;92;Hombre
2025-03-15T20:45:00+01:00;2025-04-03T22:09:00+02:00;Sábado;Jueves;ZBS Las Huelgas;Urbano;C.A.U. Burgos;Burgos;Burgos;78;Hombre
2025-03-15T19:30:00+01:00;2025-03-17T16:19:00+01:00;Sábado;Lunes;ZBS Ponferrada IV;Urbano;C.A.U. León;León;León;78;Hombre
2025-03-15T13:52:00+01:00;2025-03-18T19:41:00+01:00;Sábado;Martes;ZBS Armunia;Rural;C.A.U. León;León;León;72;Hombre
2025-03-15T10:33:00+01:00;2025-04-06T07:00:00+02:00;Sábado;Domingo;ZBS San Juan;Urbano;C.A.U. Salamanca;Salamanca;Salamanca;81;Hombre
2025-03-15T09:14:00+01:00;2025-03-26T18:55:00+01:00;Sábado;Miércoles;ZBS Gamazo;Urbano;H.C.U. Valladolid;Valladolid Este;Valladolid;71;Hombre
2025-03-15T07:55:00+01:00;2025-03-22T13:08:00+01:00;Sábado;Sábado;ZBS Armunia;Rural;C.A.U. León;León;León;82;Hombre
2025-03-15T02:55:00+01:00;2025-04-02T16:27:00+02:00;Sábado;Miércoles;ZBS Pintor Oliva;Urbano;C.A.U. Palencia;Palencia;Palencia;97;Mujer
2025-03-15T00:15:00+01:00;2025-03-20T14:24:00+01:00;Viernes;Jueves;ZBS Benavente Sur;Urbano;C.A.U. León;León;León;56;Mujer
2025-03-14T21:49:00+01:00;2025-03-18T21:40:00+01:00;Viernes;Martes;ZBS Eras de Renueva;Urbano;C.A.U. León;León;León;70;Hombre
2025-03-14T20:43:00+01:00;2025-03-29T15:17:00+01:00;Viernes;Sábado;ZBS Arévalo;Urbano;C.A. Ávila;Ávila;Ávila;79;Hombre
2025-03-14T20:31:00+01:00;2025-03-20T12:04:00+01:00;Viernes;Jueves;ZBS Virgen de la Concha;Urbano;C.A. Zamora;Zamora;Zamora;92;Mujer
2025-03-14T20:20:00+01:00;2025-04-14T11:08:00+02:00;Viernes;Lunes;ZBS Rondilla II;Urbano;H.C.U. Valladolid;Valladolid Este;Valladolid;78;Hombre
2025-03-14T19:20:00+01:00;2025-04-03T10:50:00+02:00;Viernes;Jueves;ZBS Virgen de la Concha;Urbano;C.A. Zamora;Zamora;Zamora;80;Hombre
2025-03-14T12:39:00+01:00;2025-03-24T18:14:00+01:00;Viernes;Lunes;ZBS Elena Ginel Díez;Urbano;C.A.U. Salamanca;Salamanca;Salamanca;78;Hombre
2025-03-14T11:43:00+01:00;2025-03-18T19:50:00+01:00;Viernes;Martes;ZBS Sahagún de Campos;Rural;C.A.U. León;León;León;83;Hombre
2025-03-14T10:47:00+01:00;2025-03-24T18:52:00+01:00;Viernes;Lunes;ZBS Almazán;Rural;C.A. Soria;Soria;Soria;86;Mujer
2025-03-14T03:43:00+01:00;2025-03-17T15:38:00+01:00;Viernes;Lunes;ZBS Gómara;Rural;C.A. Soria;Soria;Soria;86;Mujer
2025-03-14T01:19:00+01:00;2025-03-20T15:04:00+01:00;Viernes;Jueves;ZBS Segovia Rural;Rural;C.A. Segovia;Segovia;Segovia;69;Hombre
2025-03-14T00:43:00+01:00;2025-03-14T16:36:00+01:00;Jueves;Viernes;ZBS Cebreros;Rural;C.A. Ávila;Ávila;Ávila;92;Mujer
2025-03-14T00:36:00+01:00;2025-03-18T16:50:00+01:00;Jueves;Martes;ZBS Medina de Pomar;Rural;C.A.U. Burgos;Burgos;Burgos;64;Mujer
2025-03-14T00:10:00+01:00;2025-03-17T16:48:00+01:00;Jueves;Lunes;ZBS Medina del Campo Urbano;Urbano;H. Medina del Campo;Valladolid Este;Valladolid;85;Mujer
2025-03-13T21:53:00+01:00;2025-03-24T15:26:00+01:00;Jueves;Lunes;ZBS Delicias I;Urbano;H.U. Río Hortega;Valladolid Oeste;Valladolid;59;Mujer
2025-03-13T21:48:00+01:00;2025-04-01T16:40:00+02:00;Jueves;Martes;ZBS Peñaranda;Rural;C.A. Ávila;Ávila;Ávila;77;Hombre
2025-03-13T21:47:00+01:00;2025-04-02T19:02:00+02:00;Jueves;Miércoles;ZBS Periurbana Norte;Rural;C.A.U. Salamanca;Salamanca;Salamanca;81;Hombre
2025-03-13T16:56:00+01:00;2025-03-19T18:29:00+01:00;Jueves;Miércoles;ZBS José Aguado I;Urbano;C.A.U. León;León;León;80;Hombre
2025-03-13T14:48:00+01:00;2025-04-07T13:44:00+02:00;Jueves;Lunes;ZBS Salas de los Infantes;Rural;C.A.U. Burgos;Burgos;Burgos;75;Hombre
2025-03-13T01:31:00+01:00;2025-03-21T16:53:00+01:00;Jueves;Viernes;ZBS La Palomera;Urbano;C.A.U. León;León;León;46;Hombre
2025-03-12T22:21:00+01:00;2025-04-08T17:50:00+02:00;Miércoles;Martes;ZBS Medina del Campo Rural;Rural;H.C.U. Valladolid;Valladolid Este;Valladolid;57;Mujer
2025-03-12T20:28:00+01:00;2025-03-14T14:14:00+01:00;Miércoles;Viernes;ZBS Cigales;Rural;H.C.U. Valladolid;Valladolid Este;Valladolid;88;Mujer
2025-03-12T19:32:00+01:00;2025-03-17T11:01:00+01:00;Miércoles;Lunes;ZBS Virgen de la Concha;Urbano;C.A. Zamora;Zamora;Zamora;66;Hombre
2025-03-12T18:57:00+01:00;2025-03-17T20:02:00+01:00;Miércoles;Lunes;ZBS San Pedro Manrique;Rural;C.A. Soria;Soria;Soria;88;Mujer
2025-03-12T18:56:00+01:00;2025-03-18T02:33:00+01:00;Miércoles;Martes;ZBS Medina de Pomar;Rural;C.A.U. Burgos;Burgos;Burgos;77;Mujer
2025-03-12T15:33:00+01:00;2025-04-08T17:43:00+02:00;Miércoles;Martes;ZBS Sotillo de Adrada;Rural;C.A. Ávila;Ávila;Ávila;92;Mujer
2025-03-12T15:07:00+01:00;2025-04-04T16:40:00+02:00;Miércoles;Viernes;ZBS Miranda Oeste;Urbano;H. Santiago Apóstol;Burgos;Burgos;59;Hombre
2025-03-12T13:57:00+01:00;2025-03-14T19:16:00+01:00;Miércoles;Viernes;ZBS Arévalo;Urbano;C.A.U. Salamanca;Salamanca;Salamanca;53;Mujer
2025-03-12T02:17:00+01:00;2025-03-27T19:25:00+01:00;Miércoles;Jueves;ZBS La Bañeza I;Urbano;C.A.U. León;León;León;86;Mujer
2025-03-11T23:30:00+01:00;2025-03-13T21:22:00+01:00;Martes;Jueves;ZBS Peñaranda;Rural;C.A.U. Salamanca;Salamanca;Salamanca;77;Hombre
2025-03-11T22:11:00+01:00;2025-03-14T17:05:00+01:00;Martes;Viernes;ZBS Santa Clara;Urbano;C.A.U. Burgos;Burgos;Burgos;56;Hombre
2025-03-11T20:06:00+01:00;2025-04-14T19:47:00+02:00;Martes;Lunes;ZBS Segovia Rural;Rural;C.A. Segovia;Segovia;Segovia;69;Hombre
2025-03-11T19:15:00+01:00;2025-04-30T19:01:00+02:00;Martes;Miércoles;ZBS Peñafiel;Rural;H.C.U. Valladolid;Valladolid Este;Valladolid;91;Mujer
2025-03-11T18:34:00+01:00;2025-03-17T12:31:00+01:00;Martes;Lunes;ZBS Parada del Molino;Urbano;C.A. Zamora;Zamora;Zamora;89;Hombre
2025-03-11T18:27:00+01:00;2025-03-20T12:59:00+01:00;Martes;Jueves;ZBS Mayorga de Campos;Rural;H.U. Río Hortega;Valladolid Oeste;Valladolid;71;Hombre
2025-03-11T17:51:00+01:00;2025-03-13T14:56:00+01:00;Martes;Jueves;ZBS Ponferrada IV;Urbano;H. El Bierzo;Bierzo;León;79;Mujer
2025-03-11T17:19:00+01:00;2025-03-14T19:37:00+01:00;Martes;Viernes;ZBS La Victoria;Urbano;H.C.U. Valladolid;Valladolid Este;Valladolid;78;Mujer
2025-03-11T17:01:00+01:00;2025-03-18T19:56:00+01:00;Martes;Martes;ZBS Elena Ginel Díez;Urbano;C.A.U. Salamanca;Salamanca;Salamanca;89;Hombre
2025-03-11T16:48:00+01:00;2025-05-09T17:59:00+02:00;Martes;Viernes;ZBS José Luis Santamaría;Urbano;C.A.U. Burgos;Burgos;Burgos;48;Mujer
2025-03-11T16:24:00+01:00;2025-03-13T16:57:00+01:00;Martes;Jueves;ZBS Briviesca;Urbano;C.A.U. Burgos;Burgos;Burgos;80;Hombre
2025-03-11T13:54:00+01:00;2025-03-17T21:24:00+01:00;Martes;Lunes;ZBS Soria Rural;Rural;C.A. Soria;Soria;Soria;71;Hombre
2025-03-11T12:36:00+01:00;2025-03-17T15:12:00+01:00;Martes;Lunes;ZBS Laguna de Duero;Rural;H.C.U. Valladolid;Valladolid Este;Valladolid;79;Mujer
2025-03-11T03:10:00+01:00;2025-03-18T15:58:00+01:00;Martes;Martes;ZBS Pilarica;Urbano;H.C.U. Valladolid;Valladolid Este;Valladolid;75;Mujer
2025-03-10T23:08:00+01:00;2025-03-15T17:13:00+01:00;Lunes;Sábado;ZBS Ledesma;Rural;C.A.U. Salamanca;Salamanca;Salamanca;58;Hombre
2025-03-10T20:04:00+01:00;2025-03-20T12:59:00+01:00;Lunes;Jueves;ZBS Huerta del Rey;Urbano;H.U. Río Hortega;Valladolid Oeste;Valladolid;80;Mujer
2025-03-10T19:27:00+01:00;2025-03-12T16:35:00+01:00;Lunes;Miércoles;ZBS Los Comuneros;Urbano;C.A.U. Burgos;Burgos;Burgos;88;Hombre
2025-03-10T18:07:00+01:00;2025-03-17T18:09:00+01:00;Lunes;Lunes;ZBS Benavente Sur;Urbano;C.A. Zamora;Zamora;Zamora;76;Mujer
2025-03-10T17:16:00+01:00;2025-03-17T15:01:00+01:00;Lunes;Lunes;ZBS Circular;Urbano;H.C.U. Valladolid;Valladolid Este;Valladolid;78;Hombre
2025-03-10T17:06:00+01:00;2025-03-12T20:42:00+01:00;Lunes;Miércoles;Zona Desconocida;Otra;C.A.U. León;León;León;85;Hombre
2025-03-10T17:06:00+01:00;2025-03-19T16:16:00+01:00;Lunes;Miércoles;ZBS Cistierna;Rural;C.A.U. León;León;León;88;Mujer
2025-03-10T16:32:00+01:00;2025-03-14T14:50:00+01:00;Lunes;Viernes;ZBS Ponferrada III;Urbano;H. El Bierzo;Bierzo;León;79;Mujer
2025-03-10T16:30:00+01:00;2025-03-13T14:54:00+01:00;Lunes;Jueves;ZBS Villafranca del Bierzo;Rural;H. El Bierzo;Bierzo;León;67;Mujer
2025-03-10T16:09:00+01:00;2025-03-13T17:54:00+01:00;Lunes;Jueves;ZBS San Andrés del Rabanedo;Rural;C.A.U. León;León;León;78;Hombre
2025-03-10T14:56:00+01:00;2025-03-17T16:39:00+01:00;Lunes;Lunes;ZBS Villarcayo;Rural;C.A.U. Burgos;Burgos;Burgos;61;Hombre
2025-03-10T13:19:00+01:00;2025-03-14T20:12:00+01:00;Lunes;Viernes;ZBS Arévalo;Urbano;C.A.U. Salamanca;Salamanca;Salamanca;79;Hombre
2025-03-10T11:39:00+01:00;2025-04-05T12:46:00+02:00;Lunes;Sábado;ZBS Ólvega;Rural;C.A. Soria;Soria;Soria;89;Hombre
2025-03-10T08:33:00+01:00;2025-03-12T22:14:00+01:00;Lunes;Miércoles;ZBS Virgen de la Concha;Urbano;C.A.U. Salamanca;Salamanca;Salamanca;66;Hombre
2025-03-10T05:37:00+01:00;2025-03-16T23:25:00+01:00;Lunes;Domingo;ZBS Aranda Rural;Rural;H. Santos Reyes;Burgos;Burgos;98;Mujer
2025-03-09T21:35:00+01:00;2025-03-11T18:06:00+01:00;Domingo;Martes;ZBS Pintor Oliva;Urbano;C.A.U. Palencia;Palencia;Palencia;51;Hombre
2025-03-09T20:42:00+01:00;2025-03-11T18:31:00+01:00;Domingo;Martes;ZBS Segovia Rural;Rural;H.C.U. Valladolid;Valladolid Este;Valladolid;69;Hombre
2025-03-09T20:29:00+01:00;2025-03-11T23:00:00+01:00;Domingo;Martes;ZBS Periurbana Norte;Rural;C.A.U. Salamanca;Salamanca;Salamanca;68;Hombre
2025-03-09T20:15:00+01:00;2025-03-12T14:15:00+01:00;Domingo;Miércoles;ZBS Segovia III;Urbano;C.A. Segovia;Segovia;Segovia;82;Hombre
2025-03-09T18:56:00+01:00;2025-03-14T15:44:00+01:00;Domingo;Viernes;Zona Desconocida;Otra;H.C.U. Valladolid;Valladolid Este;Valladolid;52;Hombre
2025-03-09T18:51:00+01:00;2025-03-12T18:36:00+01:00;Domingo;Miércoles;ZBS Aguilar de Campoo;Rural;C.A.U. Palencia;Palencia;Palencia;97;Mujer
2025-03-09T15:42:00+01:00;2025-03-13T16:37:00+01:00;Domingo;Jueves;ZBS Cuéllar;Urbano;C.A. Segovia;Segovia;Segovia;93;Mujer
2025-03-09T15:23:00+01:00;2025-04-01T12:57:00+02:00;Domingo;Martes;ZBS Soria Rural;Rural;C.A. Soria;Soria;Soria;68;Hombre
2025-03-09T15:02:00+01:00;2025-03-12T16:45:00+01:00;Domingo;Miércoles;ZBS Parquesol;Urbano;H.U. Río Hortega;Valladolid Oeste;Valladolid;83;Hombre
2025-03-09T13:31:00+01:00;2025-03-15T21:20:00+01:00;Domingo;Sábado;ZBS Soria Rural;Rural;C.A. Soria;Soria;Soria;94;Mujer
2025-03-09T12:02:00+01:00;2025-03-11T16:09:00+01:00;Domingo;Martes;ZBS San Andrés del Rabanedo;Rural;C.A.U. León;León;León;62;Hombre
2025-03-08T23:20:00+01:00;2025-03-12T19:47:00+01:00;Sábado;Miércoles;ZBS De la Puebla;Urbano;H.C.U. Valladolid;Valladolid Este;Valladolid;71;Hombre
2025-03-08T21:01:00+01:00;2025-03-26T13:22:00+01:00;Sábado;Miércoles;ZBS Segovia II;Urbano;C.A. Segovia;Segovia;Segovia;93;Mujer
2025-03-08T20:02:00+01:00;2025-03-14T23:50:00+01:00;Sábado;Viernes;ZBS Garrido Sur;Urbano;C.A.U. Salamanca;Salamanca;Salamanca;82;Mujer
2025-03-08T17:56:00+01:00;2025-03-13T15:20:00+01:00;Sábado;Jueves;ZBS Huerta del Rey;Urbano;H.C.U. Valladolid;Valladolid Este;Valladolid;79;Hombre
2025-03-08T17:39:00+01:00;2025-03-11T14:51:00+01:00;Sábado;Martes;ZBS Ponferrada IV;Urbano;H. El Bierzo;Bierzo;León;82;Mujer
2025-03-08T17:05:00+01:00;2025-03-12T21:55:00+01:00;Sábado;Miércoles;ZBS Medina de Pomar;Rural;C.A.U. Burgos;Burgos;Burgos;60;Mujer
2025-03-08T16:32:00+01:00;2025-03-13T17:18:00+01:00;Sábado;Jueves;ZBS Venta de Baños;Rural;C.A.U. Palencia;Palencia;Palencia;95;Mujer
2025-03-08T16:07:00+01:00;2025-03-11T17:06:00+01:00;Sábado;Martes;ZBS Parada del Molino;Urbano;C.A.U. Salamanca;Salamanca;Salamanca;89;Hombre
2025-03-08T16:00:00+01:00;2025-03-18T18:10:00+01:00;Sábado;Martes;ZBS Cristobal Acosta;Urbano;C.A.U. Burgos;Burgos;Burgos;71;Hombre
2025-03-08T14:38:00+01:00;2025-03-18T18:10:00+01:00;Sábado;Martes;ZBS Gamonal las Torres;Urbano;C.A.U. Burgos;Burgos;Burgos;87;Hombre
2025-03-08T02:57:00+01:00;2025-03-19T19:02:00+01:00;Sábado;Miércoles;ZBS Carbonero El Mayor;Rural;C.A. Segovia;Segovia;Segovia;75;Hombre
2025-03-08T00:09:00+01:00;2025-03-11T21:12:00+01:00;Viernes;Martes;ZBS Condesa;Urbano;C.A.U. León;León;León;67;Mujer
2025-03-07T21:57:00+01:00;2025-03-11T15:40:00+01:00;Viernes;Martes;ZBS Villafranca del Bierzo;Rural;H. El Bierzo;Bierzo;León;94;Mujer
2025-03-07T21:24:00+01:00;2025-03-09T13:47:00+01:00;Viernes;Domingo;ZBS Cuéllar;Urbano;H.C.U. Valladolid;Valladolid Este;Valladolid;93;Mujer
2025-03-07T19:32:00+01:00;2025-03-14T15:44:00+01:00;Viernes;Viernes;ZBS Tudela;Rural;H.C.U. Valladolid;Valladolid Este;Valladolid;73;Hombre
2025-03-07T19:13:00+01:00;2025-03-13T16:52:00+01:00;Viernes;Jueves;ZBS Gamonal Antigua;Urbano;C.A.U. Burgos;Burgos;Burgos;64;Hombre
2025-03-07T17:54:00+01:00;2025-03-07T19:11:00+01:00;Viernes;Viernes;ZBS Cuéllar;Urbano;C.A. Segovia;Segovia;Segovia;93;Mujer
2025-03-07T16:56:00+01:00;2025-03-10T07:06:00+01:00;Viernes;Lunes;ZBS Aranda Norte;Urbano;H. Santos Reyes;Burgos;Burgos;87;Hombre
2025-03-07T14:43:00+01:00;2025-03-10T11:19:00+01:00;Viernes;Lunes;ZBS Virgen de la Concha;Urbano;C.A. Zamora;Zamora;Zamora;82;Hombre
2025-03-07T14:24:00+01:00;2025-03-12T15:20:00+01:00;Viernes;Miércoles;ZBS Ávila Sur Oeste;Urbano;C.A. Ávila;Ávila;Ávila;78;Mujer
2025-03-07T14:13:00+01:00;2025-03-14T18:03:00+01:00;Viernes;Viernes;ZBS Virgen de la Concha;Urbano;C.A.U. Salamanca;Salamanca;Salamanca;80;Hombre
2025-03-07T13:46:00+01:00;2025-03-12T21:32:00+01:00;Viernes;Miércoles;ZBS Elena Ginel Díez;Urbano;C.A.U. Salamanca;Salamanca;Salamanca;66;Hombre
2025-03-07T10:08:00+01:00;2025-05-15T19:10:00+02:00;Viernes;Jueves;ZBS Villalpando;Rural;C.A.U. Salamanca;Salamanca;Salamanca;63;Hombre
2025-03-07T09:45:00+01:00;2025-03-13T12:37:00+01:00;Viernes;Jueves;ZBS Parquesol;Urbano;H.U. Río Hortega;Valladolid Oeste;Valladolid;31;Hombre
2025-03-07T01:47:00+01:00;2025-03-12T18:01:00+01:00;Viernes;Miércoles;ZBS Soria Sur;Urbano;C.A. Soria;Soria;Soria;75;Mujer
2025-03-06T23:05:00+01:00;2025-03-17T17:51:00+01:00;Jueves;Lunes;ZBS Segovia Rural;Rural;C.A. Segovia;Segovia;Segovia;83;Mujer
2025-03-06T21:22:00+01:00;2025-03-12T16:45:00+01:00;Jueves;Miércoles;ZBS Garrido Norte;Urbano;C.A.U. Salamanca;Salamanca;Salamanca;70;Mujer
2025-03-06T20:53:00+01:00;2025-03-13T17:51:00+01:00;Jueves;Jueves;ZBS La Bañeza I;Urbano;C.A.U. León;León;León;67;Hombre
2025-03-06T20:34:00+01:00;2025-03-14T20:40:00+01:00;Jueves;Viernes;ZBS Burgohondo;Rural;C.A. Ávila;Ávila;Ávila;93;Mujer
2025-03-06T18:45:00+01:00;2025-03-13T14:37:00+01:00;Jueves;Jueves;ZBS Barco de Ávila;Rural;C.A. Ávila;Ávila;Ávila;85;Mujer
2025-03-06T18:20:00+01:00;2025-03-08T14:45:00+01:00;Jueves;Sábado;ZBS Aranda Norte;Urbano;H. Santos Reyes;Burgos;Burgos;91;Mujer
2025-03-06T17:57:00+01:00;2025-03-07T18:40:00+01:00;Jueves;Viernes;ZBS Burgos Rural Norte;Rural;C.A.U. Burgos;Burgos;Burgos;92;Mujer
2025-03-06T17:27:00+01:00;2025-03-13T21:15:00+01:00;Jueves;Jueves;ZBS Delicias I;Urbano;C.A.U. Salamanca;Salamanca;Salamanca;59;Mujer
2025-03-06T17:07:00+01:00;2025-03-12T15:34:00+01:00;Jueves;Miércoles;ZBS Tudela;Rural;H.C.U. Valladolid;Valladolid Este;Valladolid;86;Hombre
2025-03-06T13:42:00+01:00;2025-03-18T14:24:00+01:00;Jueves;Martes;ZBS Segovia Rural;Rural;C.A. Segovia;Segovia;Segovia;86;Hombre
2025-03-06T08:24:00+01:00;2025-03-11T16:41:00+01:00;Jueves;Martes;ZBS Puerta Nueva;Urbano;C.A.U. Salamanca;Salamanca;Salamanca;61;Hombre
2025-03-06T08:13:00+01:00;2025-03-11T21:11:00+01:00;Jueves;Martes;ZBS Villafranca del Bierzo;Rural;C.A.U. León;León;León;67;Hombre
2025-03-06T04:44:00+01:00;2025-03-12T21:38:00+01:00;Jueves;Miércoles;ZBS Santa Elena;Urbano;C.A.U. Salamanca;Salamanca;Salamanca;75;Hombre
2025-03-06T03:22:00+01:00;2025-03-11T19:20:00+01:00;Jueves;Martes;ZBS Pilarica;Urbano;H.C.U. Valladolid;Valladolid Este;Valladolid;84;Hombre
2025-03-06T01:43:00+01:00;2025-03-11T13:07:00+01:00;Jueves;Martes;ZBS Puerta Nueva;Urbano;C.A. Zamora;Zamora;Zamora;89;Mujer
2025-03-06T01:30:00+01:00;2025-03-10T14:18:00+01:00;Jueves;Lunes;ZBS Gamazo;Urbano;H.C.U. Valladolid;Valladolid Este;Valladolid;91;Mujer
2025-03-06T01:23:00+01:00;2025-03-10T15:20:00+01:00;Jueves;Lunes;ZBS Gamazo;Urbano;H.C.U. Valladolid;Valladolid Este;Valladolid;63;Hombre
2025-03-06T00:53:00+01:00;2025-03-07T18:55:00+01:00;Miércoles;Viernes;ZBS Virgen de la Concha;Urbano;C.A.U. Salamanca;Salamanca;Salamanca;82;Hombre
2025-03-06T00:14:00+01:00;2025-03-11T15:00:00+01:00;Miércoles;Martes;Zona Desconocida;Otra;C.A.U. Salamanca;Salamanca;Salamanca;66;Hombre
2025-03-05T23:52:00+01:00;2025-03-10T17:37:00+01:00;Miércoles;Lunes;ZBS Villafranca del Bierzo;Rural;C.A.U. León;León;León;67;Mujer
2025-03-05T23:51:00+01:00;2025-03-11T19:24:00+01:00;Miércoles;Martes;ZBS Frómista;Rural;C.A.U. Palencia;Palencia;Palencia;76;Hombre
2025-03-05T23:13:00+01:00;2025-03-07T13:30:00+01:00;Miércoles;Viernes;ZBS Ávila Sur Oeste;Urbano;C.A.U. Salamanca;Salamanca;Salamanca;78;Mujer
2025-03-05T22:23:00+01:00;2025-03-14T17:05:00+01:00;Miércoles;Viernes;ZBS Los Cubos;Urbano;C.A.U. Burgos;Burgos;Burgos;56;Hombre
2025-03-05T21:13:00+01:00;2025-03-24T17:35:00+01:00;Miércoles;Lunes;ZBS Sta. María del Páramo;Rural;C.A.U. León;León;León;75;Hombre
2025-03-05T20:57:00+01:00;2025-03-12T11:26:00+01:00;Miércoles;Miércoles;ZBS Bermillo de Sayago;Rural;C.A. Zamora;Zamora;Zamora;69;Hombre
2025-03-05T19:51:00+01:00;2025-03-12T11:55:00+01:00;Miércoles;Miércoles;ZBS Zamora Norte;Rural;C.A. Zamora;Zamora;Zamora;80;Mujer
2025-03-05T19:26:00+01:00;2025-03-09T18:30:00+01:00;Miércoles;Domingo;ZBS José Aguado II;Urbano;C.A.U. León;León;León;77;Hombre
2025-03-05T19:23:00+01:00;2025-03-10T20:16:00+01:00;Miércoles;Lunes;ZBS Peñaranda;Rural;C.A.U. Salamanca;Salamanca;Salamanca;82;Hombre
2025-03-05T19:03:00+01:00;2025-03-07T17:29:00+01:00;Miércoles;Viernes;ZBS Ávila Rural;Rural;C.A. Ávila;Ávila;Ávila;96;Hombre
2025-03-05T16:23:00+01:00;2025-03-14T16:33:00+01:00;Miércoles;Viernes;ZBS Toro;Urbano;C.A. Zamora;Zamora;Zamora;82;Hombre
2025-03-05T15:51:00+01:00;2025-03-09T13:22:00+01:00;Miércoles;Domingo;ZBS Soria Rural;Rural;C.A.U. Burgos;Burgos;Burgos;68;Hombre
2025-03-05T15:48:00+01:00;2025-03-11T18:12:00+01:00;Miércoles;Martes;ZBS Gamazo;Urbano;H.C.U. Valladolid;Valladolid Este;Valladolid;75;Hombre
2025-03-05T14:35:00+01:00;2025-03-18T19:17:00+01:00;Miércoles;Martes;ZBS Villarcayo;Rural;C.A.U. Burgos;Burgos;Burgos;81;Hombre
2025-03-05T12:13:00+01:00;2025-03-09T13:30:00+01:00;Miércoles;Domingo;Zona Desconocida;Otra;C.A.U. León;León;León;59;Hombre
2025-03-05T10:40:00+01:00;2025-04-01T12:29:00+02:00;Miércoles;Martes;ZBS Delicias II;Urbano;H.U. Río Hortega;Valladolid Oeste;Valladolid;55;Mujer
2025-03-05T01:26:00+01:00;2025-03-19T15:40:00+01:00;Miércoles;Miércoles;ZBS Pisuerga;Rural;H.U. Río Hortega;Valladolid Oeste;Valladolid;90;Mujer
2025-03-05T01:06:00+01:00;2025-03-06T18:20:00+01:00;Miércoles;Jueves;ZBS Trobajo del Camino;Rural;C.A.U. León;León;León;59;Mujer
2025-03-04T23:47:00+01:00;2025-03-07T17:40:00+01:00;Martes;Viernes;ZBS Pintor Oliva;Urbano;H.C.U. Valladolid;Valladolid Este;Valladolid;57;Hombre
2025-03-04T23:41:00+01:00;2025-03-19T19:04:00+01:00;Martes;Miércoles;ZBS Santa Marta de Tormes;Rural;C.A.U. Salamanca;Salamanca;Salamanca;74;Mujer
2025-03-04T23:26:00+01:00;2025-03-11T18:25:00+01:00;Martes;Martes;ZBS Santa Marta de Tormes;Rural;C.A.U. Salamanca;Salamanca;Salamanca;92;Mujer
2025-03-04T23:23:00+01:00;2025-03-10T20:26:00+01:00;Martes;Lunes;ZBS Ponferrada III;Urbano;C.A.U. León;León;León;79;Mujer
2025-03-04T20:58:00+01:00;2025-03-27T12:16:00+01:00;Martes;Jueves;ZBS Huerta del Rey;Urbano;H.U. Río Hortega;Valladolid Oeste;Valladolid;82;Mujer
2025-03-04T20:34:00+01:00;2025-05-27T22:22:00+02:00;Martes;Martes;ZBS Eras del Bosque;Urbano;H.C.U. Valladolid;Valladolid Este;Valladolid;52;Hombre
2025-03-04T19:46:00+01:00;2025-03-07T16:30:00+01:00;Martes;Viernes;ZBS Villablino;Rural;H. El Bierzo;Bierzo;León;45;Hombre
2025-03-04T19:36:00+01:00;2025-03-07T14:52:00+01:00;Martes;Viernes;ZBS Ávila Rural;Rural;C.A. Ávila;Ávila;Ávila;66;Hombre
2025-03-04T19:29:00+01:00;2025-03-06T15:13:00+01:00;Martes;Jueves;ZBS San Pedro Arroyo;Rural;C.A. Ávila;Ávila;Ávila;78;Mujer
2025-03-04T19:29:00+01:00;2025-03-27T15:47:00+01:00;Martes;Jueves;ZBS Piedrahita;Rural;C.A. Ávila;Ávila;Ávila;89;Hombre
2025-03-04T19:17:00+01:00;2025-03-10T15:34:00+01:00;Martes;Lunes;ZBS Ávila Rural;Rural;C.A. Ávila;Ávila;Ávila;81;Mujer
2025-03-04T19:12:00+01:00;2025-03-06T16:42:00+01:00;Martes;Jueves;ZBS Barco de Ávila;Rural;C.A.U. Salamanca;Salamanca;Salamanca;85;Mujer
2025-03-04T17:13:00+01:00;2025-03-10T15:06:00+01:00;Martes;Lunes;ZBS Gamonal Antigua;Urbano;C.A.U. Burgos;Burgos;Burgos;80;Hombre
2025-03-04T16:53:00+01:00;2025-03-13T19:48:00+01:00;Martes;Jueves;ZBS Melgar Fernamental;Rural;C.A.U. Burgos;Burgos;Burgos;85;Mujer
2025-03-04T16:01:00+01:00;2025-03-25T18:55:00+01:00;Martes;Martes;ZBS Astorga II;Rural;C.A.U. León;León;León;84;Hombre
2025-03-04T14:35:00+01:00;2025-03-10T18:33:00+01:00;Martes;Lunes;ZBS San José;Urbano;C.A.U. Salamanca;Salamanca;Salamanca;73;Mujer
2025-03-04T03:03:00+01:00;2025-03-10T19:03:00+01:00;Martes;Lunes;ZBS José Aguado II;Urbano;C.A.U. León;León;León;52;Hombre
2025-03-04T01:48:00+01:00;2025-03-06T17:42:00+01:00;Martes;Jueves;ZBS Garrido Sur;Urbano;C.A.U. Salamanca;Salamanca;Salamanca;63;Mujer
2025-03-03T21:18:00+01:00;2025-03-07T15:41:00+01:00;Lunes;Viernes;ZBS Rondilla I;Urbano;H.C.U. Valladolid;Valladolid Este;Valladolid;62;Mujer
2025-03-03T20:44:00+01:00;2025-03-26T13:32:00+01:00;Lunes;Miércoles;ZBS Lumbrales;Rural;C.A.U. Salamanca;Salamanca;Salamanca;79;Hombre
2025-03-03T20:31:00+01:00;2025-03-07T19:23:00+01:00;Lunes;Viernes;ZBS Condesa;Urbano;C.A.U. León;León;León;75;Mujer
2025-03-03T20:03:00+01:00;2025-03-10T21:11:00+01:00;Lunes;Lunes;ZBS Baltanás;Rural;C.A.U. Palencia;Palencia;Palencia;84;Mujer
2025-03-03T19:23:00+01:00;2025-03-05T17:42:00+01:00;Lunes;Miércoles;ZBS Alamedilla;Urbano;C.A.U. Salamanca;Salamanca;Salamanca;86;Hombre
2025-03-03T18:52:00+01:00;2025-03-05T14:49:00+01:00;Lunes;Miércoles;ZBS San Antonio;Urbano;H. El Bierzo;Bierzo;León;79;Hombre
2025-03-03T18:38:00+01:00;2025-03-14T02:37:00+01:00;Lunes;Viernes;ZBS Gómara;Rural;C.A. Soria;Soria;Soria;79;Mujer
2025-03-03T18:24:00+01:00;2025-03-14T17:54:00+01:00;Lunes;Viernes;ZBS Condesa;Urbano;C.A.U. León;León;León;86;Mujer
2025-03-03T17:16:00+01:00;2025-03-05T20:28:00+01:00;Lunes;Miércoles;ZBS Bermillo de Sayago;Rural;C.A.U. Salamanca;Salamanca;Salamanca;69;Hombre
2025-03-03T17:14:00+01:00;2025-03-11T17:30:00+01:00;Lunes;Martes;ZBS Peñafiel;Rural;H.C.U. Valladolid;Valladolid Este;Valladolid;75;Hombre
2025-03-03T14:45:00+01:00;2025-03-07T19:24:00+01:00;Lunes;Viernes;ZBS Eras de Renueva;Urbano;C.A.U. León;León;León;61;Mujer
2025-03-03T14:20:00+01:00;2025-03-10T17:37:00+01:00;Lunes;Lunes;ZBS Benavente Sur;Urbano;C.A.U. León;León;León;76;Mujer
2025-03-03T13:58:00+01:00;2025-03-06T16:41:00+01:00;Lunes;Jueves;ZBS Garrido Sur;Urbano;C.A.U. Salamanca;Salamanca;Salamanca;76;Mujer
2025-03-03T03:00:00+01:00;2025-03-07T18:41:00+01:00;Lunes;Viernes;ZBS Aranda Norte;Urbano;C.A.U. Burgos;Burgos;Burgos;87;Hombre
2025-03-03T02:57:00+01:00;2025-03-17T19:01:00+01:00;Lunes;Lunes;ZBS Astorga I;Urbano;C.A.U. León;León;León;88;Mujer
2025-03-03T00:39:00+01:00;2025-03-05T18:36:00+01:00;Domingo;Miércoles;ZBS Paredes de Nava;Rural;C.A.U. Palencia;Palencia;Palencia;89;Mujer
2025-03-02T22:29:00+01:00;2025-03-05T17:06:00+01:00;Domingo;Miércoles;ZBS Aranda Sur;Urbano;C.A.U. Burgos;Burgos;Burgos;70;Hombre
2025-03-02T19:49:00+01:00;2025-03-04T17:30:00+01:00;Domingo;Martes;ZBS Ávila Rural;Rural;C.A.U. Salamanca;Salamanca;Salamanca;81;Mujer
2025-03-02T19:26:00+01:00;2025-03-19T14:06:00+01:00;Domingo;Miércoles;ZBS Universidad Centro;Urbano;C.A.U. Salamanca;Salamanca;Salamanca;39;Mujer
2025-03-02T19:13:00+01:00;2025-03-10T18:10:00+01:00;Domingo;Lunes;ZBS Peñaranda;Rural;C.A.U. Salamanca;Salamanca;Salamanca;64;Hombre
2025-03-02T17:50:00+01:00;2025-03-20T18:34:00+01:00;Domingo;Jueves;ZBS Periurbana Norte;Rural;C.A.U. Salamanca;Salamanca;Salamanca;90;Mujer
2025-03-02T17:17:00+01:00;2025-03-05T21:05:00+01:00;Domingo;Miércoles;ZBS Toro;Urbano;C.A.U. Salamanca;Salamanca;Salamanca;82;Hombre
2025-03-02T16:45:00+01:00;2025-03-11T18:28:00+01:00;Domingo;Martes;ZBS Condesa;Urbano;C.A.U. León;León;León;75;Hombre
2025-03-02T16:37:00+01:00;2025-03-04T17:29:00+01:00;Domingo;Martes;ZBS San Pedro Arroyo;Rural;C.A.U. Salamanca;Salamanca;Salamanca;78;Mujer
2025-03-02T16:25:00+01:00;2025-04-03T22:05:00+02:00;Domingo;Jueves;ZBS Magdalena;Urbano;H.C.U. Valladolid;Valladolid Este;Valladolid;78;Mujer
2025-03-02T16:14:00+01:00;2025-03-07T15:10:00+01:00;Domingo;Viernes;ZBS Zamora Norte;Rural;C.A. Zamora;Zamora;Zamora;88;Hombre
2025-03-02T11:39:00+01:00;2025-03-04T19:00:00+01:00;Domingo;Martes;ZBS Matilla Caños;Rural;C.A.U. Salamanca;Salamanca;Salamanca;57;Hombre
2025-03-02T09:30:00+01:00;2025-03-24T13:04:00+01:00;Domingo;Lunes;ZBS Aguilar de Campoo;Rural;H.C.U. Valladolid;Valladolid Este;Valladolid;64;Hombre
2025-03-02T06:57:00+01:00;2025-03-05T22:45:00+01:00;Domingo;Miércoles;ZBS Lumbrales;Rural;C.A.U. Salamanca;Salamanca;Salamanca;66;Hombre
2025-03-02T02:00:00+01:00;2025-03-05T11:40:00+01:00;Domingo;Miércoles;ZBS Tábara;Rural;C.A. Zamora;Zamora;Zamora;84;Mujer
2025-03-02T01:06:00+01:00;2025-03-07T18:30:00+01:00;Domingo;Viernes;ZBS Jardinillos;Urbano;C.A.U. Palencia;Palencia;Palencia;91;Mujer
2025-03-02T00:55:00+01:00;2025-03-03T10:08:00+01:00;Sábado;Lunes;ZBS Miguel Armijo;Urbano;H.C.U. Valladolid;Valladolid Este;Valladolid;70;Hombre
2025-03-01T19:49:00+01:00;2025-03-10T16:40:00+01:00;Sábado;Lunes;ZBS Segovia Rural;Rural;C.A. Segovia;Segovia;Segovia;72;Hombre
2025-03-01T18:55:00+01:00;2025-03-04T18:49:00+01:00;Sábado;Martes;ZBS Pilarica;Urbano;H.C.U. Valladolid;Valladolid Este;Valladolid;65;Mujer
2025-03-01T17:50:00+01:00;2025-03-11T17:30:00+01:00;Sábado;Martes;ZBS Rondilla II;Urbano;H.C.U. Valladolid;Valladolid Este;Valladolid;68;Hombre
2025-03-01T15:37:00+01:00;2025-03-07T17:17:00+01:00;Sábado;Viernes;ZBS Venta de Baños;Rural;C.A.U. Palencia;Palencia;Palencia;77;Hombre
2025-03-01T14:36:00+01:00;2025-03-04T21:33:00+01:00;Sábado;Martes;ZBS Piedrahita;Rural;C.A.U. Salamanca;Salamanca;Salamanca;89;Hombre
2025-03-01T13:18:00+01:00;2025-03-06T14:49:00+01:00;Sábado;Jueves;ZBS Fabero;Rural;H. El Bierzo;Bierzo;León;54;Mujer
2025-03-01T12:42:00+01:00;2025-03-18T15:09:00+01:00;Sábado;Martes;ZBS Bembibre;Rural;H. El Bierzo;Bierzo;León;51;Hombre
2025-03-01T12:07:00+01:00;2025-03-05T14:30:00+01:00;Sábado;Miércoles;ZBS Cantalejo;Rural;H.C.U. Valladolid;Valladolid Este;Valladolid;94;Mujer
2025-03-01T05:34:00+01:00;2025-03-13T16:50:00+01:00;Sábado;Jueves;ZBS Burgos Rural Norte;Rural;C.A.U. Burgos;Burgos;Burgos;86;Hombre
2025-03-01T04:17:00+01:00;2025-03-11T17:07:00+01:00;Sábado;Martes;ZBS Periurbana Norte;Rural;C.A.U. Salamanca;Salamanca;Salamanca;88;Hombre
2025-03-01T04:08:00+01:00;2025-03-04T15:03:00+01:00;Sábado;Martes;ZBS San Esteban de Gormaz;Rural;C.A. Soria;Soria;Soria;78;Mujer
2025-03-01T02:49:00+01:00;2025-03-11T15:05:00+01:00;Sábado;Martes;ZBS Parquesol;Urbano;H.U. Río Hortega;Valladolid Oeste;Valladolid;83;Hombre
2025-03-01T02:30:00+01:00;2025-03-01T18:00:00+01:00;Sábado;Sábado;ZBS Cuéllar;Urbano;H.C.U. Valladolid;Valladolid Este;Valladolid;81;Mujer
2025-03-01T00:40:00+01:00;2025-03-05T15:36:00+01:00;Viernes;Miércoles;ZBS Portillo;Rural;H.C.U. Valladolid;Valladolid Este;Valladolid;93;Hombre
2025-02-28T23:04:00+01:00;2025-03-07T13:30:00+01:00;Viernes;Viernes;ZBS Gamazo;Urbano;H.C.U. Valladolid;Valladolid Este;Valladolid;87;Mujer
2025-02-28T22:38:00+01:00;2025-03-07T19:23:00+01:00;Viernes;Viernes;ZBS Astorga I;Urbano;C.A.U. León;León;León;59;Mujer
2025-02-28T21:49:00+01:00;2025-03-12T12:02:00+01:00;Viernes;Miércoles;ZBS Laguna de Duero;Rural;H.U. Río Hortega;Valladolid Oeste;Valladolid;72;Hombre
2025-02-28T21:31:00+01:00;2025-03-13T17:47:00+01:00;Viernes;Jueves;ZBS Jardinillos;Urbano;C.A.U. Palencia;Palencia;Palencia;85;Mujer
2025-02-28T20:09:00+01:00;2025-03-03T13:54:00+01:00;Viernes;Lunes;ZBS Universidad Centro;Urbano;C.A.U. Salamanca;Salamanca;Salamanca;51;Hombre
2025-02-28T19:16:00+01:00;2025-03-05T18:37:00+01:00;Viernes;Miércoles;ZBS Soria Rural;Rural;C.A. Soria;Soria;Soria;71;Hombre
2025-02-28T18:59:00+01:00;2025-03-03T17:14:00+01:00;Viernes;Lunes;ZBS Ciudad Rodrigo;Urbano;C.A.U. Salamanca;Salamanca;Salamanca;90;Mujer
2025-02-28T18:17:00+01:00;2025-03-07T15:15:00+01:00;Viernes;Viernes;ZBS Gamazo;Urbano;H.C.U. Valladolid;Valladolid Este;Valladolid;73;Hombre
2025-02-28T17:43:00+01:00;2025-03-04T17:29:00+01:00;Viernes;Martes;ZBS Villafranca del Bierzo;Rural;C.A.U. León;León;León;67;Mujer
2025-02-28T17:33:00+01:00;2025-03-04T15:01:00+01:00;Viernes;Martes;ZBS Ponferrada IV;Urbano;H. El Bierzo;Bierzo;León;51;Hombre
2025-02-28T16:38:00+01:00;2025-03-19T17:51:00+01:00;Viernes;Miércoles;ZBS Saldaña;Rural;C.A.U. Palencia;Palencia;Palencia;90;Hombre
2025-02-28T16:18:00+01:00;2025-03-02T14:46:00+01:00;Viernes;Domingo;ZBS Nava de la Asunción;Rural;C.A. Segovia;Segovia;Segovia;92;Hombre
2025-02-28T15:55:00+01:00;2025-03-02T10:50:00+01:00;Viernes;Domingo;Zona Desconocida;Otra;C.A.U. Salamanca;Salamanca;Salamanca;95;Hombre
2025-02-28T15:01:00+01:00;2025-03-10T15:06:00+01:00;Viernes;Lunes;ZBS I. López Sáiz;Urbano;C.A.U. Burgos;Burgos;Burgos;82;Mujer
2025-02-28T12:44:00+01:00;2025-03-17T12:59:00+01:00;Viernes;Lunes;ZBS Ávila Norte;Urbano;C.A. Ávila;Ávila;Ávila;54;Hombre
2025-02-28T10:32:00+01:00;2025-03-06T18:53:00+01:00;Viernes;Jueves;ZBS Miranda Oeste;Urbano;C.A.U. Burgos;Burgos;Burgos;56;Hombre
2025-02-28T04:33:00+01:00;2025-03-06T16:36:00+01:00;Viernes;Jueves;ZBS Aranda Norte;Urbano;C.A.U. Burgos;Burgos;Burgos;65;Hombre
2025-02-28T02:26:00+01:00;2025-03-10T21:25:00+01:00;Viernes;Lunes;ZBS Delicias I;Urbano;H.U. Río Hortega;Valladolid Oeste;Valladolid;90;Mujer
2025-02-28T01:44:00+01:00;2025-03-07T19:54:00+01:00;Viernes;Viernes;ZBS José Aguado II;Urbano;C.A.U. León;León;León;84;Mujer
2025-02-27T22:44:00+01:00;2025-03-05T18:41:00+01:00;Jueves;Miércoles;ZBS Laguna de Duero;Rural;H.U. Río Hortega;Valladolid Oeste;Valladolid;76;Hombre
2025-02-27T21:53:00+01:00;2025-03-12T06:50:00+01:00;Jueves;Miércoles;ZBS Universidad Centro;Urbano;C.A.U. Salamanca;Salamanca;Salamanca;87;Mujer
2025-02-27T21:25:00+01:00;2025-03-01T13:46:00+01:00;Jueves;Sábado;ZBS La Bañeza I;Urbano;C.A.U. León;León;León;90;Hombre
2025-02-27T19:59:00+01:00;2025-02-28T17:51:00+01:00;Jueves;Viernes;ZBS Huerta del Rey;Urbano;H.C.U. Valladolid;Valladolid Este;Valladolid;72;Mujer
2025-02-27T19:04:00+01:00;2025-03-07T16:54:00+01:00;Jueves;Viernes;ZBS Garrido Norte;Urbano;C.A.U. Salamanca;Salamanca;Salamanca;88;Hombre
2025-02-27T18:58:00+01:00;2025-03-13T11:18:00+01:00;Jueves;Jueves;ZBS Laguna de Duero;Rural;H.U. Río Hortega;Valladolid Oeste;Valladolid;93;Hombre
2025-02-27T18:51:00+01:00;2025-03-05T18:41:00+01:00;Jueves;Miércoles;ZBS De la Puebla;Urbano;C.A.U. Palencia;Palencia;Palencia;55;Hombre
2025-02-27T18:14:00+01:00;2025-03-04T17:27:00+01:00;Jueves;Martes;ZBS Ávila Rural;Rural;C.A.U. Salamanca;Salamanca;Salamanca;66;Hombre
2025-02-27T18:01:00+01:00;2025-03-04T19:00:00+01:00;Jueves;Martes;ZBS Garrido Norte;Urbano;C.A.U. Salamanca;Salamanca;Salamanca;51;Hombre
2025-02-27T04:24:00+01:00;2025-03-18T17:31:00+01:00;Jueves;Martes;ZBS Garrido Sur;Urbano;C.A.U. Salamanca;Salamanca;Salamanca;82;Mujer
2025-02-27T02:11:00+01:00;2025-03-05T16:24:00+01:00;Jueves;Miércoles;ZBS Huerta del Rey;Urbano;H.U. Río Hortega;Valladolid Oeste;Valladolid;74;Mujer
2025-02-27T01:58:00+01:00;2025-05-05T11:13:00+02:00;Jueves;Lunes;ZBS Valencia de D. Juan;Rural;C.A.U. León;León;León;71;Hombre
2025-02-26T23:39:00+01:00;2025-03-02T13:09:00+01:00;Miércoles;Domingo;ZBS Universidad Centro;Urbano;C.A.U. Salamanca;Salamanca;Salamanca;87;Hombre
2025-02-26T23:25:00+01:00;2025-03-05T14:47:00+01:00;Miércoles;Miércoles;ZBS Sotillo de Adrada;Rural;C.A. Ávila;Ávila;Ávila;56;Mujer
2025-02-26T20:53:00+01:00;2025-03-14T17:20:00+01:00;Miércoles;Viernes;ZBS Ávila Sur Este;Urbano;C.A.U. Salamanca;Salamanca;Salamanca;52;Hombre
2025-02-26T19:52:00+01:00;2025-03-01T15:24:00+01:00;Miércoles;Sábado;ZBS Canterac;Urbano;H.C.U. Valladolid;Valladolid Este;Valladolid;90;Mujer
2025-02-26T19:25:00+01:00;2025-03-04T15:02:00+01:00;Miércoles;Martes;ZBS Bierzo;Urbano;H. El Bierzo;Bierzo;León;88;Mujer
2025-02-26T19:16:00+01:00;2025-03-10T20:25:00+01:00;Miércoles;Lunes;ZBS Eras de Renueva;Urbano;C.A.U. León;León;León;86;Mujer
2025-02-26T19:15:00+01:00;2025-03-04T11:38:00+01:00;Miércoles;Martes;ZBS Zamora Sur;Rural;C.A. Zamora;Zamora;Zamora;62;Hombre
2025-02-26T19:04:00+01:00;2025-03-03T17:13:00+01:00;Miércoles;Lunes;ZBS Ciudad Rodrigo;Urbano;C.A.U. Salamanca;Salamanca;Salamanca;61;Hombre
2025-02-26T18:44:00+01:00;2025-03-04T15:47:00+01:00;Miércoles;Martes;ZBS Piedrahita;Rural;C.A. Ávila;Ávila;Ávila;83;Mujer
2025-02-26T17:00:00+01:00;2025-03-04T06:02:00+01:00;Miércoles;Martes;ZBS Gómara;Rural;C.A. Soria;Soria;Soria;74;Mujer
2025-02-26T15:31:00+01:00;2025-03-17T16:18:00+01:00;Miércoles;Lunes;ZBS Eras de Renueva;Urbano;C.A.U. León;León;León;59;Hombre
2025-02-26T15:31:00+01:00;2025-02-27T17:47:00+01:00;Miércoles;Jueves;ZBS Linares de Riofrío;Rural;C.A.U. Salamanca;Salamanca;Salamanca;66;Hombre
2025-02-26T15:20:00+01:00;2025-02-28T20:35:00+01:00;Miércoles;Viernes;ZBS Santa Elena;Urbano;C.A.U. Salamanca;Salamanca;Salamanca;81;Mujer
2025-02-26T13:44:00+01:00;2025-02-27T07:20:00+01:00;Miércoles;Jueves;ZBS Miranda Oeste;Urbano;H. Santiago Apóstol;Burgos;Burgos;92;Hombre
2025-02-26T12:28:00+01:00;2025-03-06T17:04:00+01:00;Miércoles;Jueves;ZBS Arcos de Jalón;Rural;C.A. Soria;Soria;Soria;58;Hombre
2025-02-26T11:37:00+01:00;2025-03-06T13:29:00+01:00;Miércoles;Jueves;ZBS Peñafiel;Rural;H.C.U. Valladolid;Valladolid Este;Valladolid;83;Mujer
2025-02-26T10:28:00+01:00;2025-03-10T20:03:00+01:00;Miércoles;Lunes;ZBS Parquesol;Urbano;H.U. Río Hortega;Valladolid Oeste;Valladolid;42;Mujer
2025-02-26T10:08:00+01:00;2025-02-27T16:40:00+01:00;Miércoles;Jueves;ZBS Santa Elena;Urbano;C.A.U. Salamanca;Salamanca;Salamanca;83;Hombre
2025-02-26T02:27:00+01:00;2025-03-04T18:43:00+01:00;Miércoles;Martes;ZBS Canterac;Urbano;H.C.U. Valladolid;Valladolid Este;Valladolid;57;Hombre
2025-02-25T23:46:00+01:00;2025-02-28T15:40:00+01:00;Martes;Viernes;ZBS Arévalo;Urbano;C.A. Ávila;Ávila;Ávila;57;Hombre
2025-02-25T23:41:00+01:00;2025-02-27T19:01:00+01:00;Martes;Jueves;ZBS Laguna de Duero;Rural;H.C.U. Valladolid;Valladolid Este;Valladolid;93;Hombre
2025-02-25T22:47:00+01:00;2025-02-28T15:47:00+01:00;Martes;Viernes;ZBS Cigales;Rural;H.C.U. Valladolid;Valladolid Este;Valladolid;80;Mujer
2025-02-25T22:06:00+01:00;2025-02-27T14:56:00+01:00;Martes;Jueves;ZBS Valladolid Rural I;Rural;H.C.U. Valladolid;Valladolid Este;Valladolid;70;Hombre
2025-02-25T21:13:00+01:00;2025-03-20T22:29:00+01:00;Martes;Jueves;ZBS Burgos Rural Norte;Rural;C.A.U. Burgos;Burgos;Burgos;81;Mujer
2025-02-25T20:25:00+01:00;2025-03-05T15:36:00+01:00;Martes;Miércoles;ZBS Tudela;Rural;H.C.U. Valladolid;Valladolid Este;Valladolid;68;Hombre
2025-02-25T19:55:00+01:00;2025-03-15T23:56:00+01:00;Martes;Sábado;ZBS Ávila Sur Este;Urbano;C.A. Ávila;Ávila;Ávila;91;Hombre
2025-02-25T19:21:00+01:00;2025-03-08T16:30:00+01:00;Martes;Sábado;ZBS De la Puebla;Urbano;C.A.U. Palencia;Palencia;Palencia;82;Hombre
2025-02-25T19:08:00+01:00;2025-03-21T20:59:00+01:00;Martes;Viernes;ZBS Huerta del Rey;Urbano;H.U. Río Hortega;Valladolid Oeste;Valladolid;89;Hombre
2025-02-25T18:45:00+01:00;2025-03-04T20:00:00+01:00;Martes;Martes;ZBS Soria Sur;Urbano;C.A.U. Burgos;Burgos;Burgos;77;Hombre
2025-02-25T18:40:00+01:00;2025-03-03T17:13:00+01:00;Martes;Lunes;ZBS Peñaranda;Rural;C.A.U. Salamanca;Salamanca;Salamanca;72;Mujer
2025-02-25T18:37:00+01:00;2025-03-07T17:27:00+01:00;Martes;Viernes;ZBS Cristobal Acosta;Urbano;C.A.U. Burgos;Burgos;Burgos;84;Mujer
2025-02-25T17:59:00+01:00;2025-02-27T12:20:00+01:00;Martes;Jueves;ZBS Zamora Sur;Rural;C.A. Zamora;Zamora;Zamora;90;Hombre
2025-02-25T17:02:00+01:00;2025-03-07T16:53:00+01:00;Martes;Viernes;ZBS Soria Norte;Urbano;C.A. Soria;Soria;Soria;83;Hombre
2025-02-25T15:45:00+01:00;2025-02-27T19:26:00+01:00;Martes;Jueves;ZBS Pisuerga;Rural;H.U. Río Hortega;Valladolid Oeste;Valladolid;71;Hombre
2025-02-25T09:53:00+01:00;2025-02-28T20:03:00+01:00;Martes;Viernes;ZBS Laguna de Duero;Rural;C.A.U. León;León;León;72;Hombre
2025-02-25T07:11:00+01:00;2025-03-13T10:46:00+01:00;Martes;Jueves;ZBS Gamonal las Torres;Urbano;C.A.U. Burgos;Burgos;Burgos;56;Hombre
2025-02-25T02:47:00+01:00;2025-02-27T14:00:00+01:00;Martes;Jueves;ZBS Roa de Duero;Rural;C.A.U. Burgos;Burgos;Burgos;68;Mujer
2025-02-24T21:57:00+01:00;2025-02-28T03:45:00+01:00;Lunes;Viernes;ZBS Peñaranda;Rural;C.A.U. Salamanca;Salamanca;Salamanca;93;Mujer
2025-02-24T20:43:00+01:00;2025-02-26T17:07:00+01:00;Lunes;Miércoles;Zona Desconocida;Otra;C.A.U. Salamanca;Salamanca;Salamanca;81;Mujer
2025-02-24T20:18:00+01:00;2025-02-28T16:16:00+01:00;Lunes;Viernes;ZBS Medina del Campo Rural;Rural;H. Medina del Campo;Valladolid Este;Valladolid;68;Hombre
2025-02-24T20:10:00+01:00;2025-02-27T15:50:00+01:00;Lunes;Jueves;ZBS Cuéllar;Urbano;C.A. Segovia;Segovia;Segovia;100;Hombre
2025-02-24T20:10:00+01:00;2025-03-05T16:00:00+01:00;Lunes;Miércoles;ZBS Villablino;Rural;H. El Bierzo;Bierzo;León;82;Hombre
2025-02-24T19:13:00+01:00;2025-02-27T18:14:00+01:00;Lunes;Jueves;ZBS Cigales;Rural;H.C.U. Valladolid;Valladolid Este;Valladolid;70;Hombre
2025-02-24T18:58:00+01:00;2025-03-13T08:43:00+01:00;Lunes;Jueves;ZBS Ávila Estación;Urbano;C.A. Ávila;Ávila;Ávila;83;Hombre
2025-02-24T18:13:00+01:00;2025-02-27T17:02:00+01:00;Lunes;Jueves;ZBS Garrido Norte;Urbano;C.A.U. Salamanca;Salamanca;Salamanca;78;Mujer
2025-02-24T18:10:00+01:00;2025-03-03T10:38:00+01:00;Lunes;Lunes;ZBS Corrales del Vino;Rural;C.A. Zamora;Zamora;Zamora;88;Mujer
2025-02-24T16:02:00+01:00;2025-03-05T19:51:00+01:00;Lunes;Miércoles;ZBS Cuéllar;Urbano;C.A. Segovia;Segovia;Segovia;88;Mujer
2025-02-24T15:38:00+01:00;2025-02-28T12:18:00+01:00;Lunes;Viernes;ZBS Zamora Norte;Rural;C.A. Zamora;Zamora;Zamora;90;Mujer
2025-02-24T12:41:00+01:00;2025-04-03T18:01:00+02:00;Lunes;Jueves;ZBS Pinares-Covaleda;Rural;C.A. Soria;Soria;Soria;85;Mujer
2025-02-24T11:39:00+01:00;2025-04-03T22:36:00+02:00;Lunes;Jueves;ZBS Vitigudino;Rural;C.A.U. Salamanca;Salamanca;Salamanca;57;Mujer
2025-02-24T11:31:00+01:00;2025-02-28T16:56:00+01:00;Lunes;Viernes;ZBS Mansilla Mulas;Rural;C.A.U. León;León;León;63;Hombre
2025-02-24T11:19:00+01:00;2025-02-25T10:00:00+01:00;Lunes;Martes;ZBS Plaza del Ejército;Urbano;H.C.U. Valladolid;Valladolid Este;Valladolid;60;Hombre
2025-02-24T09:03:00+01:00;2025-02-25T11:43:00+01:00;Lunes;Martes;ZBS Pilarica;Urbano;H.U. Río Hortega;Valladolid Oeste;Valladolid;58;Mujer
2025-02-24T04:45:00+01:00;2025-02-27T12:01:00+01:00;Lunes;Jueves;ZBS Universidad Centro;Urbano;C.A.U. Salamanca;Salamanca;Salamanca;51;Hombre
2025-02-24T04:31:00+01:00;2025-02-25T13:34:00+01:00;Lunes;Martes;ZBS Laguna de Duero;Rural;H.C.U. Valladolid;Valladolid Este;Valladolid;51;Hombre
2025-02-24T04:25:00+01:00;2025-02-26T14:55:00+01:00;Lunes;Miércoles;ZBS Sotillo de Adrada;Rural;C.A. Ávila;Ávila;Ávila;75;Mujer
2025-02-24T04:24:00+01:00;2025-02-28T17:31:00+01:00;Lunes;Viernes;ZBS Trobajo del Camino;Rural;C.A.U. León;León;León;98;Mujer
2025-02-24T02:55:00+01:00;2025-02-25T16:35:00+01:00;Lunes;Martes;ZBS Zamora Sur;Rural;C.A.U. Salamanca;Salamanca;Salamanca;90;Hombre
2025-02-24T00:49:00+01:00;2025-02-25T16:23:00+01:00;Domingo;Martes;ZBS Eras de Renueva;Urbano;C.A.U. León;León;León;68;Mujer
2025-02-24T00:28:00+01:00;2025-03-19T17:49:00+01:00;Domingo;Miércoles;ZBS Pintor Oliva;Urbano;C.A.U. Palencia;Palencia;Palencia;69;Hombre
2025-02-24T00:15:00+01:00;2025-02-26T17:21:00+01:00;Domingo;Miércoles;ZBS Laguna de Duero;Rural;H.C.U. Valladolid;Valladolid Este;Valladolid;93;Hombre
2025-02-24T00:10:00+01:00;2025-02-26T18:41:00+01:00;Domingo;Miércoles;ZBS Parada del Molino;Urbano;C.A.U. Salamanca;Salamanca;Salamanca;62;Hombre
2025-02-23T23:29:00+01:00;2025-03-02T07:55:00+01:00;Domingo;Domingo;ZBS Santa Marta de Tormes;Rural;C.A.U. Salamanca;Salamanca;Salamanca;97;Mujer
2025-02-23T23:19:00+01:00;2025-02-24T11:15:00+01:00;Domingo;Lunes;ZBS Jardinillos;Urbano;C.A.U. Palencia;Palencia;Palencia;84;Hombre
2025-02-23T23:18:00+01:00;2025-02-26T15:03:00+01:00;Domingo;Miércoles;ZBS Tudela;Rural;H.C.U. Valladolid;Valladolid Este;Valladolid;73;Hombre
2025-02-23T20:00:00+01:00;2025-02-27T16:56:00+01:00;Domingo;Jueves;ZBS Arturo Eyries;Urbano;H.U. Río Hortega;Valladolid Oeste;Valladolid;82;Hombre
2025-02-23T19:31:00+01:00;2025-03-02T01:40:00+01:00;Domingo;Domingo;ZBS Cantalapiedra;Rural;C.A.U. Salamanca;Salamanca;Salamanca;90;Hombre
2025-02-23T19:17:00+01:00;2025-03-04T21:41:00+01:00;Domingo;Martes;ZBS Ávila Sur Oeste;Urbano;C.A. Ávila;Ávila;Ávila;88;Mujer
2025-02-23T18:49:00+01:00;2025-03-05T18:42:00+01:00;Domingo;Miércoles;ZBS Zamora Norte;Rural;C.A.U. Salamanca;Salamanca;Salamanca;80;Mujer
2025-02-23T17:00:00+01:00;2025-03-07T16:57:00+01:00;Domingo;Viernes;ZBS Arturo Eyries;Urbano;H.U. Río Hortega;Valladolid Oeste;Valladolid;81;Hombre
2025-02-23T14:34:00+01:00;2025-03-03T18:07:00+01:00;Domingo;Lunes;ZBS De la Puebla;Urbano;H.C.U. Valladolid;Valladolid Este;Valladolid;69;Mujer
2025-02-22T22:09:00+01:00;2025-02-24T14:21:00+01:00;Sábado;Lunes;ZBS Cuéllar;Urbano;H.C.U. Valladolid;Valladolid Este;Valladolid;88;Mujer
2025-02-22T20:56:00+01:00;2025-02-25T16:22:00+01:00;Sábado;Martes;ZBS Condesa;Urbano;C.A.U. León;León;León;75;Hombre
2025-02-22T20:17:00+01:00;2025-02-27T16:56:00+01:00;Sábado;Jueves;ZBS I. López Sáiz;Urbano;C.A.U. Burgos;Burgos;Burgos;77;Hombre
2025-02-22T19:00:00+01:00;2025-02-28T16:16:00+01:00;Sábado;Viernes;ZBS Alaejos;Rural;H. Medina del Campo;Valladolid Este;Valladolid;94;Mujer
2025-02-22T17:41:00+01:00;2025-03-07T21:26:00+01:00;Sábado;Viernes;ZBS De la Puebla;Urbano;C.A.U. Palencia;Palencia;Palencia;83;Mujer
2025-02-22T17:33:00+01:00;2025-02-27T18:03:00+01:00;Sábado;Jueves;ZBS Bierzo;Urbano;H. El Bierzo;Bierzo;León;60;Mujer
2025-02-22T17:10:00+01:00;2025-02-26T16:07:00+01:00;Sábado;Miércoles;ZBS Puente de Domingo Florez;Rural;H. El Bierzo;Bierzo;León;81;Hombre
2025-02-22T15:16:00+01:00;2025-02-26T17:30:00+01:00;Sábado;Miércoles;ZBS La Magdalena;Rural;C.A.U. León;León;León;93;Hombre
2025-02-22T14:49:00+01:00;2025-02-25T16:19:00+01:00;Sábado;Martes;ZBS Eras de Renueva;Urbano;C.A.U. León;León;León;77;Mujer
2025-02-22T14:48:00+01:00;2025-03-06T18:00:00+01:00;Sábado;Jueves;ZBS Ribera del Órbigo;Rural;C.A.U. León;León;León;80;Hombre
2025-02-22T14:10:00+01:00;2025-02-28T16:19:00+01:00;Sábado;Viernes;ZBS Cacabelos;Rural;H. El Bierzo;Bierzo;León;61;Mujer
2025-02-22T05:39:00+01:00;2025-02-28T17:31:00+01:00;Sábado;Viernes;ZBS Miguel Armijo;Urbano;C.A.U. Salamanca;Salamanca;Salamanca;93;Hombre
2025-02-22T05:25:00+01:00;2025-03-05T13:14:00+01:00;Sábado;Miércoles;ZBS Pilarica;Urbano;H.C.U. Valladolid;Valladolid Este;Valladolid;84;Hombre
2025-02-22T01:35:00+01:00;2025-02-26T13:00:00+01:00;Sábado;Miércoles;ZBS Ávila Sur Oeste;Urbano;C.A.U. Salamanca;Salamanca;Salamanca;89;Mujer
2025-02-22T01:28:00+01:00;2025-02-27T02:30:00+01:00;Sábado;Jueves;ZBS De la Puebla;Urbano;C.A.U. Palencia;Palencia;Palencia;90;Hombre
2025-02-22T00:50:00+01:00;2025-02-27T15:39:00+01:00;Viernes;Jueves;ZBS Soria Norte;Urbano;C.A. Soria;Soria;Soria;77;Mujer
2025-02-22T00:22:00+01:00;2025-03-03T17:25:00+01:00;Viernes;Lunes;ZBS Mansilla Mulas;Rural;C.A.U. León;León;León;82;Hombre
2025-02-21T21:59:00+01:00;2025-02-24T15:36:00+01:00;Viernes;Lunes;ZBS Candeleda;Rural;C.A. Ávila;Ávila;Ávila;73;Mujer
2025-02-21T19:43:00+01:00;2025-02-27T15:31:00+01:00;Viernes;Jueves;ZBS Pintor Oliva;Urbano;C.A.U. Palencia;Palencia;Palencia;72;Hombre
2025-02-21T17:34:00+01:00;2025-03-03T22:31:00+01:00;Viernes;Lunes;ZBS Arturo Eyries;Urbano;H.U. Río Hortega;Valladolid Oeste;Valladolid;79;Mujer
2025-02-21T17:16:00+01:00;2025-03-18T14:24:00+01:00;Viernes;Martes;ZBS Segovia Rural;Rural;C.A. Segovia;Segovia;Segovia;66;Hombre
2025-02-21T15:37:00+01:00;2025-02-22T00:55:00+01:00;Viernes;Viernes;ZBS Paredes de Nava;Rural;C.A.U. Palencia;Palencia;Palencia;79;Hombre
2025-02-21T15:14:00+01:00;2025-02-28T16:56:00+01:00;Viernes;Viernes;ZBS La Palomera;Urbano;C.A.U. León;León;León;63;Mujer
2025-02-21T14:51:00+01:00;2025-02-26T16:28:00+01:00;Viernes;Miércoles;ZBS Gamonal Antigua;Urbano;C.A.U. Burgos;Burgos;Burgos;86;Mujer
2025-02-21T13:50:00+01:00;2025-02-27T17:47:00+01:00;Viernes;Jueves;ZBS San Juan;Urbano;C.A.U. Salamanca;Salamanca;Salamanca;65;Mujer
2025-02-21T13:42:00+01:00;2025-02-28T17:49:00+01:00;Viernes;Viernes;ZBS Rondilla I;Urbano;H.C.U. Valladolid;Valladolid Este;Valladolid;84;Hombre
2025-02-21T13:32:00+01:00;2025-03-05T19:46:00+01:00;Viernes;Miércoles;ZBS Ribera del Órbigo;Rural;C.A.U. León;León;León;88;Hombre
2025-02-21T05:21:00+01:00;2025-02-27T23:36:00+01:00;Viernes;Jueves;ZBS Aranda Norte;Urbano;H. Santos Reyes;Burgos;Burgos;82;Hombre
2025-02-21T00:54:00+01:00;2025-02-24T14:44:00+01:00;Jueves;Lunes;ZBS Tudela;Rural;H.C.U. Valladolid;Valladolid Este;Valladolid;55;Hombre
2025-02-21T00:40:00+01:00;2025-02-27T18:53:00+01:00;Jueves;Jueves;ZBS Periurbana Norte;Rural;C.A.U. Salamanca;Salamanca;Salamanca;97;Mujer
2025-02-21T00:05:00+01:00;2025-02-28T18:11:00+01:00;Jueves;Viernes;ZBS Benavente Norte;Urbano;C.A.U. León;León;León;67;Mujer
2025-02-20T22:35:00+01:00;2025-02-28T15:48:00+01:00;Jueves;Viernes;ZBS Pintor Oliva;Urbano;C.A.U. Palencia;Palencia;Palencia;84;Mujer
2025-02-20T21:42:00+01:00;2025-03-07T13:07:00+01:00;Jueves;Viernes;ZBS Delicias I;Urbano;H.U. Río Hortega;Valladolid Oeste;Valladolid;43;Hombre
2025-02-20T20:02:00+01:00;2025-03-04T19:02:00+01:00;Jueves;Martes;ZBS Robleda;Rural;C.A.U. Salamanca;Salamanca;Salamanca;84;Hombre
2025-02-20T19:47:00+01:00;2025-02-28T15:40:00+01:00;Jueves;Viernes;ZBS Ávila Sur Este;Urbano;C.A. Ávila;Ávila;Ávila;82;Mujer
2025-02-20T19:11:00+01:00;2025-02-25T17:19:00+01:00;Jueves;Martes;ZBS Parquesol;Urbano;H.U. Río Hortega;Valladolid Oeste;Valladolid;97;Mujer
2025-02-20T18:53:00+01:00;2025-03-03T10:37:00+01:00;Jueves;Lunes;ZBS Zamora Sur;Rural;C.A. Zamora;Zamora;Zamora;81;Mujer
2025-02-20T18:40:00+01:00;2025-02-24T16:47:00+01:00;Jueves;Lunes;ZBS Benavente Norte;Urbano;C.A.U. Salamanca;Salamanca;Salamanca;58;Mujer
2025-02-20T16:11:00+01:00;2025-02-24T17:55:00+01:00;Jueves;Lunes;ZBS Ávila Estación;Urbano;C.A.U. Salamanca;Salamanca;Salamanca;83;Hombre
2025-02-20T15:27:00+01:00;2025-02-21T15:30:00+01:00;Jueves;Viernes;ZBS Segovia Rural;Rural;H.C.U. Valladolid;Valladolid Este;Valladolid;66;Hombre
2025-02-20T14:01:00+01:00;2025-02-22T14:00:00+01:00;Jueves;Sábado;ZBS Bierzo;Urbano;H. El Bierzo;Bierzo;León;78;Mujer
2025-02-20T13:42:00+01:00;2025-02-24T16:20:00+01:00;Jueves;Lunes;ZBS José Luis Santamaría;Urbano;C.A.U. Burgos;Burgos;Burgos;49;Mujer
2025-02-20T02:51:00+01:00;2025-02-21T17:04:00+01:00;Jueves;Viernes;ZBS Arturo Eyries;Urbano;H.C.U. Valladolid;Valladolid Este;Valladolid;79;Mujer
2025-02-20T01:46:00+01:00;2025-02-20T03:27:00+01:00;Jueves;Jueves;ZBS Arturo Eyries;Urbano;H.U. Río Hortega;Valladolid Oeste;Valladolid;79;Mujer
2025-02-20T00:41:00+01:00;2025-02-21T15:48:00+01:00;Miércoles;Viernes;ZBS Ponferrada III;Urbano;H. El Bierzo;Bierzo;León;85;Mujer
2025-02-20T00:00:00+01:00;2025-02-21T14:46:00+01:00;Miércoles;Viernes;ZBS Ávila Sur Oeste;Urbano;C.A. Ávila;Ávila;Ávila;92;Hombre
2025-02-19T23:30:00+01:00;2025-02-27T15:32:00+01:00;Miércoles;Jueves;ZBS De la Puebla;Urbano;C.A.U. Palencia;Palencia;Palencia;76;Mujer
2025-02-19T23:29:00+01:00;2025-03-17T18:49:00+01:00;Miércoles;Lunes;ZBS Pintor Oliva;Urbano;C.A.U. Palencia;Palencia;Palencia;94;Hombre
2025-02-19T23:21:00+01:00;2025-03-21T20:30:00+01:00;Miércoles;Viernes;ZBS Zamora Norte;Rural;C.A.U. Salamanca;Salamanca;Salamanca;77;Mujer
2025-02-19T22:10:00+01:00;2025-02-20T12:30:00+01:00;Miércoles;Jueves;ZBS Casa del Barco;Urbano;H.U. Río Hortega;Valladolid Oeste;Valladolid;93;Mujer
2025-02-19T20:22:00+01:00;2025-03-17T18:49:00+01:00;Miércoles;Lunes;ZBS Guardo;Rural;C.A.U. Palencia;Palencia;Palencia;92;Hombre
2025-02-19T20:08:00+01:00;2025-02-26T19:02:00+01:00;Miércoles;Miércoles;ZBS Pintor Oliva;Urbano;C.A.U. Palencia;Palencia;Palencia;63;Hombre
2025-02-19T19:11:00+01:00;2025-02-27T14:20:00+01:00;Miércoles;Jueves;ZBS José Aguado II;Urbano;C.A.U. León;León;León;72;Hombre
2025-02-19T18:02:00+01:00;2025-02-21T19:23:00+01:00;Miércoles;Viernes;ZBS Candeleda;Rural;C.A.U. Salamanca;Salamanca;Salamanca;73;Mujer
2025-02-19T18:00:00+01:00;2025-02-26T17:36:00+01:00;Miércoles;Miércoles;ZBS Piedrahita;Rural;C.A.U. Salamanca;Salamanca;Salamanca;83;Mujer
2025-02-19T17:26:00+01:00;2025-03-03T07:22:00+01:00;Miércoles;Lunes;ZBS Ponferrada IV;Urbano;C.A.U. León;León;León;84;Mujer
2025-02-19T15:24:00+01:00;2025-02-27T16:42:00+01:00;Miércoles;Jueves;ZBS Cuenca del Bernesga;Rural;C.A.U. León;León;León;65;Hombre
2025-02-19T01:51:00+01:00;2025-03-05T20:20:00+01:00;Miércoles;Miércoles;ZBS Eras de Renueva;Urbano;C.A.U. León;León;León;91;Mujer
2025-02-19T01:13:00+01:00;2025-03-09T18:45:00+01:00;Miércoles;Domingo;ZBS Condesa;Urbano;C.A.U. León;León;León;87;Mujer
2025-02-18T20:57:00+01:00;2025-02-19T16:35:00+01:00;Martes;Miércoles;ZBS Villarcayo;Rural;C.A.U. Burgos;Burgos;Burgos;92;Mujer
2025-02-18T19:25:00+01:00;2025-02-25T17:21:00+01:00;Martes;Martes;ZBS Parque Alameda-Covaresa;Urbano;H.U. Río Hortega;Valladolid Oeste;Valladolid;92;Mujer
2025-02-18T19:20:00+01:00;2025-03-13T19:35:00+01:00;Martes;Jueves;ZBS Quintanar de la Sierra;Rural;C.A.U. Burgos;Burgos;Burgos;72;Hombre
2025-02-18T19:00:00+01:00;2025-02-21T21:00:00+01:00;Martes;Viernes;ZBS Santa Clara;Urbano;C.A.U. Burgos;Burgos;Burgos;84;Hombre
2025-02-18T16:28:00+01:00;2025-03-12T12:03:00+01:00;Martes;Miércoles;ZBS Valladolid Rural II;Rural;H.U. Río Hortega;Valladolid Oeste;Valladolid;71;Hombre
2025-02-18T15:38:00+01:00;2025-02-24T18:45:00+01:00;Martes;Lunes;ZBS Toreno;Rural;C.A.U. León;León;León;82;Hombre
2025-02-18T15:01:00+01:00;2025-03-07T10:58:00+01:00;Martes;Viernes;ZBS Plaza del Ejército;Urbano;H.U. Río Hortega;Valladolid Oeste;Valladolid;81;Mujer
2025-02-18T14:50:00+01:00;2025-02-20T15:13:00+01:00;Martes;Jueves;ZBS Mombeltrán;Rural;C.A. Ávila;Ávila;Ávila;81;Hombre
2025-02-18T14:01:00+01:00;2025-03-07T17:40:00+01:00;Martes;Viernes;ZBS Trobajo del Camino;Rural;C.A.U. León;León;León;80;Mujer
2025-02-18T13:47:00+01:00;2025-03-18T20:05:00+01:00;Martes;Martes;ZBS Eras de Renueva;Urbano;C.A.U. León;León;León;76;Hombre
2025-02-18T13:19:00+01:00;2025-02-28T17:04:00+01:00;Martes;Viernes;ZBS San Juan;Urbano;C.A.U. Salamanca;Salamanca;Salamanca;89;Hombre
2025-02-18T13:01:00+01:00;2025-02-24T10:23:00+01:00;Martes;Lunes;ZBS Alcañices;Rural;C.A. Zamora;Zamora;Zamora;61;Hombre
2025-02-18T01:57:00+01:00;2025-02-21T14:34:00+01:00;Martes;Viernes;ZBS Ólvega;Rural;C.A. Soria;Soria;Soria;94;Hombre
2025-02-17T22:17:00+01:00;2025-02-26T15:41:00+01:00;Lunes;Miércoles;ZBS Segovia II;Urbano;C.A. Segovia;Segovia;Segovia;73;Hombre
2025-02-17T21:33:00+01:00;2025-02-20T16:22:00+01:00;Lunes;Jueves;ZBS La Palomera;Urbano;C.A.U. León;León;León;83;Hombre
2025-02-17T20:45:00+01:00;2025-02-25T18:01:00+01:00;Lunes;Martes;ZBS Armunia;Rural;C.A.U. León;León;León;95;Hombre
2025-02-17T20:10:00+01:00;2025-03-13T17:47:00+01:00;Lunes;Jueves;ZBS Parque Alameda-Covaresa;Urbano;C.A.U. Palencia;Palencia;Palencia;89;Hombre
2025-02-17T19:58:00+01:00;2025-02-25T16:19:00+01:00;Lunes;Martes;ZBS José Aguado II;Urbano;C.A.U. León;León;León;83;Mujer
2025-02-17T19:34:00+01:00;2025-02-22T14:31:00+01:00;Lunes;Sábado;ZBS Benavente Sur;Urbano;C.A. Zamora;Zamora;Zamora;75;Mujer
2025-02-17T18:37:00+01:00;2025-03-06T16:00:00+01:00;Lunes;Jueves;ZBS Ponferrada III;Urbano;H. El Bierzo;Bierzo;León;69;Hombre
2025-02-17T17:48:00+01:00;2025-02-26T14:44:00+01:00;Lunes;Miércoles;ZBS Miranda Este;Urbano;H. Santiago Apóstol;Burgos;Burgos;82;Mujer
2025-02-17T14:29:00+01:00;2025-02-27T20:32:00+01:00;Lunes;Jueves;ZBS Béjar;Urbano;C.A.U. Salamanca;Salamanca;Salamanca;84;Hombre
2025-02-17T12:00:00+01:00;2025-02-25T16:41:00+01:00;Lunes;Martes;ZBS Segovia Rural;Rural;C.A. Segovia;Segovia;Segovia;55;Mujer
2025-02-17T11:39:00+01:00;2025-03-05T18:00:00+01:00;Lunes;Miércoles;ZBS Eras del Bosque;Urbano;C.A.U. Palencia;Palencia;Palencia;75;Hombre
2025-02-17T09:29:00+01:00;2025-02-24T14:46:00+01:00;Lunes;Lunes;ZBS Delicias I;Urbano;H.U. Río Hortega;Valladolid Oeste;Valladolid;70;Hombre
2025-02-17T08:18:00+01:00;2025-02-26T15:38:00+01:00;Lunes;Miércoles;ZBS San Antonio;Urbano;H. El Bierzo;Bierzo;León;82;Mujer
2025-02-17T06:14:00+01:00;2025-02-19T17:58:00+01:00;Lunes;Miércoles;ZBS Periurbana Norte;Rural;C.A.U. Salamanca;Salamanca;Salamanca;62;Hombre
2025-02-17T02:19:00+01:00;2025-02-20T14:28:00+01:00;Lunes;Jueves;ZBS Cebreros;Rural;C.A. Ávila;Ávila;Ávila;90;Hombre
2025-02-17T01:00:00+01:00;2025-02-20T15:24:00+01:00;Lunes;Jueves;ZBS Ponferrada IV;Urbano;H. El Bierzo;Bierzo;León;87;Hombre
2025-02-16T23:35:00+01:00;2025-02-18T17:22:00+01:00;Domingo;Martes;ZBS Toro;Urbano;C.A. Zamora;Zamora;Zamora;93;Mujer
2025-02-16T18:55:00+01:00;2025-02-18T21:54:00+01:00;Domingo;Martes;ZBS San José;Urbano;C.A.U. Salamanca;Salamanca;Salamanca;78;Mujer
2025-02-16T18:50:00+01:00;2025-02-22T17:15:00+01:00;Domingo;Sábado;ZBS Segovia II;Urbano;C.A. Segovia;Segovia;Segovia;89;Mujer
2025-02-16T18:29:00+01:00;2025-02-17T17:24:00+01:00;Domingo;Lunes;ZBS Soria Rural;Rural;C.A.U. Burgos;Burgos;Burgos;65;Mujer
2025-02-16T17:52:00+01:00;2025-02-20T17:49:00+01:00;Domingo;Jueves;ZBS Gamonal Antigua;Urbano;C.A.U. Burgos;Burgos;Burgos;70;Hombre
2025-02-16T15:51:00+01:00;2025-02-18T16:57:00+01:00;Domingo;Martes;ZBS Alcañices;Rural;C.A.U. Salamanca;Salamanca;Salamanca;59;Hombre
2025-02-16T15:31:00+01:00;2025-02-21T19:25:00+01:00;Domingo;Viernes;ZBS San José;Urbano;C.A.U. Salamanca;Salamanca;Salamanca;59;Hombre
2025-02-16T15:28:00+01:00;2025-02-18T17:47:00+01:00;Domingo;Martes;ZBS Ávila Sur Oeste;Urbano;C.A. Ávila;Ávila;Ávila;90;Hombre
2025-02-16T15:23:00+01:00;2025-02-19T16:34:00+01:00;Domingo;Miércoles;ZBS Burgos Rural Sur;Rural;C.A.U. Burgos;Burgos;Burgos;82;Hombre
2025-02-16T15:13:00+01:00;2025-02-21T20:59:00+01:00;Domingo;Viernes;ZBS Herrera de Pisuerga;Rural;C.A.U. Burgos;Burgos;Burgos;86;Mujer
2025-02-16T14:37:00+01:00;2025-02-16T16:00:00+01:00;Domingo;Domingo;ZBS Soria Rural;Rural;C.A. Soria;Soria;Soria;65;Mujer
2025-02-16T13:57:00+01:00;2025-02-19T19:07:00+01:00;Domingo;Miércoles;ZBS Arévalo;Urbano;H.C.U. Valladolid;Valladolid Este;Valladolid;73;Hombre
2025-02-16T13:03:00+01:00;2025-02-19T16:34:00+01:00;Domingo;Miércoles;ZBS García Lorca;Urbano;C.A.U. Burgos;Burgos;Burgos;83;Hombre
2025-02-16T12:23:00+01:00;2025-02-20T18:06:00+01:00;Domingo;Jueves;ZBS Rondilla I;Urbano;H.C.U. Valladolid;Valladolid Este;Valladolid;35;Hombre
2025-02-16T12:02:00+01:00;2025-02-26T00:00:00+01:00;Domingo;Martes;ZBS Nava de la Asunción;Rural;C.A. Segovia;Segovia;Segovia;71;Hombre
2025-02-16T11:10:00+01:00;2025-02-21T12:53:00+01:00;Domingo;Viernes;ZBS Eras de Renueva;Urbano;C.A.U. León;León;León;70;Hombre
2025-02-15T23:17:00+01:00;2025-02-17T07:04:00+01:00;Sábado;Lunes;ZBS Trobajo del Camino;Rural;C.A.U. León;León;León;94;Hombre
2025-02-15T22:43:00+01:00;2025-02-25T19:36:00+01:00;Sábado;Martes;ZBS Miranda Oeste;Urbano;H. Santiago Apóstol;Burgos;Burgos;94;Hombre
2025-02-15T22:33:00+01:00;2025-02-16T08:20:00+01:00;Sábado;Domingo;ZBS Ponferrada III;Urbano;H. El Bierzo;Bierzo;León;58;Hombre
2025-02-15T22:14:00+01:00;2025-02-26T11:35:00+01:00;Sábado;Miércoles;ZBS Pisuerga;Rural;H.C.U. Valladolid;Valladolid Este;Valladolid;85;Mujer
2025-02-15T20:18:00+01:00;2025-02-17T18:46:00+01:00;Sábado;Lunes;ZBS Rondilla I;Urbano;H.C.U. Valladolid;Valladolid Este;Valladolid;95;Mujer
2025-02-15T19:09:00+01:00;2025-02-19T15:42:00+01:00;Sábado;Miércoles;ZBS Circunvalación;Urbano;H.C.U. Valladolid;Valladolid Este;Valladolid;82;Mujer
2025-02-15T17:25:00+01:00;2025-02-20T18:06:00+01:00;Sábado;Jueves;ZBS Circunvalación;Urbano;H.C.U. Valladolid;Valladolid Este;Valladolid;66;Hombre
2025-02-15T17:03:00+01:00;2025-02-21T15:21:00+01:00;Sábado;Viernes;ZBS Carrión de los Condes;Rural;H.C.U. Valladolid;Valladolid Este;Valladolid;61;Mujer
2025-02-15T17:00:00+01:00;2025-02-21T17:17:00+01:00;Sábado;Viernes;ZBS Armunia;Rural;C.A.U. León;León;León;66;Hombre
2025-02-15T16:47:00+01:00;2025-03-03T11:00:00+01:00;Sábado;Lunes;ZBS Pedrosillo el Ralo;Rural;C.A.U. Salamanca;Salamanca;Salamanca;56;Hombre
2025-02-15T16:17:00+01:00;2025-03-03T20:40:00+01:00;Sábado;Lunes;ZBS Segovia III;Urbano;C.A. Segovia;Segovia;Segovia;51;Hombre
2025-02-15T09:28:00+01:00;2025-02-26T15:31:00+01:00;Sábado;Miércoles;ZBS San Pablo;Urbano;H.C.U. Valladolid;Valladolid Este;Valladolid;49;Hombre
2025-02-15T09:09:00+01:00;2025-02-21T21:31:00+01:00;Sábado;Viernes;ZBS Pintor Oliva;Urbano;H.C.U. Valladolid;Valladolid Este;Valladolid;72;Hombre
2025-02-15T00:49:00+01:00;2025-02-22T15:00:00+01:00;Viernes;Sábado;ZBS Fuenteguinaldo;Rural;C.A.U. Salamanca;Salamanca;Salamanca;81;Mujer
2025-02-14T21:41:00+01:00;2025-02-19T17:07:00+01:00;Viernes;Miércoles;ZBS Ávila Estación;Urbano;C.A. Ávila;Ávila;Ávila;58;Mujer
2025-02-14T21:32:00+01:00;2025-02-18T14:49:00+01:00;Viernes;Martes;ZBS Valladolid Rural I;Rural;H.C.U. Valladolid;Valladolid Este;Valladolid;55;Hombre
2025-02-14T21:04:00+01:00;2025-02-20T20:16:00+01:00;Viernes;Jueves;ZBS Santa Clara;Urbano;C.A.U. Burgos;Burgos;Burgos;87;Hombre
2025-02-14T20:41:00+01:00;2025-02-18T21:56:00+01:00;Viernes;Martes;ZBS Pizarrales-Vidal;Urbano;C.A.U. Salamanca;Salamanca;Salamanca;89;Hombre
2025-02-14T20:39:00+01:00;2025-02-22T13:44:00+01:00;Viernes;Sábado;ZBS Pintor Oliva;Urbano;H.U. Río Hortega;Valladolid Oeste;Valladolid;92;Mujer
2025-02-14T20:26:00+01:00;2025-02-17T23:34:00+01:00;Viernes;Lunes;ZBS Pintor Oliva;Urbano;C.A.U. Palencia;Palencia;Palencia;77;Mujer
2025-02-14T19:10:00+01:00;2025-02-27T10:55:00+01:00;Viernes;Jueves;ZBS Ávila Estación;Urbano;C.A. Ávila;Ávila;Ávila;65;Mujer
2025-02-14T18:28:00+01:00;2025-02-19T18:46:00+01:00;Viernes;Miércoles;ZBS Bermillo de Sayago;Rural;C.A. Zamora;Zamora;Zamora;93;Hombre
2025-02-14T18:15:00+01:00;2025-02-19T16:42:00+01:00;Viernes;Miércoles;ZBS Nava de la Asunción;Rural;C.A. Segovia;Segovia;Segovia;80;Hombre
2025-02-14T16:48:00+01:00;2025-02-19T15:08:00+01:00;Viernes;Miércoles;ZBS Sahagún de Campos;Rural;C.A.U. León;León;León;63;Mujer
2025-02-14T15:39:00+01:00;2025-02-17T00:48:00+01:00;Viernes;Domingo;ZBS José Luis Santamaría;Urbano;C.A.U. Burgos;Burgos;Burgos;91;Mujer
2025-02-14T12:50:00+01:00;2025-03-13T15:36:00+01:00;Viernes;Jueves;ZBS Circunvalación;Urbano;H.C.U. Valladolid;Valladolid Este;Valladolid;48;Mujer
2025-02-14T10:31:00+01:00;2025-02-27T17:51:00+01:00;Viernes;Jueves;ZBS La Palomera;Urbano;C.A.U. León;León;León;69;Hombre
2025-02-13T23:57:00+01:00;2025-02-18T21:46:00+01:00;Jueves;Martes;ZBS Mombeltrán;Rural;C.A.U. Salamanca;Salamanca;Salamanca;81;Hombre
2025-02-13T23:05:00+01:00;2025-02-22T09:39:00+01:00;Jueves;Sábado;ZBS Villafrechós;Rural;H.C.U. Valladolid;Valladolid Este;Valladolid;74;Mujer
2025-02-13T22:25:00+01:00;2025-02-27T18:51:00+01:00;Jueves;Jueves;ZBS De la Puebla;Urbano;H.C.U. Valladolid;Valladolid Este;Valladolid;55;Hombre
2025-02-13T21:42:00+01:00;2025-02-24T11:45:00+01:00;Jueves;Lunes;ZBS Magdalena;Urbano;H.C.U. Valladolid;Valladolid Este;Valladolid;73;Mujer
2025-02-13T21:34:00+01:00;2025-03-14T23:45:00+01:00;Jueves;Viernes;ZBS Astorga I;Urbano;C.A.U. León;León;León;59;Mujer
2025-02-13T21:30:00+01:00;2025-02-19T17:59:00+01:00;Jueves;Miércoles;ZBS San Ildefonso;Rural;C.A. Segovia;Segovia;Segovia;84;Hombre
2025-02-13T19:37:00+01:00;2025-02-18T15:30:00+01:00;Jueves;Martes;ZBS Sotillo de Adrada;Rural;C.A. Ávila;Ávila;Ávila;75;Mujer
2025-02-13T19:35:00+01:00;2025-02-18T14:57:00+01:00;Jueves;Martes;ZBS De la Puebla;Urbano;H.C.U. Valladolid;Valladolid Este;Valladolid;67;Hombre
2025-02-13T18:49:00+01:00;2025-02-17T17:20:00+01:00;Jueves;Lunes;ZBS Delicias II;Urbano;H.U. Río Hortega;Valladolid Oeste;Valladolid;81;Mujer
2025-02-13T18:11:00+01:00;2025-03-20T14:48:00+01:00;Jueves;Jueves;ZBS Ávila Norte;Urbano;C.A.U. Salamanca;Salamanca;Salamanca;50;Mujer
2025-02-13T17:52:00+01:00;2025-02-18T18:20:00+01:00;Jueves;Martes;ZBS Santa Elena;Urbano;C.A.U. Salamanca;Salamanca;Salamanca;53;Hombre
2025-02-13T17:52:00+01:00;2025-02-25T16:19:00+01:00;Jueves;Martes;ZBS La Bañeza I;Urbano;C.A.U. León;León;León;87;Mujer
2025-02-13T17:20:00+01:00;2025-02-25T17:14:00+01:00;Jueves;Martes;ZBS Valle de Valdebezana;Rural;C.A.U. Burgos;Burgos;Burgos;82;Mujer
2025-02-13T16:29:00+01:00;2025-02-19T18:48:00+01:00;Jueves;Miércoles;ZBS Guardo;Rural;C.A.U. León;León;León;92;Hombre
2025-02-13T14:57:00+01:00;2025-02-13T18:49:00+01:00;Jueves;Jueves;ZBS Ávila Norte;Urbano;C.A. Ávila;Ávila;Ávila;50;Mujer
2025-02-13T14:09:00+01:00;2025-02-28T16:28:00+01:00;Jueves;Viernes;ZBS Segovia III;Urbano;C.A. Segovia;Segovia;Segovia;79;Mujer
2025-02-13T05:52:00+01:00;2025-02-17T16:41:00+01:00;Jueves;Lunes;ZBS Villarcayo;Rural;C.A.U. Burgos;Burgos;Burgos;63;Hombre
2025-02-13T00:40:00+01:00;2025-02-28T13:00:00+01:00;Miércoles;Viernes;ZBS Vitigudino;Rural;C.A.U. Salamanca;Salamanca;Salamanca;74;Hombre
2025-02-12T23:00:00+01:00;2025-02-24T11:45:00+01:00;Miércoles;Lunes;ZBS Portillo;Rural;H.C.U. Valladolid;Valladolid Este;Valladolid;84;Mujer
2025-02-12T21:37:00+01:00;2025-02-26T10:06:00+01:00;Miércoles;Miércoles;ZBS La Guareña;Rural;C.A. Zamora;Zamora;Zamora;70;Mujer
2025-02-12T20:43:00+01:00;2025-02-17T16:44:00+01:00;Miércoles;Lunes;ZBS Eras de Renueva;Urbano;C.A.U. León;León;León;68;Mujer
2025-02-12T20:29:00+01:00;2025-02-14T16:27:00+01:00;Miércoles;Viernes;ZBS Soria Sur;Urbano;C.A. Soria;Soria;Soria;72;Hombre
2025-02-12T18:58:00+01:00;2025-02-17T15:59:00+01:00;Miércoles;Lunes;ZBS La Palomera;Urbano;C.A.U. León;León;León;82;Hombre
2025-02-12T18:15:00+01:00;2025-02-17T17:22:00+01:00;Miércoles;Lunes;ZBS Parque Alameda-Covaresa;Urbano;H.U. Río Hortega;Valladolid Oeste;Valladolid;86;Mujer
2025-02-12T18:00:00+01:00;2025-02-19T19:14:00+01:00;Miércoles;Miércoles;ZBS Pintor Oliva;Urbano;H.C.U. Valladolid;Valladolid Este;Valladolid;63;Hombre
2025-02-12T17:48:00+01:00;2025-02-24T10:07:00+01:00;Miércoles;Lunes;ZBS Zamora Norte;Rural;C.A. Zamora;Zamora;Zamora;70;Hombre
2025-02-12T16:13:00+01:00;2025-02-17T17:22:00+01:00;Miércoles;Lunes;ZBS Íscar;Rural;H.U. Río Hortega;Valladolid Oeste;Valladolid;95;Mujer
2025-02-12T16:12:00+01:00;2025-02-17T14:38:00+01:00;Miércoles;Lunes;ZBS Ávila Estación;Urbano;C.A. Ávila;Ávila;Ávila;75;Mujer
2025-02-12T16:01:00+01:00;2025-02-18T12:05:00+01:00;Miércoles;Martes;ZBS Villarrín;Rural;C.A. Zamora;Zamora;Zamora;90;Mujer
2025-02-12T15:36:00+01:00;2025-02-24T16:25:00+01:00;Miércoles;Lunes;ZBS San Andrés del Rabanedo;Rural;C.A.U. León;León;León;74;Hombre
2025-02-12T14:54:00+01:00;2025-02-14T20:03:00+01:00;Miércoles;Viernes;ZBS Ávila Estación;Urbano;C.A.U. Salamanca;Salamanca;Salamanca;58;Mujer
2025-02-12T14:53:00+01:00;2025-02-21T17:16:00+01:00;Miércoles;Viernes;ZBS Valencia de D. Juan;Rural;C.A.U. León;León;León;87;Hombre
2025-02-12T13:45:00+01:00;2025-02-20T18:00:00+01:00;Miércoles;Jueves;ZBS Condesa;Urbano;C.A.U. León;León;León;94;Hombre
2025-02-12T10:53:00+01:00;2025-03-11T19:21:00+01:00;Miércoles;Martes;ZBS Torquemada;Rural;C.A.U. Palencia;Palencia;Palencia;85;Mujer
2025-02-12T00:57:00+01:00;2025-02-17T16:39:00+01:00;Martes;Lunes;ZBS Burgos Rural Sur;Rural;C.A.U. Burgos;Burgos;Burgos;69;Mujer
2025-02-11T23:31:00+01:00;2025-02-18T18:17:00+01:00;Martes;Martes;ZBS San Ildefonso;Rural;C.A. Segovia;Segovia;Segovia;83;Mujer
2025-02-11T21:28:00+01:00;2025-02-13T21:30:00+01:00;Martes;Jueves;ZBS La Alberca;Rural;C.A.U. Salamanca;Salamanca;Salamanca;78;Mujer
2025-02-11T19:51:00+01:00;2025-02-13T16:05:00+01:00;Martes;Jueves;ZBS Cuenca del Bernesga;Rural;C.A.U. León;León;León;87;Mujer
2025-02-11T19:17:00+01:00;2025-02-18T13:57:00+01:00;Martes;Martes;ZBS Alcañices;Rural;C.A.U. Salamanca;Salamanca;Salamanca;61;Hombre
2025-02-11T18:53:00+01:00;2025-02-14T17:25:00+01:00;Martes;Viernes;ZBS Bermillo de Sayago;Rural;C.A.U. Salamanca;Salamanca;Salamanca;93;Hombre
2025-02-11T17:44:00+01:00;2025-02-14T20:05:00+01:00;Martes;Viernes;ZBS Cigales;Rural;H.C.U. Valladolid;Valladolid Este;Valladolid;95;Mujer
2025-02-11T16:45:00+01:00;2025-02-19T15:14:00+01:00;Martes;Miércoles;ZBS Olmedo;Rural;H. Medina del Campo;Valladolid Este;Valladolid;87;Mujer
2025-02-11T16:31:00+01:00;2025-02-19T14:37:00+01:00;Martes;Miércoles;ZBS Burgos Rural Sur;Rural;C.A.U. Burgos;Burgos;Burgos;91;Mujer
2025-02-11T16:04:00+01:00;2025-03-03T16:29:00+01:00;Martes;Lunes;ZBS Zamora Sur;Rural;C.A. Zamora;Zamora;Zamora;92;Mujer
2025-02-11T00:56:00+01:00;2025-02-24T17:58:00+01:00;Lunes;Lunes;ZBS Segovia I;Urbano;C.A. Segovia;Segovia;Segovia;59;Hombre
2025-02-11T00:49:00+01:00;2025-02-12T19:20:00+01:00;Lunes;Miércoles;ZBS Soria Sur;Urbano;C.A.U. Burgos;Burgos;Burgos;72;Hombre
2025-02-11T00:32:00+01:00;2025-02-24T16:00:00+01:00;Lunes;Lunes;ZBS Olmedo;Rural;H. Medina del Campo;Valladolid Este;Valladolid;85;Hombre
2025-02-11T00:19:00+01:00;2025-02-21T22:40:00+01:00;Lunes;Viernes;ZBS Astorga I;Urbano;C.A.U. León;León;León;84;Hombre
2025-02-11T00:11:00+01:00;2025-02-13T15:11:00+01:00;Lunes;Jueves;ZBS Aranda Norte;Urbano;C.A.U. Burgos;Burgos;Burgos;79;Hombre
2025-02-10T23:10:00+01:00;2025-02-14T14:54:00+01:00;Lunes;Viernes;ZBS Alaejos;Rural;H.C.U. Valladolid;Valladolid Este;Valladolid;50;Mujer
2025-02-10T22:28:00+01:00;2025-02-15T02:59:00+01:00;Lunes;Sábado;ZBS La Victoria;Urbano;H.C.U. Valladolid;Valladolid Este;Valladolid;93;Hombre
2025-02-10T20:36:00+01:00;2025-02-17T15:29:00+01:00;Lunes;Lunes;ZBS Circunvalación;Urbano;H.C.U. Valladolid;Valladolid Este;Valladolid;68;Mujer
2025-02-10T20:25:00+01:00;2025-02-12T16:57:00+01:00;Lunes;Miércoles;ZBS Riaza;Rural;C.A. Segovia;Segovia;Segovia;91;Mujer
2025-02-10T20:11:00+01:00;2025-02-20T15:08:00+01:00;Lunes;Jueves;ZBS Ávila Rural;Rural;C.A. Ávila;Ávila;Ávila;60;Hombre
2025-02-10T20:10:00+01:00;2025-02-11T15:14:00+01:00;Lunes;Martes;ZBS Las Navas del Marqués;Urbano;C.A. Ávila;Ávila;Ávila;76;Mujer
2025-02-10T19:45:00+01:00;2025-02-11T13:48:00+01:00;Lunes;Martes;ZBS Virgen de la Concha;Urbano;C.A. Zamora;Zamora;Zamora;51;Mujer
2025-02-10T19:43:00+01:00;2025-02-26T17:55:00+01:00;Lunes;Miércoles;ZBS Bañeza II;Rural;C.A.U. León;León;León;79;Hombre
2025-02-10T18:55:00+01:00;2025-02-26T15:38:00+01:00;Lunes;Miércoles;ZBS Toreno;Rural;H. El Bierzo;Bierzo;León;66;Mujer
2025-02-10T18:53:00+01:00;2025-02-13T15:13:00+01:00;Lunes;Jueves;ZBS Villablino;Rural;H. El Bierzo;Bierzo;León;56;Mujer
2025-02-10T18:53:00+01:00;2025-02-13T18:26:00+01:00;Lunes;Jueves;ZBS Sotillo de Adrada;Rural;C.A.U. Salamanca;Salamanca;Salamanca;75;Mujer
2025-02-10T17:29:00+01:00;2025-02-12T13:14:00+01:00;Lunes;Miércoles;ZBS Berlanga de Duero;Rural;C.A. Soria;Soria;Soria;86;Mujer
2025-02-10T16:46:00+01:00;2025-02-25T07:45:00+01:00;Lunes;Martes;ZBS Puerta Nueva;Urbano;C.A.U. Salamanca;Salamanca;Salamanca;70;Mujer
2025-02-10T16:26:00+01:00;2025-02-14T14:54:00+01:00;Lunes;Viernes;ZBS Portillo;Rural;H.C.U. Valladolid;Valladolid Este;Valladolid;87;Hombre
2025-02-10T14:38:00+01:00;2025-02-17T15:32:00+01:00;Lunes;Lunes;ZBS Miranda Oeste;Urbano;C.A.U. Burgos;Burgos;Burgos;63;Hombre
2025-02-10T12:02:00+01:00;2025-02-11T15:30:00+01:00;Lunes;Martes;Zona Desconocida;Otra;C.A. Soria;Soria;Soria;70;Hombre
2025-02-10T11:45:00+01:00;2025-02-24T13:04:00+01:00;Lunes;Lunes;ZBS Pisuerga;Rural;H.U. Río Hortega;Valladolid Oeste;Valladolid;80;Mujer
2025-02-10T11:15:00+01:00;2025-02-12T20:21:00+01:00;Lunes;Miércoles;ZBS La Guareña;Rural;C.A.U. Salamanca;Salamanca;Salamanca;70;Mujer
2025-02-10T10:22:00+01:00;2025-02-14T18:47:00+01:00;Lunes;Viernes;ZBS Garrido Norte;Urbano;C.A.U. Salamanca;Salamanca;Salamanca;85;Mujer
2025-02-10T05:05:00+01:00;2025-02-11T10:00:00+01:00;Lunes;Martes;ZBS Cervera de Pisuerga;Rural;H.C.U. Valladolid;Valladolid Este;Valladolid;48;Mujer
2025-02-10T04:29:00+01:00;2025-02-17T19:11:00+01:00;Lunes;Lunes;ZBS Puerta Nueva;Urbano;C.A.U. Salamanca;Salamanca;Salamanca;81;Mujer
2025-02-10T01:32:00+01:00;2025-02-17T19:19:00+01:00;Lunes;Lunes;ZBS Valladolid Rural I;Rural;H.C.U. Valladolid;Valladolid Este;Valladolid;82;Mujer
2025-02-10T01:30:00+01:00;2025-02-18T11:18:00+01:00;Lunes;Martes;ZBS Jardinillos;Urbano;H.C.U. Valladolid;Valladolid Este;Valladolid;49;Hombre
2025-02-10T00:05:00+01:00;2025-02-15T17:04:00+01:00;Domingo;Sábado;ZBS Miguel Armijo;Urbano;C.A.U. Salamanca;Salamanca;Salamanca;85;Hombre
2025-02-09T23:17:00+01:00;2025-02-12T16:46:00+01:00;Domingo;Miércoles;ZBS Cristobal Acosta;Urbano;C.A.U. Burgos;Burgos;Burgos;51;Hombre
2025-02-09T23:08:00+01:00;2025-02-14T17:48:00+01:00;Domingo;Viernes;ZBS De la Puebla;Urbano;C.A.U. Palencia;Palencia;Palencia;69;Hombre
2025-02-09T22:17:00+01:00;2025-02-26T12:17:00+01:00;Domingo;Miércoles;ZBS Medina de Rioseco;Rural;H.U. Río Hortega;Valladolid Oeste;Valladolid;81;Mujer
2025-02-09T21:23:00+01:00;2025-02-14T17:25:00+01:00;Domingo;Viernes;ZBS Pedrosillo el Ralo;Rural;C.A.U. Salamanca;Salamanca;Salamanca;91;Mujer
2025-02-09T18:58:00+01:00;2025-02-13T14:46:00+01:00;Domingo;Jueves;ZBS Muñico;Rural;C.A. Ávila;Ávila;Ávila;91;Hombre
2025-02-09T18:53:00+01:00;2025-02-12T14:50:00+01:00;Domingo;Miércoles;ZBS Ávila Rural;Rural;C.A. Ávila;Ávila;Ávila;90;Hombre
2025-02-09T17:15:00+01:00;2025-02-10T14:49:00+01:00;Domingo;Lunes;ZBS Berlanga de Duero;Rural;C.A.U. Burgos;Burgos;Burgos;86;Mujer
2025-02-09T16:59:00+01:00;2025-02-13T15:02:00+01:00;Domingo;Jueves;ZBS Circunvalación;Urbano;H.C.U. Valladolid;Valladolid Este;Valladolid;88;Hombre
2025-02-09T16:33:00+01:00;2025-02-18T13:47:00+01:00;Domingo;Martes;ZBS Virgen de la Concha;Urbano;C.A. Zamora;Zamora;Zamora;93;Mujer
2025-02-09T16:19:00+01:00;2025-02-11T16:26:00+01:00;Domingo;Martes;ZBS Briviesca;Urbano;C.A.U. Burgos;Burgos;Burgos;63;Mujer
2025-02-09T15:23:00+01:00;2025-02-13T16:00:00+01:00;Domingo;Jueves;ZBS Medina del Campo Urbano;Urbano;H.C.U. Valladolid;Valladolid Este;Valladolid;81;Mujer
2025-02-09T12:59:00+01:00;2025-02-17T15:57:00+01:00;Domingo;Lunes;ZBS Puente de Domingo Florez;Rural;H. El Bierzo;Bierzo;León;81;Hombre
2025-02-09T08:24:00+01:00;2025-02-14T20:53:00+01:00;Domingo;Viernes;ZBS Paredes de Nava;Rural;C.A.U. Palencia;Palencia;Palencia;81;Hombre
2025-02-09T07:04:00+01:00;2025-02-14T16:36:00+01:00;Domingo;Viernes;ZBS Segovia I;Urbano;C.A. Segovia;Segovia;Segovia;83;Hombre
2025-02-09T06:45:00+01:00;2025-02-15T18:00:00+01:00;Domingo;Sábado;ZBS Eras de Renueva;Urbano;C.A.U. León;León;León;75;Hombre
2025-02-09T03:13:00+01:00;2025-02-12T15:32:00+01:00;Domingo;Miércoles;ZBS San Pedro Arroyo;Rural;C.A. Ávila;Ávila;Ávila;79;Mujer
2025-02-09T03:06:00+01:00;2025-04-16T13:55:00+02:00;Domingo;Miércoles;ZBS Circunvalación;Urbano;H.C.U. Valladolid;Valladolid Este;Valladolid;77;Hombre
2025-02-09T01:45:00+01:00;2025-02-25T14:39:00+01:00;Domingo;Martes;ZBS Segovia I;Urbano;C.A. Segovia;Segovia;Segovia;86;Mujer
2025-02-09T00:53:00+01:00;2025-02-14T17:22:00+01:00;Sábado;Viernes;ZBS San Andrés del Rabanedo;Rural;C.A.U. León;León;León;85;Mujer
2025-02-08T22:31:00+01:00;2025-02-14T16:34:00+01:00;Sábado;Viernes;ZBS Trobajo del Camino;Rural;C.A.U. León;León;León;57;Mujer
2025-02-08T21:43:00+01:00;2025-02-11T21:46:00+01:00;Sábado;Martes;ZBS Alba de Tormes;Rural;C.A.U. Salamanca;Salamanca;Salamanca;89;Mujer
2025-02-08T20:48:00+01:00;2025-02-12T20:35:00+01:00;Sábado;Miércoles;ZBS Benavente Norte;Urbano;C.A. Zamora;Zamora;Zamora;93;Hombre
2025-02-08T20:23:00+01:00;2025-02-12T14:53:00+01:00;Sábado;Miércoles;ZBS Bierzo;Urbano;H. El Bierzo;Bierzo;León;82;Hombre
2025-02-08T20:21:00+01:00;2025-02-11T18:11:00+01:00;Sábado;Martes;ZBS Las Navas del Marqués;Urbano;C.A.U. Salamanca;Salamanca;Salamanca;65;Mujer
2025-02-08T04:48:00+01:00;2025-02-10T12:30:00+01:00;Sábado;Lunes;ZBS Crucero;Urbano;C.A.U. León;León;León;71;Hombre
2025-02-08T02:06:00+01:00;2025-02-18T11:00:00+01:00;Sábado;Martes;ZBS Benavente Sur;Urbano;C.A. Zamora;Zamora;Zamora;73;Hombre
2025-02-08T01:40:00+01:00;2025-02-10T19:08:00+01:00;Sábado;Lunes;ZBS Gamazo;Urbano;H.C.U. Valladolid;Valladolid Este;Valladolid;90;Mujer
2025-02-08T00:35:00+01:00;2025-02-17T10:46:00+01:00;Viernes;Lunes;ZBS Medina del Campo Urbano;Urbano;H.C.U. Valladolid;Valladolid Este;Valladolid;87;Mujer
2025-02-08T00:08:00+01:00;2025-02-11T14:44:00+01:00;Viernes;Martes;ZBS Miranda Oeste;Urbano;H. Santiago Apóstol;Burgos;Burgos;90;Mujer
2025-02-07T22:17:00+01:00;2025-02-14T18:48:00+01:00;Viernes;Viernes;ZBS Ávila Estación;Urbano;C.A.U. Salamanca;Salamanca;Salamanca;65;Mujer
2025-02-07T19:56:00+01:00;2025-03-10T12:24:00+01:00;Viernes;Lunes;ZBS Villalón de Campos;Rural;H.U. Río Hortega;Valladolid Oeste;Valladolid;69;Hombre
2025-02-07T19:24:00+01:00;2025-02-19T15:27:00+01:00;Viernes;Miércoles;ZBS Mombeltrán;Rural;C.A. Ávila;Ávila;Ávila;77;Hombre
2025-02-07T18:11:00+01:00;2025-02-18T18:23:00+01:00;Viernes;Martes;ZBS Periurbana Sur;Rural;C.A.U. Salamanca;Salamanca;Salamanca;81;Mujer
2025-02-07T15:16:00+01:00;2025-02-10T18:35:00+01:00;Viernes;Lunes;ZBS Cebreros;Rural;C.A.U. Salamanca;Salamanca;Salamanca;57;Hombre
2025-02-07T14:52:00+01:00;2025-02-11T16:42:00+01:00;Viernes;Martes;ZBS Gamazo;Urbano;H.C.U. Valladolid;Valladolid Este;Valladolid;69;Hombre
2025-02-07T14:07:00+01:00;2025-02-14T16:33:00+01:00;Viernes;Viernes;ZBS Condesa;Urbano;C.A.U. León;León;León;68;Mujer
2025-02-07T14:00:00+01:00;2025-03-20T10:45:00+01:00;Viernes;Jueves;ZBS Gamazo;Urbano;H.C.U. Valladolid;Valladolid Este;Valladolid;66;Hombre
2025-02-07T13:06:00+01:00;2025-02-07T19:20:00+01:00;Viernes;Viernes;ZBS La Palomera;Urbano;C.A.U. León;León;León;75;Hombre
2025-02-07T05:44:00+01:00;2025-02-17T18:46:00+01:00;Viernes;Lunes;ZBS Medina del Campo Rural;Rural;H.C.U. Valladolid;Valladolid Este;Valladolid;39;Mujer
2025-02-07T04:56:00+01:00;2025-02-11T12:42:00+01:00;Viernes;Martes;ZBS Rondilla I;Urbano;H.C.U. Valladolid;Valladolid Este;Valladolid;65;Hombre
2025-02-07T00:48:00+01:00;2025-02-10T19:29:00+01:00;Jueves;Lunes;ZBS Virgen de la Concha;Urbano;C.A.U. Salamanca;Salamanca;Salamanca;51;Mujer
2025-02-07T00:13:00+01:00;2025-02-14T14:35:00+01:00;Jueves;Viernes;ZBS Segovia III;Urbano;C.A. Segovia;Segovia;Segovia;82;Mujer
2025-02-06T23:55:00+01:00;2025-02-11T18:10:00+01:00;Jueves;Martes;ZBS Garrido Sur;Urbano;C.A.U. Salamanca;Salamanca;Salamanca;70;Hombre
2025-02-06T22:50:00+01:00;2025-02-14T16:32:00+01:00;Jueves;Viernes;ZBS Ribera del Órbigo;Rural;C.A.U. León;León;León;68;Hombre
2025-02-06T22:10:00+01:00;2025-02-24T13:11:00+01:00;Jueves;Lunes;ZBS La Victoria;Urbano;H.U. Río Hortega;Valladolid Oeste;Valladolid;62;Mujer
2025-02-06T20:06:00+01:00;2025-02-18T15:28:00+01:00;Jueves;Martes;ZBS Arturo Eyries;Urbano;H.U. Río Hortega;Valladolid Oeste;Valladolid;63;Hombre
2025-02-06T19:26:00+01:00;2025-02-08T18:01:00+01:00;Jueves;Sábado;ZBS Miguel Armijo;Urbano;C.A.U. Salamanca;Salamanca;Salamanca;91;Mujer
2025-02-06T17:38:00+01:00;2025-02-13T23:25:00+01:00;Jueves;Jueves;ZBS Ribera del Órbigo;Rural;C.A.U. León;León;León;90;Hombre
2025-02-06T16:20:00+01:00;2025-02-10T19:25:00+01:00;Jueves;Lunes;ZBS Zamora Sur;Rural;C.A.U. Salamanca;Salamanca;Salamanca;88;Hombre
2025-02-06T15:54:00+01:00;2025-05-16T16:01:00+02:00;Jueves;Viernes;ZBS Miranda Este;Urbano;C.A.U. Burgos;Burgos;Burgos;55;Hombre
2025-02-06T15:53:00+01:00;2025-02-18T15:23:00+01:00;Jueves;Martes;ZBS Rondilla I;Urbano;H.C.U. Valladolid;Valladolid Este;Valladolid;74;Hombre
2025-02-06T15:40:00+01:00;2025-02-13T18:17:00+01:00;Jueves;Jueves;ZBS Frómista;Rural;C.A.U. Palencia;Palencia;Palencia;92;Mujer
2025-02-06T15:23:00+01:00;2025-02-24T17:58:00+01:00;Jueves;Lunes;ZBS Nava de la Asunción;Rural;C.A. Segovia;Segovia;Segovia;48;Hombre
2025-02-06T13:19:00+01:00;2025-02-12T20:09:00+01:00;Jueves;Miércoles;ZBS Zamora Norte;Rural;C.A.U. Salamanca;Salamanca;Salamanca;70;Hombre
2025-02-06T12:46:00+01:00;2025-02-19T15:11:00+01:00;Jueves;Miércoles;ZBS Torquemada;Rural;C.A.U. Palencia;Palencia;Palencia;68;Hombre
2025-02-06T02:53:00+01:00;2025-02-06T13:41:00+01:00;Jueves;Jueves;ZBS Zamora Norte;Rural;C.A. Zamora;Zamora;Zamora;70;Hombre
2025-02-05T22:00:00+01:00;2025-02-10T19:27:00+01:00;Miércoles;Lunes;ZBS Las Navas del Marqués;Urbano;C.A.U. Salamanca;Salamanca;Salamanca;76;Mujer
2025-02-05T21:30:00+01:00;2025-02-07T17:25:00+01:00;Miércoles;Viernes;ZBS Astorga II;Rural;C.A.U. León;León;León;90;Mujer
2025-02-05T19:17:00+01:00;2025-02-10T16:26:00+01:00;Miércoles;Lunes;ZBS Segovia III;Urbano;C.A. Segovia;Segovia;Segovia;78;Hombre
2025-02-05T19:16:00+01:00;2025-02-14T17:26:00+01:00;Miércoles;Viernes;ZBS Béjar;Urbano;C.A.U. Salamanca;Salamanca;Salamanca;86;Hombre
2025-02-05T18:25:00+01:00;2025-02-13T19:45:00+01:00;Miércoles;Jueves;ZBS Ribera del Órbigo;Rural;C.A.U. León;León;León;79;Hombre
2025-02-05T17:49:00+01:00;2025-02-11T16:25:00+01:00;Miércoles;Martes;ZBS Cristobal Acosta;Urbano;C.A.U. Burgos;Burgos;Burgos;86;Hombre
2025-02-05T17:13:00+01:00;2025-02-08T17:24:00+01:00;Miércoles;Sábado;ZBS Toro;Urbano;C.A.U. Salamanca;Salamanca;Salamanca;84;Mujer
2025-02-05T17:13:00+01:00;2025-02-10T17:01:00+01:00;Miércoles;Lunes;ZBS Aranda Norte;Urbano;C.A.U. Burgos;Burgos;Burgos;85;Mujer
2025-02-05T16:34:00+01:00;2025-02-10T19:26:00+01:00;Miércoles;Lunes;ZBS Ávila Rural;Rural;C.A.U. Salamanca;Salamanca;Salamanca;60;Hombre
2025-02-05T16:20:00+01:00;2025-02-12T21:37:00+01:00;Miércoles;Miércoles;ZBS Garrido Norte;Urbano;C.A.U. Salamanca;Salamanca;Salamanca;84;Mujer
2025-02-05T14:43:00+01:00;2025-03-03T11:52:00+01:00;Miércoles;Lunes;ZBS Palencia Rural;Rural;C.A.U. Palencia;Palencia;Palencia;70;Mujer
2025-02-05T13:27:00+01:00;2025-02-06T19:52:00+01:00;Miércoles;Jueves;ZBS Arturo Eyries;Urbano;H.C.U. Valladolid;Valladolid Este;Valladolid;63;Hombre
2025-02-05T13:11:00+01:00;2025-02-07T12:34:00+01:00;Miércoles;Viernes;ZBS Fabero;Rural;H. El Bierzo;Bierzo;León;86;Hombre
2025-02-05T07:13:00+01:00;2025-02-11T18:06:00+01:00;Miércoles;Martes;ZBS Fuenteguinaldo;Rural;C.A.U. Salamanca;Salamanca;Salamanca;81;Mujer
2025-02-05T03:21:00+01:00;2025-02-28T21:27:00+01:00;Miércoles;Viernes;ZBS La Palomera;Urbano;C.A.U. León;León;León;85;Mujer
2025-02-05T02:39:00+01:00;2025-02-12T17:51:00+01:00;Miércoles;Miércoles;ZBS Baltanás;Rural;C.A.U. Palencia;Palencia;Palencia;88;Hombre
2025-02-05T02:09:00+01:00;2025-02-05T07:06:00+01:00;Miércoles;Miércoles;ZBS Tudela;Rural;H.C.U. Valladolid;Valladolid Este;Valladolid;86;Mujer
2025-02-05T00:58:00+01:00;2025-02-10T18:04:00+01:00;Martes;Lunes;ZBS De la Puebla;Urbano;H.C.U. Valladolid;Valladolid Este;Valladolid;77;Mujer
2025-02-05T00:20:00+01:00;2025-02-05T14:35:00+01:00;Martes;Miércoles;ZBS Piedrahita;Rural;C.A. Ávila;Ávila;Ávila;61;Hombre
2025-02-04T22:01:00+01:00;2025-02-25T12:55:00+01:00;Martes;Martes;ZBS Pilarica;Urbano;H.C.U. Valladolid;Valladolid Este;Valladolid;85;Mujer
2025-02-04T21:55:00+01:00;2025-02-07T19:57:00+01:00;Martes;Viernes;ZBS Ribera del Órbigo;Rural;C.A.U. León;León;León;96;Mujer
2025-02-04T21:10:00+01:00;2025-02-07T19:35:00+01:00;Martes;Viernes;ZBS Ribera del Órbigo;Rural;C.A.U. León;León;León;93;Mujer
2025-02-04T20:30:00+01:00;2025-03-03T12:03:00+01:00;Martes;Lunes;ZBS Pintor Oliva;Urbano;C.A.U. Palencia;Palencia;Palencia;68;Mujer
2025-02-04T18:55:00+01:00;2025-02-10T10:41:00+01:00;Martes;Lunes;ZBS Benavente Sur;Urbano;C.A. Zamora;Zamora;Zamora;86;Mujer
2025-02-04T18:52:00+01:00;2025-02-12T14:17:00+01:00;Martes;Miércoles;ZBS Benavente Norte;Urbano;C.A. Zamora;Zamora;Zamora;58;Mujer
2025-02-04T18:33:00+01:00;2025-02-06T12:17:00+01:00;Martes;Jueves;ZBS Burgohondo;Rural;C.A. Ávila;Ávila;Ávila;80;Hombre
2025-02-04T18:33:00+01:00;2025-02-10T18:33:00+01:00;Martes;Lunes;ZBS Toreno;Rural;C.A.U. León;León;León;66;Mujer
2025-02-04T16:42:00+01:00;2025-02-10T14:50:00+01:00;Martes;Lunes;ZBS Miranda Oeste;Urbano;H. Santiago Apóstol;Burgos;Burgos;63;Hombre
2025-02-04T14:28:00+01:00;2025-02-10T16:26:00+01:00;Martes;Lunes;ZBS Arévalo;Urbano;C.A. Segovia;Segovia;Segovia;81;Hombre
2025-02-04T12:16:00+01:00;2025-02-07T19:14:00+01:00;Martes;Viernes;ZBS Valladolid Rural I;Rural;H.C.U. Valladolid;Valladolid Este;Valladolid;86;Mujer
2025-02-04T11:49:00+01:00;2025-02-06T11:44:00+01:00;Martes;Jueves;ZBS Carbajales de Alba;Rural;C.A. Zamora;Zamora;Zamora;86;Hombre
2025-02-04T01:48:00+01:00;2025-02-13T17:11:00+01:00;Martes;Jueves;ZBS San Esteban de Gormaz;Rural;C.A.U. Burgos;Burgos;Burgos;78;Hombre
2025-02-04T01:36:00+01:00;2025-02-14T15:47:00+01:00;Martes;Viernes;ZBS Ponferrada III;Urbano;H. El Bierzo;Bierzo;León;91;Mujer
2025-02-03T23:00:00+01:00;2025-04-09T16:55:00+02:00;Lunes;Miércoles;ZBS Ponferrada III;Urbano;C.A.U. León;León;León;63;Mujer
2025-02-03T22:20:00+01:00;2025-02-06T16:50:00+01:00;Lunes;Jueves;ZBS Ávila Sur Oeste;Urbano;C.A.U. Salamanca;Salamanca;Salamanca;82;Hombre
2025-02-03T20:17:00+01:00;2025-02-06T16:31:00+01:00;Lunes;Jueves;ZBS Cuenca del Bernesga;Rural;C.A.U. León;León;León;73;Hombre
2025-02-03T20:14:00+01:00;2025-02-05T17:12:00+01:00;Lunes;Miércoles;ZBS Armunia;Rural;C.A.U. León;León;León;73;Hombre
2025-02-03T18:16:00+01:00;2025-02-04T19:29:00+01:00;Lunes;Martes;ZBS Burgohondo;Rural;C.A.U. Salamanca;Salamanca;Salamanca;80;Hombre
2025-02-03T16:28:00+01:00;2025-02-07T20:00:00+01:00;Lunes;Viernes;ZBS Mombeltrán;Rural;C.A.U. Salamanca;Salamanca;Salamanca;77;Hombre
2025-02-03T15:33:00+01:00;2025-02-10T13:43:00+01:00;Lunes;Lunes;ZBS Los Cubos;Urbano;C.A.U. Burgos;Burgos;Burgos;64;Hombre
2025-02-03T14:40:00+01:00;2025-02-21T15:08:00+01:00;Lunes;Viernes;ZBS Arévalo;Urbano;C.A. Ávila;Ávila;Ávila;89;Hombre
2025-02-03T13:40:00+01:00;2025-02-06T18:13:00+01:00;Lunes;Jueves;ZBS Calzada de Valdunciel;Rural;C.A.U. Salamanca;Salamanca;Salamanca;80;Hombre
2025-02-03T13:31:00+01:00;2025-02-13T17:13:00+01:00;Lunes;Jueves;ZBS Burgos Rural Norte;Rural;C.A.U. Burgos;Burgos;Burgos;71;Hombre
2025-02-03T12:17:00+01:00;2025-02-10T18:37:00+01:00;Lunes;Lunes;ZBS Valderas;Rural;C.A.U. León;León;León;88;Mujer
2025-02-03T01:57:00+01:00;2025-02-03T16:10:00+01:00;Lunes;Lunes;ZBS Fuenteguinaldo;Rural;C.A.U. Salamanca;Salamanca;Salamanca;94;Hombre
2025-02-03T01:40:00+01:00;2025-02-17T21:14:00+01:00;Lunes;Lunes;ZBS Fuente de San Esteban;Rural;C.A.U. Salamanca;Salamanca;Salamanca;87;Mujer
2025-02-03T00:25:00+01:00;2025-02-13T11:06:00+01:00;Domingo;Jueves;ZBS Sotillo de Adrada;Rural;C.A. Ávila;Ávila;Ávila;60;Hombre
2025-02-02T20:36:00+01:00;2025-03-09T08:00:00+01:00;Domingo;Domingo;ZBS Soria Sur;Urbano;C.A. Soria;Soria;Soria;78;Hombre
2025-02-02T20:10:00+01:00;2025-02-10T14:34:00+01:00;Domingo;Lunes;ZBS Puebla de Sanabria;Rural;C.A. Zamora;Zamora;Zamora;80;Hombre
2025-02-02T09:59:00+01:00;2025-02-12T19:00:00+01:00;Domingo;Miércoles;ZBS Garrido Norte;Urbano;C.A.U. Salamanca;Salamanca;Salamanca;60;Hombre
2025-02-02T03:59:00+01:00;2025-02-03T21:02:00+01:00;Domingo;Lunes;ZBS Aldeadávila de la Ribera;Rural;C.A.U. Salamanca;Salamanca;Salamanca;90;Mujer
2025-02-02T02:41:00+01:00;2025-02-11T21:27:00+01:00;Domingo;Martes;ZBS Carbonero El Mayor;Rural;H.C.U. Valladolid;Valladolid Este;Valladolid;79;Hombre
2025-02-01T21:23:00+01:00;2025-02-01T22:00:00+01:00;Sábado;Sábado;ZBS Carbonero El Mayor;Rural;C.A. Segovia;Segovia;Segovia;79;Hombre
2025-02-01T19:55:00+01:00;2025-02-04T17:09:00+01:00;Sábado;Martes;ZBS Benavente Norte;Urbano;C.A.U. León;León;León;58;Mujer
2025-02-01T18:22:00+01:00;2025-02-04T17:25:00+01:00;Sábado;Martes;ZBS Garrido Sur;Urbano;C.A.U. Salamanca;Salamanca;Salamanca;77;Hombre
2025-02-01T17:16:00+01:00;2025-02-19T18:29:00+01:00;Sábado;Miércoles;ZBS José Aguado II;Urbano;C.A.U. León;León;León;84;Hombre
2025-02-01T16:57:00+01:00;2025-02-18T18:30:00+01:00;Sábado;Martes;ZBS Alba de Tormes;Rural;C.A.U. Salamanca;Salamanca;Salamanca;89;Mujer
2025-02-01T16:29:00+01:00;2025-02-26T18:20:00+01:00;Sábado;Miércoles;ZBS Alba de Tormes;Rural;C.A.U. Salamanca;Salamanca;Salamanca;87;Mujer
2025-02-01T14:49:00+01:00;2025-02-06T17:19:00+01:00;Sábado;Jueves;ZBS José Luis Santamaría;Urbano;C.A.U. Burgos;Burgos;Burgos;70;Hombre
2025-02-01T13:10:00+01:00;2025-02-06T20:17:00+01:00;Sábado;Jueves;ZBS Tordesillas;Rural;H.U. Río Hortega;Valladolid Oeste;Valladolid;88;Hombre
2025-02-01T12:03:00+01:00;2025-02-07T19:36:00+01:00;Sábado;Viernes;ZBS José Aguado II;Urbano;C.A.U. León;León;León;79;Mujer
2025-02-01T09:39:00+01:00;2025-02-06T16:59:00+01:00;Sábado;Jueves;ZBS Huerta del Rey;Urbano;H.U. Río Hortega;Valladolid Oeste;Valladolid;87;Hombre
2025-02-01T03:53:00+01:00;2025-04-02T15:23:00+02:00;Sábado;Miércoles;ZBS Ponferrada IV;Urbano;C.A.U. León;León;León;46;Mujer
2025-02-01T02:32:00+01:00;2025-02-06T14:46:00+01:00;Sábado;Jueves;ZBS Pilarica;Urbano;H.C.U. Valladolid;Valladolid Este;Valladolid;69;Mujer
2025-02-01T02:30:00+01:00;2025-02-01T15:15:00+01:00;Sábado;Sábado;ZBS Canterac;Urbano;H.C.U. Valladolid;Valladolid Este;Valladolid;81;Hombre
2025-02-01T00:43:00+01:00;2025-02-06T15:24:00+01:00;Viernes;Jueves;ZBS Villablino;Rural;H. El Bierzo;Bierzo;León;88;Mujer
2025-01-31T21:29:00+01:00;2025-02-07T17:10:00+01:00;Viernes;Viernes;ZBS Aranda Rural;Rural;C.A.U. Burgos;Burgos;Burgos;88;Mujer
2025-01-31T21:01:00+01:00;2025-02-03T18:39:00+01:00;Viernes;Lunes;ZBS Santa Clara;Urbano;C.A.U. Burgos;Burgos;Burgos;99;Mujer
2025-01-31T21:00:00+01:00;2025-02-12T17:08:00+01:00;Viernes;Miércoles;ZBS Ólvega;Rural;C.A. Soria;Soria;Soria;92;Hombre
2025-01-31T20:33:00+01:00;2025-02-05T14:09:00+01:00;Viernes;Miércoles;ZBS Tudela;Rural;H.C.U. Valladolid;Valladolid Este;Valladolid;79;Hombre
2025-01-31T19:59:00+01:00;2025-02-07T01:12:00+01:00;Viernes;Viernes;ZBS Parquesol;Urbano;H.U. Río Hortega;Valladolid Oeste;Valladolid;87;Mujer
2025-01-31T19:05:00+01:00;2025-02-01T06:30:00+01:00;Viernes;Sábado;ZBS San Andrés del Rabanedo;Rural;C.A.U. León;León;León;73;Mujer
2025-01-31T18:40:00+01:00;2025-02-05T16:04:00+01:00;Viernes;Miércoles;ZBS Aranda Rural;Rural;H. Santos Reyes;Burgos;Burgos;84;Mujer
2025-01-31T16:42:00+01:00;2025-02-04T21:08:00+01:00;Viernes;Martes;Zona Desconocida;Otra;C.A.U. Salamanca;Salamanca;Salamanca;81;Hombre
2025-01-31T16:24:00+01:00;2025-02-03T18:08:00+01:00;Viernes;Lunes;ZBS Condesa;Urbano;C.A.U. León;León;León;87;Mujer
2025-01-31T15:42:00+01:00;2025-02-19T18:45:00+01:00;Viernes;Miércoles;ZBS Lerma;Rural;C.A.U. Burgos;Burgos;Burgos;67;Hombre
2025-01-31T14:15:00+01:00;2025-02-05T14:18:00+01:00;Viernes;Miércoles;Zona Desconocida;Otra;C.A. Zamora;Zamora;Zamora;71;Hombre
2025-01-31T07:43:00+01:00;2025-02-12T10:48:00+01:00;Viernes;Miércoles;ZBS La Victoria;Urbano;H.C.U. Valladolid;Valladolid Este;Valladolid;74;Hombre
2025-01-31T03:15:00+01:00;2025-02-03T15:34:00+01:00;Viernes;Lunes;ZBS Burgohondo;Rural;C.A. Ávila;Ávila;Ávila;80;Hombre
2025-01-31T01:00:00+01:00;2025-02-04T16:34:00+01:00;Viernes;Martes;ZBS Villarcayo;Rural;C.A.U. Burgos;Burgos;Burgos;69;Mujer
2025-01-30T22:55:00+01:00;2025-02-05T12:27:00+01:00;Jueves;Miércoles;ZBS Zamora Norte;Rural;C.A. Zamora;Zamora;Zamora;84;Mujer
2025-01-30T21:59:00+01:00;2025-02-11T12:35:00+01:00;Jueves;Martes;ZBS Circular;Urbano;H.C.U. Valladolid;Valladolid Este;Valladolid;91;Mujer
2025-01-30T21:58:00+01:00;2025-02-02T16:10:00+01:00;Jueves;Domingo;ZBS Ávila Estación;Urbano;C.A.U. Salamanca;Salamanca;Salamanca;79;Hombre
2025-01-30T20:55:00+01:00;2025-02-10T17:33:00+01:00;Jueves;Lunes;ZBS Eras del Bosque;Urbano;C.A.U. Palencia;Palencia;Palencia;68;Mujer
2025-01-30T20:51:00+01:00;2025-02-07T16:40:00+01:00;Jueves;Viernes;ZBS Cuéllar;Urbano;C.A. Segovia;Segovia;Segovia;71;Mujer
2025-01-30T20:12:00+01:00;2025-02-05T18:00:00+01:00;Jueves;Miércoles;ZBS Béjar;Urbano;C.A.U. Salamanca;Salamanca;Salamanca;82;Mujer
2025-01-30T19:13:00+01:00;2025-02-12T10:47:00+01:00;Jueves;Miércoles;ZBS Medina del Campo Rural;Rural;H.C.U. Valladolid;Valladolid Este;Valladolid;63;Hombre
2025-01-30T19:08:00+01:00;2025-01-31T09:45:00+01:00;Jueves;Viernes;ZBS Calzada de Valdunciel;Rural;C.A.U. Salamanca;Salamanca;Salamanca;93;Hombre
2025-01-30T18:44:00+01:00;2025-02-25T19:13:00+01:00;Jueves;Martes;ZBS De la Puebla;Urbano;H.C.U. Valladolid;Valladolid Este;Valladolid;82;Hombre
2025-01-30T18:10:00+01:00;2025-02-05T14:42:00+01:00;Jueves;Miércoles;ZBS Ávila Estación;Urbano;C.A. Ávila;Ávila;Ávila;72;Hombre
2025-01-30T15:39:00+01:00;2025-02-04T16:59:00+01:00;Jueves;Martes;ZBS Pizarrales-Vidal;Urbano;C.A.U. Salamanca;Salamanca;Salamanca;73;Mujer
2025-01-30T15:23:00+01:00;2025-02-04T18:57:00+01:00;Jueves;Martes;ZBS Ávila Sur Este;Urbano;C.A.U. Salamanca;Salamanca;Salamanca;48;Hombre
2025-01-30T14:04:00+01:00;2025-02-04T15:42:00+01:00;Jueves;Martes;ZBS Plaza del Ejército;Urbano;H.C.U. Valladolid;Valladolid Este;Valladolid;89;Mujer
2025-01-30T13:45:00+01:00;2025-02-17T18:21:00+01:00;Jueves;Lunes;ZBS Olmedo;Rural;H.C.U. Valladolid;Valladolid Este;Valladolid;76;Hombre
2025-01-30T04:18:00+01:00;2025-02-04T17:10:00+01:00;Jueves;Martes;ZBS Benavente Sur;Urbano;C.A.U. León;León;León;86;Mujer
2025-01-30T03:13:00+01:00;2025-02-04T17:37:00+01:00;Jueves;Martes;ZBS Soria Norte;Urbano;C.A.U. Burgos;Burgos;Burgos;60;Hombre
2025-01-30T03:07:00+01:00;2025-02-03T02:35:00+01:00;Jueves;Lunes;ZBS Huerta del Rey;Urbano;H.U. Río Hortega;Valladolid Oeste;Valladolid;92;Mujer
2025-01-30T02:01:00+01:00;2025-02-07T15:32:00+01:00;Jueves;Viernes;ZBS Soria Sur;Urbano;C.A. Soria;Soria;Soria;56;Hombre
2025-01-30T01:16:00+01:00;2025-01-31T17:49:00+01:00;Jueves;Viernes;ZBS Sotillo de Adrada;Rural;C.A.U. Salamanca;Salamanca;Salamanca;61;Mujer
2025-01-29T22:36:00+01:00;2025-02-04T17:27:00+01:00;Miércoles;Martes;ZBS Garrido Norte;Urbano;C.A.U. Salamanca;Salamanca;Salamanca;82;Hombre
2025-01-29T22:31:00+01:00;2025-02-25T12:32:00+01:00;Miércoles;Martes;ZBS Jardinillos;Urbano;C.A.U. Palencia;Palencia;Palencia;72;Hombre
2025-01-29T22:28:00+01:00;2025-02-05T17:39:00+01:00;Miércoles;Miércoles;ZBS Ávila Sur Oeste;Urbano;H.C.U. Valladolid;Valladolid Este;Valladolid;88;Mujer
2025-01-29T21:08:00+01:00;2025-02-04T18:23:00+01:00;Miércoles;Martes;ZBS Cuéllar;Urbano;C.A. Segovia;Segovia;Segovia;74;Hombre
2025-01-29T20:50:00+01:00;2025-01-30T21:06:00+01:00;Miércoles;Jueves;ZBS Eras del Bosque;Urbano;H.C.U. Valladolid;Valladolid Este;Valladolid;68;Mujer
2025-01-29T20:41:00+01:00;2025-02-11T15:17:00+01:00;Miércoles;Martes;ZBS Ponferrada IV;Urbano;H. El Bierzo;Bierzo;León;75;Hombre
2025-01-29T19:49:00+01:00;2025-02-03T17:51:00+01:00;Miércoles;Lunes;ZBS Alamedilla;Urbano;C.A.U. Salamanca;Salamanca;Salamanca;48;Hombre
2025-01-29T19:16:00+01:00;2025-02-03T14:24:00+01:00;Miércoles;Lunes;ZBS Burgohondo;Rural;C.A. Ávila;Ávila;Ávila;76;Hombre
2025-01-29T18:36:00+01:00;2025-01-31T17:32:00+01:00;Miércoles;Viernes;ZBS Aranda Norte;Urbano;C.A.U. Burgos;Burgos;Burgos;84;Mujer
2025-01-29T18:09:00+01:00;2025-02-10T17:35:00+01:00;Miércoles;Lunes;ZBS De la Puebla;Urbano;C.A.U. Palencia;Palencia;Palencia;59;Hombre
2025-01-29T18:04:00+01:00;2025-01-31T17:06:00+01:00;Miércoles;Viernes;ZBS Laguna de Duero;Rural;H.C.U. Valladolid;Valladolid Este;Valladolid;60;Hombre
2025-01-29T18:03:00+01:00;2025-02-03T17:35:00+01:00;Miércoles;Lunes;ZBS I. López Sáiz;Urbano;C.A.U. Burgos;Burgos;Burgos;71;Hombre
2025-01-29T16:59:00+01:00;2025-02-06T15:35:00+01:00;Miércoles;Jueves;ZBS San Pablo;Urbano;H.C.U. Valladolid;Valladolid Este;Valladolid;75;Mujer
2025-01-29T15:51:00+01:00;2025-01-30T20:54:00+01:00;Miércoles;Jueves;ZBS De la Puebla;Urbano;C.A.U. Palencia;Palencia;Palencia;82;Hombre
2025-01-29T13:18:00+01:00;2025-01-31T16:34:00+01:00;Miércoles;Viernes;ZBS Segovia I;Urbano;C.A. Segovia;Segovia;Segovia;52;Hombre
2025-01-29T11:31:00+01:00;2025-02-03T18:13:00+01:00;Miércoles;Lunes;ZBS Circular;Urbano;H.C.U. Valladolid;Valladolid Este;Valladolid;83;Hombre
2025-01-29T10:49:00+01:00;2025-02-14T17:54:00+01:00;Miércoles;Viernes;ZBS Soria Sur;Urbano;C.A. Soria;Soria;Soria;75;Mujer
2025-01-29T08:50:00+01:00;2025-02-20T20:36:00+01:00;Miércoles;Jueves;ZBS Soria Sur;Urbano;C.A. Soria;Soria;Soria;92;Mujer
2025-01-29T02:20:00+01:00;2025-02-14T15:06:00+01:00;Miércoles;Viernes;ZBS Burgohondo;Rural;C.A. Ávila;Ávila;Ávila;95;Hombre
2025-01-28T22:54:00+01:00;2025-02-10T14:34:00+01:00;Martes;Lunes;ZBS San Pablo;Urbano;H.C.U. Valladolid;Valladolid Este;Valladolid;85;Mujer
2025-01-28T22:18:00+01:00;2025-02-04T16:36:00+01:00;Martes;Martes;ZBS Cristobal Acosta;Urbano;C.A.U. Burgos;Burgos;Burgos;78;Mujer
2025-01-28T20:22:00+01:00;2025-02-03T15:22:00+01:00;Martes;Lunes;ZBS Rondilla I;Urbano;H.C.U. Valladolid;Valladolid Este;Valladolid;81;Mujer
2025-01-28T19:48:00+01:00;2025-02-07T18:17:00+01:00;Martes;Viernes;ZBS Paredes de Nava;Rural;C.A.U. Palencia;Palencia;Palencia;80;Hombre
2025-01-28T19:25:00+01:00;2025-02-10T13:30:00+01:00;Martes;Lunes;ZBS Aranda Rural;Rural;H. Santos Reyes;Burgos;Burgos;77;Hombre
2025-01-28T18:02:00+01:00;2025-02-03T16:29:00+01:00;Martes;Lunes;ZBS Casa del Barco;Urbano;H.U. Río Hortega;Valladolid Oeste;Valladolid;92;Hombre
2025-01-28T14:34:00+01:00;2025-02-06T12:00:00+01:00;Martes;Jueves;Zona Desconocida;Otra;C.A.U. Salamanca;Salamanca;Salamanca;87;Mujer
2025-01-28T12:54:00+01:00;2025-02-05T16:45:00+01:00;Martes;Miércoles;ZBS Los Comuneros;Urbano;C.A.U. Burgos;Burgos;Burgos;80;Mujer
2025-01-28T12:12:00+01:00;2025-01-31T17:46:00+01:00;Martes;Viernes;ZBS Periurbana Norte;Rural;C.A.U. Salamanca;Salamanca;Salamanca;71;Hombre
2025-01-28T07:16:00+01:00;2025-02-10T15:57:00+01:00;Martes;Lunes;ZBS Jardinillos;Urbano;C.A.U. Palencia;Palencia;Palencia;96;Mujer
2025-01-28T04:10:00+01:00;2025-02-07T19:34:00+01:00;Martes;Viernes;ZBS Condesa;Urbano;C.A.U. León;León;León;68;Hombre
2025-01-28T01:03:00+01:00;2025-02-01T12:15:00+01:00;Martes;Sábado;ZBS Ribera del Órbigo;Rural;C.A.U. León;León;León;73;Hombre
2025-01-27T22:55:00+01:00;2025-02-12T20:02:00+01:00;Lunes;Miércoles;ZBS Crucero;Urbano;C.A.U. León;León;León;79;Hombre
2025-01-27T22:22:00+01:00;2025-02-03T14:57:00+01:00;Lunes;Lunes;ZBS José Luis Santamaría;Urbano;C.A.U. Burgos;Burgos;Burgos;54;Mujer
2025-01-27T20:37:00+01:00;2025-02-10T15:15:00+01:00;Lunes;Lunes;ZBS Tordesillas;Rural;H.U. Río Hortega;Valladolid Oeste;Valladolid;71;Hombre
2025-01-27T20:13:00+01:00;2025-01-29T17:58:00+01:00;Lunes;Miércoles;ZBS De la Puebla;Urbano;H.C.U. Valladolid;Valladolid Este;Valladolid;59;Hombre
2025-01-27T20:08:00+01:00;2025-02-03T15:30:00+01:00;Lunes;Lunes;Zona Desconocida;Otra;C.A.U. Salamanca;Salamanca;Salamanca;60;Hombre
2025-01-27T19:55:00+01:00;2025-01-30T11:52:00+01:00;Lunes;Jueves;ZBS Tábara;Rural;C.A. Zamora;Zamora;Zamora;82;Hombre
2025-01-27T19:18:00+01:00;2025-02-03T17:18:00+01:00;Lunes;Lunes;ZBS Sepúlveda;Rural;C.A. Segovia;Segovia;Segovia;86;Hombre
2025-01-27T18:40:00+01:00;2025-02-17T19:59:00+01:00;Lunes;Lunes;ZBS Gamonal las Torres;Urbano;C.A.U. Burgos;Burgos;Burgos;84;Mujer
2025-01-27T17:33:00+01:00;2025-02-04T17:00:00+01:00;Lunes;Martes;ZBS San Juan;Urbano;C.A.U. Salamanca;Salamanca;Salamanca;74;Mujer
2025-01-27T17:31:00+01:00;2025-02-05T19:14:00+01:00;Lunes;Miércoles;ZBS Astorga II;Rural;C.A.U. León;León;León;80;Hombre
2025-01-27T16:22:00+01:00;2025-02-02T01:01:00+01:00;Lunes;Domingo;ZBS Pilarica;Urbano;H.C.U. Valladolid;Valladolid Este;Valladolid;89;Mujer
2025-01-27T02:17:00+01:00;2025-01-27T15:36:00+01:00;Lunes;Lunes;ZBS Medina del Campo Urbano;Urbano;H. Medina del Campo;Valladolid Este;Valladolid;92;Hombre
2025-01-27T00:52:00+01:00;2025-01-27T10:05:00+01:00;Domingo;Lunes;ZBS Frómista;Rural;H.C.U. Valladolid;Valladolid Este;Valladolid;61;Hombre
2025-01-26T23:08:00+01:00;2025-01-27T17:25:00+01:00;Domingo;Lunes;ZBS Sepúlveda;Rural;H.C.U. Valladolid;Valladolid Este;Valladolid;86;Hombre
2025-01-26T21:11:00+01:00;2025-01-26T22:34:00+01:00;Domingo;Domingo;ZBS Frómista;Rural;C.A.U. Palencia;Palencia;Palencia;61;Hombre
2025-01-26T18:40:00+01:00;2025-01-31T15:41:00+01:00;Domingo;Viernes;ZBS Briviesca;Urbano;C.A.U. Burgos;Burgos;Burgos;71;Hombre
2025-01-26T18:05:00+01:00;2025-01-28T18:37:00+01:00;Domingo;Martes;ZBS Eras de Renueva;Urbano;C.A.U. León;León;León;88;Mujer
2025-01-26T16:34:00+01:00;2025-01-26T20:57:00+01:00;Domingo;Domingo;ZBS Sepúlveda;Rural;C.A. Segovia;Segovia;Segovia;86;Hombre
2025-01-26T16:21:00+01:00;2025-01-31T15:05:00+01:00;Domingo;Viernes;ZBS Villalpando;Rural;C.A. Zamora;Zamora;Zamora;102;Mujer
2025-01-26T15:49:00+01:00;2025-03-03T12:43:00+01:00;Domingo;Lunes;ZBS Ribera del Órbigo;Rural;C.A.U. León;León;León;80;Mujer
2025-01-26T15:27:00+01:00;2025-01-28T14:19:00+01:00;Domingo;Martes;ZBS Segovia II;Urbano;H.U. Río Hortega;Valladolid Oeste;Valladolid;87;Hombre
2025-01-26T14:34:00+01:00;2025-01-28T07:00:00+01:00;Domingo;Martes;ZBS Ponferrada IV;Urbano;H. El Bierzo;Bierzo;León;83;Mujer
2025-01-26T12:01:00+01:00;2025-01-30T18:28:00+01:00;Domingo;Jueves;ZBS Plaza del Ejército;Urbano;H.U. Río Hortega;Valladolid Oeste;Valladolid;76;Mujer
2025-01-26T11:51:00+01:00;2025-02-10T13:58:00+01:00;Domingo;Lunes;ZBS San Agustín;Urbano;C.A.U. Burgos;Burgos;Burgos;79;Mujer
2025-01-26T02:44:00+01:00;2025-01-29T17:56:00+01:00;Domingo;Miércoles;ZBS Mota del Marqués;Rural;H.U. Río Hortega;Valladolid Oeste;Valladolid;68;Hombre
2025-01-26T01:41:00+01:00;2025-02-03T17:29:00+01:00;Domingo;Lunes;ZBS Béjar;Urbano;C.A.U. Salamanca;Salamanca;Salamanca;56;Hombre
2025-01-26T01:05:00+01:00;2025-01-31T15:22:00+01:00;Domingo;Viernes;ZBS Piedrahita;Rural;C.A. Ávila;Ávila;Ávila;61;Hombre
2025-01-26T00:10:00+01:00;2025-01-26T13:34:00+01:00;Sábado;Domingo;ZBS Segovia II;Urbano;C.A. Segovia;Segovia;Segovia;87;Hombre
2025-01-25T22:46:00+01:00;2025-01-28T08:17:00+01:00;Sábado;Martes;ZBS Parque Alameda-Covaresa;Urbano;H.U. Río Hortega;Valladolid Oeste;Valladolid;87;Mujer
2025-01-25T20:31:00+01:00;2025-01-29T16:40:00+01:00;Sábado;Miércoles;ZBS Medina de Pomar;Rural;C.A.U. Burgos;Burgos;Burgos;89;Mujer
2025-01-25T19:25:00+01:00;2025-01-29T18:56:00+01:00;Sábado;Miércoles;ZBS Barco de Ávila;Rural;C.A.U. Salamanca;Salamanca;Salamanca;82;Hombre
2025-01-25T19:04:00+01:00;2025-01-28T09:45:00+01:00;Sábado;Martes;ZBS Íscar;Rural;H.C.U. Valladolid;Valladolid Este;Valladolid;70;Hombre
2025-01-25T13:51:00+01:00;2025-01-26T17:29:00+01:00;Sábado;Domingo;ZBS Ávila Sur Oeste;Urbano;C.A. Ávila;Ávila;Ávila;86;Mujer
2025-01-25T12:31:00+01:00;2025-01-29T16:18:00+01:00;Sábado;Miércoles;ZBS Trobajo del Camino;Rural;C.A.U. León;León;León;75;Mujer
2025-01-25T09:15:00+01:00;2025-01-29T16:13:00+01:00;Sábado;Miércoles;ZBS Sta. María del Páramo;Rural;C.A.U. León;León;León;61;Hombre
2025-01-25T04:12:00+01:00;2025-01-29T16:40:00+01:00;Sábado;Miércoles;ZBS Aranda Rural;Rural;C.A.U. Burgos;Burgos;Burgos;76;Mujer
2025-01-25T02:37:00+01:00;2025-01-29T20:30:00+01:00;Sábado;Miércoles;ZBS Santa Marta de Tormes;Rural;C.A.U. Salamanca;Salamanca;Salamanca;84;Hombre
2025-01-25T01:28:00+01:00;2025-01-30T16:38:00+01:00;Sábado;Jueves;ZBS Aranda Rural;Rural;C.A.U. Burgos;Burgos;Burgos;61;Hombre
2025-01-25T00:40:00+01:00;2025-01-27T18:54:00+01:00;Viernes;Lunes;ZBS San Juan;Urbano;C.A.U. Salamanca;Salamanca;Salamanca;79;Hombre
2025-01-25T00:34:00+01:00;2025-01-29T21:11:00+01:00;Viernes;Miércoles;ZBS Herrera de Pisuerga;Rural;C.A.U. Burgos;Burgos;Burgos;72;Hombre
2025-01-24T23:33:00+01:00;2025-02-03T21:05:00+01:00;Viernes;Lunes;ZBS Medina de Pomar;Rural;C.A.U. Burgos;Burgos;Burgos;94;Mujer
2025-01-24T22:39:00+01:00;2025-02-17T17:43:00+01:00;Viernes;Lunes;ZBS Peñaranda;Rural;C.A.U. Salamanca;Salamanca;Salamanca;93;Mujer
2025-01-24T20:17:00+01:00;2025-01-28T16:25:00+01:00;Viernes;Martes;ZBS Briviesca;Urbano;C.A.U. Burgos;Burgos;Burgos;56;Hombre
2025-01-24T19:19:00+01:00;2025-01-30T14:59:00+01:00;Viernes;Jueves;ZBS Ávila Estación;Urbano;C.A. Ávila;Ávila;Ávila;63;Hombre
2025-01-24T16:39:00+01:00;2025-02-05T17:13:00+01:00;Viernes;Miércoles;ZBS Carbonero El Mayor;Rural;C.A. Segovia;Segovia;Segovia;99;Mujer
2025-01-24T13:47:00+01:00;2025-01-28T17:59:00+01:00;Viernes;Martes;ZBS Calzada de Valdunciel;Rural;C.A.U. Salamanca;Salamanca;Salamanca;63;Mujer
2025-01-23T21:07:00+01:00;2025-02-01T11:47:00+01:00;Jueves;Sábado;ZBS Villafranca del Bierzo;Rural;H. El Bierzo;Bierzo;León;97;Hombre
2025-01-23T21:03:00+01:00;2025-01-29T09:30:00+01:00;Jueves;Miércoles;ZBS Cantalejo;Rural;C.A. Segovia;Segovia;Segovia;64;Mujer
2025-01-23T18:35:00+01:00;2025-01-25T14:43:00+01:00;Jueves;Sábado;ZBS Fabero;Rural;H. El Bierzo;Bierzo;León;88;Mujer
2025-01-23T18:17:00+01:00;2025-01-25T17:07:00+01:00;Jueves;Sábado;ZBS Universidad Centro;Urbano;C.A.U. Salamanca;Salamanca;Salamanca;86;Hombre
2025-01-23T17:23:00+01:00;2025-02-03T17:09:00+01:00;Jueves;Lunes;ZBS Armunia;Rural;C.A.U. León;León;León;82;Hombre
2025-01-23T17:20:00+01:00;2025-01-27T19:49:00+01:00;Jueves;Lunes;ZBS Tábara;Rural;C.A.U. Salamanca;Salamanca;Salamanca;82;Hombre
2025-01-23T16:49:00+01:00;2025-01-24T12:12:00+01:00;Jueves;Viernes;ZBS Melgar Fernamental;Rural;C.A.U. Burgos;Burgos;Burgos;88;Hombre
2025-01-23T16:15:00+01:00;2025-02-06T16:30:00+01:00;Jueves;Jueves;ZBS Soria Norte;Urbano;C.A. Soria;Soria;Soria;95;Mujer
2025-01-23T15:43:00+01:00;2025-02-11T14:37:00+01:00;Jueves;Martes;ZBS Parque Alameda-Covaresa;Urbano;H.U. Río Hortega;Valladolid Oeste;Valladolid;87;Mujer
2025-01-23T14:58:00+01:00;2025-02-05T17:45:00+01:00;Jueves;Miércoles;ZBS Garrido Sur;Urbano;C.A.U. Salamanca;Salamanca;Salamanca;75;Hombre
2025-01-23T14:47:00+01:00;2025-02-03T17:28:00+01:00;Jueves;Lunes;ZBS Pizarrales-Vidal;Urbano;C.A.U. Salamanca;Salamanca;Salamanca;76;Mujer
2025-01-23T14:44:00+01:00;2025-01-28T21:43:00+01:00;Jueves;Martes;ZBS Sotillo de Adrada;Rural;C.A. Ávila;Ávila;Ávila;84;Hombre
2025-01-23T02:27:00+01:00;2025-01-24T18:03:00+01:00;Jueves;Viernes;ZBS Toro;Urbano;C.A.U. Salamanca;Salamanca;Salamanca;81;Mujer
2025-01-23T01:51:00+01:00;2025-01-24T15:28:00+01:00;Jueves;Viernes;ZBS Ólvega;Rural;C.A. Soria;Soria;Soria;63;Mujer
2025-01-23T01:08:00+01:00;2025-02-09T14:45:00+01:00;Jueves;Domingo;ZBS La Palomera;Urbano;C.A.U. León;León;León;46;Hombre
2025-01-22T19:38:00+01:00;2025-01-24T17:39:00+01:00;Miércoles;Viernes;ZBS Ponferrada IV;Urbano;C.A.U. León;León;León;82;Mujer
2025-01-22T19:07:00+01:00;2025-01-30T16:30:00+01:00;Miércoles;Jueves;ZBS Aranda Norte;Urbano;H. Santos Reyes;Burgos;Burgos;92;Hombre
2025-01-22T18:30:00+01:00;2025-01-31T15:32:00+01:00;Miércoles;Viernes;ZBS De la Puebla;Urbano;C.A.U. Palencia;Palencia;Palencia;64;Hombre
2025-01-22T18:30:00+01:00;2025-02-05T15:36:00+01:00;Miércoles;Miércoles;ZBS Pintor Oliva;Urbano;C.A.U. Palencia;Palencia;Palencia;66;Mujer
2025-01-22T16:58:00+01:00;2025-01-28T17:52:00+01:00;Miércoles;Martes;ZBS Zamora Norte;Rural;C.A.U. Salamanca;Salamanca;Salamanca;56;Hombre
2025-01-22T14:19:00+01:00;2025-03-25T21:35:00+01:00;Miércoles;Martes;ZBS Jardinillos;Urbano;H.C.U. Valladolid;Valladolid Este;Valladolid;65;Hombre
2025-01-22T11:56:00+01:00;2025-02-04T19:16:00+01:00;Miércoles;Martes;ZBS Rondilla II;Urbano;H.C.U. Valladolid;Valladolid Este;Valladolid;68;Hombre
2025-01-22T02:33:00+01:00;2025-01-29T02:28:00+01:00;Miércoles;Miércoles;ZBS Parque Alameda-Covaresa;Urbano;H.U. Río Hortega;Valladolid Oeste;Valladolid;101;Mujer
2025-01-22T02:31:00+01:00;2025-01-22T12:13:00+01:00;Miércoles;Miércoles;ZBS Santa Clara;Urbano;C.A.U. Burgos;Burgos;Burgos;91;Mujer
2025-01-22T02:24:00+01:00;2025-01-24T18:05:00+01:00;Miércoles;Viernes;ZBS Lerma;Rural;C.A.U. Burgos;Burgos;Burgos;67;Hombre
2025-01-22T02:00:00+01:00;2025-01-24T14:39:00+01:00;Miércoles;Viernes;ZBS Ávila Norte;Urbano;C.A.U. Salamanca;Salamanca;Salamanca;84;Mujer
2025-01-21T23:18:00+01:00;2025-01-27T16:33:00+01:00;Martes;Lunes;ZBS Segovia Rural;Rural;C.A. Segovia;Segovia;Segovia;77;Mujer
2025-01-21T22:05:00+01:00;2025-01-23T22:22:00+01:00;Martes;Jueves;ZBS Plaza del Ejército;Urbano;H.C.U. Valladolid;Valladolid Este;Valladolid;76;Mujer
2025-01-21T18:37:00+01:00;2025-02-04T15:21:00+01:00;Martes;Martes;ZBS Burgos Rural Sur;Rural;C.A.U. Burgos;Burgos;Burgos;86;Mujer
2025-01-21T18:20:00+01:00;2025-01-29T16:12:00+01:00;Martes;Miércoles;ZBS Trobajo del Camino;Rural;C.A.U. León;León;León;68;Mujer
2025-01-21T17:27:00+01:00;2025-01-27T20:45:00+01:00;Martes;Lunes;ZBS Segovia I;Urbano;C.A. Segovia;Segovia;Segovia;87;Hombre
2025-01-21T17:19:00+01:00;2025-01-25T15:40:00+01:00;Martes;Sábado;ZBS Cervera de Pisuerga;Rural;C.A.U. Burgos;Burgos;Burgos;65;Hombre
2025-01-21T15:18:00+01:00;2025-02-05T16:15:00+01:00;Martes;Miércoles;ZBS Periurbana Norte;Rural;C.A.U. Salamanca;Salamanca;Salamanca;66;Mujer
2025-01-21T15:16:00+01:00;2025-01-28T15:27:00+01:00;Martes;Martes;ZBS La Victoria;Urbano;H.C.U. Valladolid;Valladolid Este;Valladolid;55;Hombre
2025-01-21T14:56:00+01:00;2025-01-23T16:16:00+01:00;Martes;Jueves;ZBS Benavente Sur;Urbano;C.A. Zamora;Zamora;Zamora;60;Mujer
2025-01-21T12:10:00+01:00;2025-01-31T18:50:00+01:00;Martes;Viernes;ZBS Delicias II;Urbano;H.U. Río Hortega;Valladolid Oeste;Valladolid;72;Hombre
2025-01-21T07:31:00+01:00;2025-02-03T10:51:00+01:00;Martes;Lunes;ZBS Medina del Campo Urbano;Urbano;H.C.U. Valladolid;Valladolid Este;Valladolid;66;Hombre
2025-01-21T02:48:00+01:00;2025-01-27T16:31:00+01:00;Martes;Lunes;ZBS Los Comuneros;Urbano;C.A.U. Burgos;Burgos;Burgos;67;Hombre
2025-01-21T02:11:00+01:00;2025-01-26T21:13:00+01:00;Martes;Domingo;ZBS Condesa;Urbano;C.A.U. León;León;León;99;Mujer
2025-01-21T02:06:00+01:00;2025-01-31T18:37:00+01:00;Martes;Viernes;ZBS San José;Urbano;C.A.U. Salamanca;Salamanca;Salamanca;50;Mujer
2025-01-21T01:12:00+01:00;2025-02-05T17:16:00+01:00;Martes;Miércoles;ZBS I. López Sáiz;Urbano;C.A.U. Burgos;Burgos;Burgos;91;Hombre
2025-01-21T01:07:00+01:00;2025-01-23T16:03:00+01:00;Martes;Jueves;ZBS Puente de Domingo Florez;Rural;H. El Bierzo;Bierzo;León;76;Hombre
2025-01-21T00:20:00+01:00;2025-01-21T22:26:00+01:00;Lunes;Martes;ZBS Gamonal las Torres;Urbano;C.A.U. Burgos;Burgos;Burgos;85;Hombre
2025-01-20T23:34:00+01:00;2025-01-31T10:48:00+01:00;Lunes;Viernes;ZBS Medina del Campo Urbano;Urbano;H.C.U. Valladolid;Valladolid Este;Valladolid;68;Hombre
2025-01-20T22:40:00+01:00;2025-01-23T00:24:00+01:00;Lunes;Miércoles;ZBS Tordesillas;Rural;H.U. Río Hortega;Valladolid Oeste;Valladolid;81;Mujer
2025-01-20T22:24:00+01:00;2025-01-31T18:37:00+01:00;Lunes;Viernes;ZBS Alamedilla;Urbano;C.A.U. Salamanca;Salamanca;Salamanca;78;Hombre
2025-01-20T20:58:00+01:00;2025-02-19T18:36:00+01:00;Lunes;Miércoles;ZBS José Luis Santamaría;Urbano;C.A.U. Burgos;Burgos;Burgos;90;Mujer
2025-01-20T19:21:00+01:00;2025-01-22T19:52:00+01:00;Lunes;Miércoles;ZBS Huerta de Rey;Rural;H. Santos Reyes;Burgos;Burgos;59;Mujer
2025-01-20T17:26:00+01:00;2025-02-14T20:19:00+01:00;Lunes;Viernes;ZBS Ávila Norte;Urbano;C.A. Ávila;Ávila;Ávila;93;Hombre
2025-01-20T16:54:00+01:00;2025-01-24T18:05:00+01:00;Lunes;Viernes;ZBS Casa del Barco;Urbano;H.U. Río Hortega;Valladolid Oeste;Valladolid;81;Hombre
2025-01-20T15:17:00+01:00;2025-01-24T17:08:00+01:00;Lunes;Viernes;ZBS Cuenca del Bernesga;Rural;C.A.U. León;León;León;66;Hombre
2025-01-20T14:30:00+01:00;2025-01-24T20:25:00+01:00;Lunes;Viernes;ZBS José Aguado II;Urbano;C.A.U. León;León;León;91;Mujer
2025-01-20T14:04:00+01:00;2025-01-30T19:06:00+01:00;Lunes;Jueves;ZBS Virgen de la Concha;Urbano;C.A.U. Salamanca;Salamanca;Salamanca;67;Hombre
2025-01-20T14:02:00+01:00;2025-01-23T19:11:00+01:00;Lunes;Jueves;ZBS Cantalejo;Rural;H.C.U. Valladolid;Valladolid Este;Valladolid;64;Mujer
2025-01-20T13:57:00+01:00;2025-01-26T22:28:00+01:00;Lunes;Domingo;ZBS Eras de Renueva;Urbano;C.A.U. León;León;León;84;Hombre
2025-01-20T12:06:00+01:00;2025-01-30T14:22:00+01:00;Lunes;Jueves;ZBS Toro;Urbano;C.A. Zamora;Zamora;Zamora;84;Hombre
2025-01-20T01:00:00+01:00;2025-01-24T15:45:00+01:00;Lunes;Viernes;ZBS Bembibre;Rural;H. El Bierzo;Bierzo;León;67;Mujer
2025-01-19T20:55:00+01:00;2025-01-21T15:30:00+01:00;Domingo;Martes;ZBS San Agustín;Urbano;C.A.U. Burgos;Burgos;Burgos;53;Hombre
2025-01-19T19:57:00+01:00;2025-01-21T16:29:00+01:00;Domingo;Martes;ZBS Puerta Nueva;Urbano;C.A.U. Salamanca;Salamanca;Salamanca;64;Hombre
2025-01-19T19:25:00+01:00;2025-01-21T15:56:00+01:00;Domingo;Martes;ZBS Periurbana Norte;Rural;H. El Bierzo;Bierzo;León;66;Mujer
2025-01-19T18:24:00+01:00;2025-01-21T19:09:00+01:00;Domingo;Martes;ZBS Periurbana Norte;Rural;C.A.U. Salamanca;Salamanca;Salamanca;80;Hombre
2025-01-19T17:48:00+01:00;2025-01-21T21:10:00+01:00;Domingo;Martes;ZBS Roa de Duero;Rural;H. Santos Reyes;Burgos;Burgos;106;Mujer
2025-01-19T13:44:00+01:00;2025-01-22T19:16:00+01:00;Domingo;Miércoles;ZBS De la Puebla;Urbano;H.C.U. Valladolid;Valladolid Este;Valladolid;64;Hombre
2025-01-19T13:19:00+01:00;2025-01-21T14:06:00+01:00;Domingo;Martes;ZBS Benavente Sur;Urbano;C.A.U. León;León;León;60;Mujer
2025-01-19T07:08:00+01:00;2025-01-31T13:30:00+01:00;Domingo;Viernes;ZBS Jardinillos;Urbano;C.A.U. Palencia;Palencia;Palencia;69;Hombre
2025-01-19T02:16:00+01:00;2025-03-10T12:26:00+01:00;Domingo;Lunes;ZBS Parquesol;Urbano;H.U. Río Hortega;Valladolid Oeste;Valladolid;60;Hombre
2025-01-19T01:49:00+01:00;2025-01-20T20:08:00+01:00;Domingo;Lunes;ZBS Virgen de la Concha;Urbano;C.A. Zamora;Zamora;Zamora;82;Hombre
2025-01-18T23:38:00+01:00;2025-01-23T16:57:00+01:00;Sábado;Jueves;ZBS Guijuelo;Rural;C.A.U. Salamanca;Salamanca;Salamanca;83;Mujer
2025-01-18T22:40:00+01:00;2025-01-31T17:27:00+01:00;Sábado;Viernes;ZBS Gamonal las Torres;Urbano;C.A.U. Burgos;Burgos;Burgos;84;Mujer
2025-01-18T20:43:00+01:00;2025-01-27T20:10:00+01:00;Sábado;Lunes;ZBS Cuéllar;Urbano;C.A. Segovia;Segovia;Segovia;88;Hombre
2025-01-18T20:30:00+01:00;2025-01-23T17:35:00+01:00;Sábado;Jueves;ZBS Soria Norte;Urbano;C.A. Soria;Soria;Soria;67;Mujer
2025-01-18T19:37:00+01:00;2025-01-29T15:33:00+01:00;Sábado;Miércoles;ZBS Soria Norte;Urbano;C.A. Soria;Soria;Soria;71;Mujer
2025-01-18T18:26:00+01:00;2025-01-21T01:54:00+01:00;Sábado;Martes;ZBS Pizarrales-Vidal;Urbano;C.A.U. Salamanca;Salamanca;Salamanca;64;Hombre
2025-01-18T18:09:00+01:00;2025-01-28T18:37:00+01:00;Sábado;Martes;ZBS San Andrés del Rabanedo;Rural;C.A.U. León;León;León;87;Mujer
2025-01-18T17:53:00+01:00;2025-01-27T19:54:00+01:00;Sábado;Lunes;ZBS Peñaranda;Rural;C.A.U. Salamanca;Salamanca;Salamanca;78;Hombre
2025-01-18T17:35:00+01:00;2025-01-30T17:30:00+01:00;Sábado;Jueves;ZBS Astorga I;Urbano;C.A.U. León;León;León;84;Mujer
2025-01-18T14:03:00+01:00;2025-01-24T15:46:00+01:00;Sábado;Viernes;ZBS San Antonio;Urbano;H. El Bierzo;Bierzo;León;83;Hombre
2025-01-18T13:54:00+01:00;2025-01-18T15:50:00+01:00;Sábado;Sábado;ZBS Toreno;Rural;H. El Bierzo;Bierzo;León;82;Mujer
2025-01-18T13:10:00+01:00;2025-02-03T11:47:00+01:00;Sábado;Lunes;ZBS Delicias II;Urbano;H.C.U. Valladolid;Valladolid Este;Valladolid;90;Mujer
2025-01-18T11:00:00+01:00;2025-01-21T16:29:00+01:00;Sábado;Martes;ZBS Garrido Norte;Urbano;C.A.U. Salamanca;Salamanca;Salamanca;67;Hombre
2025-01-18T07:03:00+01:00;2025-01-21T09:00:00+01:00;Sábado;Martes;ZBS Arenas de San Pedro;Rural;C.A. Ávila;Ávila;Ávila;87;Hombre
2025-01-18T01:17:00+01:00;2025-01-18T20:55:00+01:00;Sábado;Sábado;ZBS Puerta Nueva;Urbano;C.A. Zamora;Zamora;Zamora;58;Hombre
2025-01-18T00:38:00+01:00;2025-01-29T15:32:00+01:00;Viernes;Miércoles;ZBS El Burgo de Osma;Rural;C.A. Soria;Soria;Soria;82;Hombre
2025-01-17T21:54:00+01:00;2025-01-31T18:55:00+01:00;Viernes;Viernes;ZBS Gamonal Antigua;Urbano;C.A.U. Burgos;Burgos;Burgos;82;Hombre
2025-01-17T21:41:00+01:00;2025-01-22T17:47:00+01:00;Viernes;Miércoles;ZBS Santa Marta de Tormes;Rural;C.A.U. Salamanca;Salamanca;Salamanca;84;Hombre
2025-01-17T21:38:00+01:00;2025-01-18T01:50:00+01:00;Viernes;Sábado;ZBS Villalpando;Rural;H.C.U. Valladolid;Valladolid Este;Valladolid;97;Mujer
2025-01-17T21:17:00+01:00;2025-01-22T15:03:00+01:00;Viernes;Miércoles;ZBS Ávila Sur Oeste;Urbano;C.A. Ávila;Ávila;Ávila;59;Hombre
2025-01-17T20:10:00+01:00;2025-01-22T16:04:00+01:00;Viernes;Miércoles;ZBS Zamora Sur;Rural;C.A. Zamora;Zamora;Zamora;94;Hombre
2025-01-17T19:41:00+01:00;2025-02-06T14:59:00+01:00;Viernes;Jueves;ZBS San Antonio;Urbano;H. El Bierzo;Bierzo;León;68;Mujer
2025-01-17T19:39:00+01:00;2025-01-28T18:39:00+01:00;Viernes;Martes;ZBS Venta de Baños;Rural;H.C.U. Valladolid;Valladolid Este;Valladolid;93;Hombre
2025-01-17T19:33:00+01:00;2025-01-21T14:01:00+01:00;Viernes;Martes;ZBS Zamora Norte;Rural;C.A. Zamora;Zamora;Zamora;67;Hombre
2025-01-17T18:53:00+01:00;2025-01-22T16:54:00+01:00;Viernes;Miércoles;ZBS Los Cubos;Urbano;C.A.U. Burgos;Burgos;Burgos;93;Hombre
2025-01-17T18:26:00+01:00;2025-01-22T15:08:00+01:00;Viernes;Miércoles;ZBS Barco de Ávila;Rural;C.A. Ávila;Ávila;Ávila;63;Mujer
2025-01-17T18:17:00+01:00;2025-01-21T16:51:00+01:00;Viernes;Martes;ZBS San Agustín;Urbano;C.A.U. Burgos;Burgos;Burgos;42;Mujer
2025-01-17T17:39:00+01:00;2025-01-21T16:33:00+01:00;Viernes;Martes;ZBS San Antonio;Urbano;C.A.U. León;León;León;68;Mujer
2025-01-17T17:39:00+01:00;2025-01-29T19:37:00+01:00;Viernes;Miércoles;ZBS Quintanar de la Sierra;Rural;C.A.U. Burgos;Burgos;Burgos;67;Hombre
2025-01-17T16:39:00+01:00;2025-02-06T15:28:00+01:00;Viernes;Jueves;ZBS Gómara;Rural;C.A. Soria;Soria;Soria;74;Mujer
2025-01-17T16:13:00+01:00;2025-02-12T13:22:00+01:00;Viernes;Miércoles;ZBS Miranda Este;Urbano;H. Santiago Apóstol;Burgos;Burgos;89;Mujer
2025-01-17T16:10:00+01:00;2025-01-27T16:32:00+01:00;Viernes;Lunes;ZBS Segovia II;Urbano;C.A. Segovia;Segovia;Segovia;81;Mujer
2025-01-17T13:51:00+01:00;2025-02-05T00:26:00+01:00;Viernes;Martes;ZBS Cristobal Acosta;Urbano;C.A.U. Burgos;Burgos;Burgos;90;Hombre
2025-01-17T12:43:00+01:00;2025-01-30T14:48:00+01:00;Viernes;Jueves;ZBS Ávila Norte;Urbano;C.A. Ávila;Ávila;Ávila;86;Hombre
2025-01-17T09:51:00+01:00;2025-01-21T21:57:00+01:00;Viernes;Martes;ZBS Garrido Norte;Urbano;C.A.U. Salamanca;Salamanca;Salamanca;73;Mujer
2025-01-17T04:11:00+01:00;2025-01-21T17:38:00+01:00;Viernes;Martes;ZBS Toro;Urbano;C.A. Zamora;Zamora;Zamora;76;Hombre
2025-01-17T02:56:00+01:00;2025-02-15T06:26:00+01:00;Viernes;Sábado;ZBS Bañeza II;Rural;C.A.U. León;León;León;74;Mujer
2025-01-17T01:50:00+01:00;2025-01-21T14:10:00+01:00;Viernes;Martes;ZBS La Palomera;Urbano;C.A.U. León;León;León;81;Hombre
2025-01-16T22:15:00+01:00;2025-01-20T18:12:00+01:00;Jueves;Lunes;ZBS Pizarrales-Vidal;Urbano;C.A.U. Salamanca;Salamanca;Salamanca;79;Mujer
2025-01-16T22:10:00+01:00;2025-01-21T11:39:00+01:00;Jueves;Martes;ZBS Alcañices;Rural;C.A. Zamora;Zamora;Zamora;62;Hombre
2025-01-16T21:51:00+01:00;2025-01-21T18:59:00+01:00;Jueves;Martes;ZBS Arturo Eyries;Urbano;H.U. Río Hortega;Valladolid Oeste;Valladolid;81;Mujer
2025-01-16T20:24:00+01:00;2025-02-04T17:33:00+01:00;Jueves;Martes;ZBS Arcos de Jalón;Rural;C.A. Soria;Soria;Soria;90;Mujer
2025-01-16T20:10:00+01:00;2025-01-17T13:10:00+01:00;Jueves;Viernes;ZBS Villalpando;Rural;H.C.U. Valladolid;Valladolid Este;Valladolid;55;Hombre
2025-01-16T18:21:00+01:00;2025-01-20T14:51:00+01:00;Jueves;Lunes;ZBS Ávila Norte;Urbano;C.A. Ávila;Ávila;Ávila;44;Hombre
2025-01-16T16:27:00+01:00;2025-01-26T15:51:00+01:00;Jueves;Domingo;ZBS Garrido Norte;Urbano;C.A.U. Salamanca;Salamanca;Salamanca;89;Mujer
2025-01-16T16:20:00+01:00;2025-02-07T16:44:00+01:00;Jueves;Viernes;ZBS Virgen de la Concha;Urbano;C.A.U. Salamanca;Salamanca;Salamanca;69;Mujer
2025-01-16T14:45:00+01:00;2025-01-31T20:08:00+01:00;Jueves;Viernes;ZBS Rondilla II;Urbano;H.C.U. Valladolid;Valladolid Este;Valladolid;87;Mujer
2025-01-16T03:08:00+01:00;2025-01-16T14:59:00+01:00;Jueves;Jueves;ZBS Arévalo;Urbano;C.A. Ávila;Ávila;Ávila;55;Hombre
2025-01-16T00:16:00+01:00;2025-01-21T16:23:00+01:00;Miércoles;Martes;ZBS Cristobal Acosta;Urbano;C.A.U. Burgos;Burgos;Burgos;68;Hombre
2025-01-15T23:21:00+01:00;2025-01-21T18:24:00+01:00;Miércoles;Martes;ZBS Ribera del Órbigo;Rural;C.A.U. León;León;León;79;Hombre
2025-01-15T22:18:00+01:00;2025-01-20T19:49:00+01:00;Miércoles;Lunes;ZBS Venta de Baños;Rural;C.A.U. Palencia;Palencia;Palencia;95;Mujer
2025-01-15T22:05:00+01:00;2025-01-18T00:55:00+01:00;Miércoles;Viernes;ZBS Santa Elena;Urbano;C.A. Zamora;Zamora;Zamora;69;Hombre
2025-01-15T22:01:00+01:00;2025-01-21T18:24:00+01:00;Miércoles;Martes;ZBS Ribera del Órbigo;Rural;C.A.U. León;León;León;76;Mujer
2025-01-15T21:44:00+01:00;2025-01-20T18:10:00+01:00;Miércoles;Lunes;ZBS Fuente de San Esteban;Rural;C.A.U. Salamanca;Salamanca;Salamanca;85;Hombre
2025-01-15T21:11:00+01:00;2025-01-22T18:19:00+01:00;Miércoles;Miércoles;ZBS Ponferrada IV;Urbano;H. El Bierzo;Bierzo;León;82;Mujer
2025-01-15T19:20:00+01:00;2025-02-20T20:35:00+01:00;Miércoles;Jueves;ZBS San Pedro Manrique;Rural;C.A. Soria;Soria;Soria;80;Mujer
2025-01-15T19:07:00+01:00;2025-02-18T11:18:00+01:00;Miércoles;Martes;ZBS Peñafiel;Rural;H.C.U. Valladolid;Valladolid Este;Valladolid;47;Hombre
2025-01-15T19:01:00+01:00;2025-01-17T15:43:00+01:00;Miércoles;Viernes;ZBS Quintanar de la Sierra;Rural;C.A. Soria;Soria;Soria;67;Hombre
2025-01-15T18:44:00+01:00;2025-01-17T15:45:00+01:00;Miércoles;Viernes;ZBS Madrigal de las Altas Torres;Rural;C.A. Ávila;Ávila;Ávila;86;Hombre
2025-01-15T18:35:00+01:00;2025-01-17T20:03:00+01:00;Miércoles;Viernes;ZBS Ávila Sur Oeste;Urbano;C.A.U. Salamanca;Salamanca;Salamanca;59;Hombre
2025-01-15T18:31:00+01:00;2025-01-21T16:52:00+01:00;Miércoles;Martes;ZBS Cristobal Acosta;Urbano;C.A.U. Burgos;Burgos;Burgos;66;Hombre
2025-01-15T18:08:00+01:00;2025-02-05T17:24:00+01:00;Miércoles;Miércoles;ZBS Laguna de Duero;Rural;H.U. Río Hortega;Valladolid Oeste;Valladolid;64;Mujer
2025-01-15T17:56:00+01:00;2025-01-27T17:51:00+01:00;Miércoles;Lunes;ZBS Barrio España;Urbano;H.C.U. Valladolid;Valladolid Este;Valladolid;83;Hombre
2025-01-15T17:54:00+01:00;2025-02-04T20:35:00+01:00;Miércoles;Martes;ZBS Pintor Oliva;Urbano;H.C.U. Valladolid;Valladolid Este;Valladolid;68;Mujer
2025-01-15T17:46:00+01:00;2025-01-20T15:18:00+01:00;Miércoles;Lunes;ZBS Medina de Rioseco;Rural;H.U. Río Hortega;Valladolid Oeste;Valladolid;84;Hombre
2025-01-15T16:28:00+01:00;2025-01-17T20:30:00+01:00;Miércoles;Viernes;ZBS Medina del Campo Rural;Rural;H. Medina del Campo;Valladolid Este;Valladolid;80;Mujer
2025-01-15T14:36:00+01:00;2025-01-15T22:02:00+01:00;Miércoles;Miércoles;ZBS La Victoria;Urbano;H.C.U. Valladolid;Valladolid Este;Valladolid;93;Hombre
2025-01-15T08:58:00+01:00;2025-01-17T19:30:00+01:00;Miércoles;Viernes;ZBS Barco de Ávila;Rural;C.A.U. Salamanca;Salamanca;Salamanca;63;Mujer
2025-01-15T01:19:00+01:00;2025-01-17T16:47:00+01:00;Miércoles;Viernes;ZBS Cristobal Acosta;Urbano;C.A.U. Burgos;Burgos;Burgos;82;Hombre
2025-01-14T23:58:00+01:00;2025-01-17T15:14:00+01:00;Martes;Viernes;ZBS Soria Norte;Urbano;C.A.U. Burgos;Burgos;Burgos;74;Mujer
2025-01-14T23:57:00+01:00;2025-02-10T20:38:00+01:00;Martes;Lunes;ZBS Jardinillos;Urbano;C.A.U. Palencia;Palencia;Palencia;88;Mujer
2025-01-14T22:07:00+01:00;2025-01-21T19:10:00+01:00;Martes;Martes;ZBS Ávila Estación;Urbano;C.A.U. Salamanca;Salamanca;Salamanca;72;Hombre
2025-01-14T19:18:00+01:00;2025-01-21T17:10:00+01:00;Martes;Martes;ZBS Guardo;Rural;C.A.U. Palencia;Palencia;Palencia;77;Hombre
2025-01-14T18:05:00+01:00;2025-01-18T13:25:00+01:00;Martes;Sábado;Zona Desconocida;Otra;C.A.U. Burgos;Burgos;Burgos;55;Hombre
2025-01-14T17:54:00+01:00;2025-01-24T20:47:00+01:00;Martes;Viernes;ZBS Segovia II;Urbano;C.A. Segovia;Segovia;Segovia;79;Hombre
2025-01-14T16:17:00+01:00;2025-01-20T18:11:00+01:00;Martes;Lunes;ZBS Pizarrales-Vidal;Urbano;C.A.U. Salamanca;Salamanca;Salamanca;72;Hombre
2025-01-14T14:58:00+01:00;2025-02-02T16:24:00+01:00;Martes;Domingo;ZBS La Palomera;Urbano;C.A.U. León;León;León;53;Hombre
2025-01-14T13:33:00+01:00;2025-01-19T14:50:00+01:00;Martes;Domingo;ZBS Cristobal Acosta;Urbano;C.A.U. Burgos;Burgos;Burgos;60;Hombre
2025-01-14T12:04:00+01:00;2025-02-11T12:04:00+01:00;Martes;Martes;ZBS Soria Sur;Urbano;C.A. Soria;Soria;Soria;78;Hombre
2025-01-14T10:52:00+01:00;2025-01-14T14:00:00+01:00;Martes;Martes;ZBS Carbonero El Mayor;Rural;C.A. Segovia;Segovia;Segovia;87;Hombre
2025-01-14T04:44:00+01:00;2025-01-15T17:56:00+01:00;Martes;Miércoles;ZBS Jardinillos;Urbano;H.C.U. Valladolid;Valladolid Este;Valladolid;71;Hombre
2025-01-14T02:49:00+01:00;2025-01-17T06:29:00+01:00;Martes;Viernes;ZBS Virgen de la Concha;Urbano;C.A. Zamora;Zamora;Zamora;81;Mujer
2025-01-14T02:38:00+01:00;2025-01-15T14:47:00+01:00;Martes;Miércoles;ZBS Ávila Estación;Urbano;C.A. Ávila;Ávila;Ávila;94;Mujer
2025-01-14T01:06:00+01:00;2025-01-15T21:01:00+01:00;Martes;Miércoles;ZBS Santa Elena;Urbano;C.A.U. Salamanca;Salamanca;Salamanca;69;Hombre
2025-01-14T01:05:00+01:00;2025-02-03T07:00:00+01:00;Martes;Lunes;ZBS Cigales;Rural;H.C.U. Valladolid;Valladolid Este;Valladolid;78;Hombre
2025-01-14T00:54:00+01:00;2025-02-05T08:00:00+01:00;Lunes;Miércoles;ZBS Cacabelos;Rural;H. El Bierzo;Bierzo;León;84;Mujer
2025-01-14T00:21:00+01:00;2025-01-21T17:10:00+01:00;Lunes;Martes;ZBS Villarramiel;Rural;C.A.U. Palencia;Palencia;Palencia;88;Hombre
2025-01-14T00:11:00+01:00;2025-01-24T16:28:00+01:00;Lunes;Viernes;ZBS Herrera de Pisuerga;Rural;C.A.U. Palencia;Palencia;Palencia;93;Hombre
2025-01-13T21:09:00+01:00;2025-01-16T01:46:00+01:00;Lunes;Jueves;ZBS Eras de Renueva;Urbano;C.A.U. León;León;León;85;Hombre
2025-01-13T21:00:00+01:00;2025-01-14T21:00:00+01:00;Lunes;Martes;ZBS San Leonardo de Yagüe;Rural;C.A. Soria;Soria;Soria;73;Hombre
2025-01-13T20:57:00+01:00;2025-01-17T13:11:00+01:00;Lunes;Viernes;ZBS Villalpando;Rural;C.A. Zamora;Zamora;Zamora;97;Mujer
2025-01-13T19:20:00+01:00;2025-01-22T20:57:00+01:00;Lunes;Miércoles;ZBS Aranda Norte;Urbano;C.A.U. Burgos;Burgos;Burgos;92;Hombre
2025-01-13T19:01:00+01:00;2025-01-22T17:16:00+01:00;Lunes;Miércoles;ZBS Toro;Urbano;C.A. Zamora;Zamora;Zamora;77;Hombre
2025-01-13T18:13:00+01:00;2025-01-21T18:59:00+01:00;Lunes;Martes;ZBS Laguna de Duero;Rural;H.U. Río Hortega;Valladolid Oeste;Valladolid;106;Mujer
2025-01-13T16:51:00+01:00;2025-01-15T16:29:00+01:00;Lunes;Miércoles;ZBS Soria Sur;Urbano;C.A.U. Burgos;Burgos;Burgos;80;Mujer
2025-01-13T16:27:00+01:00;2025-01-17T19:36:00+01:00;Lunes;Viernes;ZBS Bermillo de Sayago;Rural;C.A.U. Salamanca;Salamanca;Salamanca;84;Hombre
2025-01-13T15:29:00+01:00;2025-01-22T15:33:00+01:00;Lunes;Miércoles;ZBS Segovia III;Urbano;C.A. Segovia;Segovia;Segovia;84;Mujer
2025-01-13T10:45:00+01:00;2025-01-24T18:56:00+01:00;Lunes;Viernes;ZBS Delicias I;Urbano;H.C.U. Valladolid;Valladolid Este;Valladolid;76;Mujer
2025-01-13T10:21:00+01:00;2025-01-14T15:21:00+01:00;Lunes;Martes;ZBS Cantalejo;Rural;H.U. Río Hortega;Valladolid Oeste;Valladolid;61;Hombre
2025-01-13T06:36:00+01:00;2025-01-22T17:25:00+01:00;Lunes;Miércoles;ZBS Medina de Pomar;Rural;C.A.U. Burgos;Burgos;Burgos;62;Hombre
2025-01-13T03:33:00+01:00;2025-01-29T19:54:00+01:00;Lunes;Miércoles;ZBS Jardinillos;Urbano;H.C.U. Valladolid;Valladolid Este;Valladolid;83;Hombre
2025-01-12T22:17:00+01:00;2025-01-25T18:03:00+01:00;Domingo;Sábado;ZBS Almazán;Rural;C.A. Soria;Soria;Soria;96;Mujer
2025-01-12T21:09:00+01:00;2025-01-17T14:02:00+01:00;Domingo;Viernes;ZBS Alcañices;Rural;C.A. Zamora;Zamora;Zamora;94;Mujer
2025-01-12T19:52:00+01:00;2025-02-11T17:00:00+01:00;Domingo;Martes;ZBS José Aguado II;Urbano;C.A.U. León;León;León;87;Mujer
2025-01-12T19:51:00+01:00;2025-01-21T20:55:00+01:00;Domingo;Martes;ZBS Rondilla II;Urbano;H.C.U. Valladolid;Valladolid Este;Valladolid;84;Hombre
2025-01-12T18:28:00+01:00;2025-01-16T16:39:00+01:00;Domingo;Jueves;ZBS Segovia Rural;Rural;C.A. Segovia;Segovia;Segovia;63;Hombre
2025-01-12T04:41:00+01:00;2025-01-30T17:05:00+01:00;Domingo;Jueves;ZBS La Palomera;Urbano;C.A.U. León;León;León;49;Mujer
2025-01-12T03:16:00+01:00;2025-01-15T14:23:00+01:00;Domingo;Miércoles;ZBS Toro;Urbano;C.A. Zamora;Zamora;Zamora;65;Mujer
2025-01-12T03:02:00+01:00;2025-03-03T11:33:00+01:00;Domingo;Lunes;ZBS Parque Alameda-Covaresa;Urbano;H.C.U. Valladolid;Valladolid Este;Valladolid;55;Mujer
2025-01-12T02:42:00+01:00;2025-01-12T09:16:00+01:00;Domingo;Domingo;ZBS Corrales del Vino;Rural;C.A. Zamora;Zamora;Zamora;75;Mujer
2025-01-12T00:14:00+01:00;2025-01-15T12:29:00+01:00;Sábado;Miércoles;ZBS Portillo;Rural;H.C.U. Valladolid;Valladolid Este;Valladolid;87;Hombre
2025-01-11T23:20:00+01:00;2025-01-15T14:16:00+01:00;Sábado;Miércoles;ZBS Virgen de la Concha;Urbano;C.A. Zamora;Zamora;Zamora;92;Hombre
2025-01-11T23:09:00+01:00;2025-01-17T12:46:00+01:00;Sábado;Viernes;ZBS José Aguado I;Urbano;C.A.U. León;León;León;92;Mujer
2025-01-11T23:00:00+01:00;2025-01-16T21:12:00+01:00;Sábado;Jueves;ZBS Tamames;Rural;C.A.U. Salamanca;Salamanca;Salamanca;67;Hombre
2025-01-11T17:57:00+01:00;2025-01-16T17:57:00+01:00;Sábado;Jueves;ZBS Soria Norte;Urbano;C.A. Soria;Soria;Soria;72;Hombre
2025-01-11T17:34:00+01:00;2025-02-12T11:27:00+01:00;Sábado;Miércoles;ZBS Valladolid Rural II;Rural;H.U. Río Hortega;Valladolid Oeste;Valladolid;71;Hombre
2025-01-11T17:30:00+01:00;2025-01-23T16:01:00+01:00;Sábado;Jueves;ZBS Bembibre;Rural;H. El Bierzo;Bierzo;León;90;Mujer
2025-01-11T11:55:00+01:00;2025-01-17T15:44:00+01:00;Sábado;Viernes;ZBS Eras del Bosque;Urbano;H.C.U. Valladolid;Valladolid Este;Valladolid;51;Mujer
2025-01-11T03:26:00+01:00;2025-01-13T18:07:00+01:00;Sábado;Lunes;ZBS Toro;Urbano;C.A.U. Salamanca;Salamanca;Salamanca;77;Hombre
2025-01-11T01:57:00+01:00;2025-01-14T19:21:00+01:00;Sábado;Martes;ZBS Aldeadávila de la Ribera;Rural;C.A.U. Salamanca;Salamanca;Salamanca;88;Hombre
2025-01-10T22:31:00+01:00;2025-01-13T17:00:00+01:00;Viernes;Lunes;ZBS Lerma;Rural;C.A.U. Burgos;Burgos;Burgos;87;Hombre
2025-01-10T21:28:00+01:00;2025-01-16T14:59:00+01:00;Viernes;Jueves;ZBS Ávila Sur Oeste;Urbano;C.A. Ávila;Ávila;Ávila;93;Hombre
2025-01-10T19:34:00+01:00;2025-01-30T11:34:00+01:00;Viernes;Jueves;ZBS Delicias II;Urbano;H.U. Río Hortega;Valladolid Oeste;Valladolid;87;Hombre
2025-01-10T18:37:00+01:00;2025-01-20T20:26:00+01:00;Viernes;Lunes;ZBS Condesa;Urbano;C.A.U. León;León;León;83;Hombre
2025-01-10T17:41:00+01:00;2025-01-21T18:13:00+01:00;Viernes;Martes;ZBS Palencia Rural;Rural;C.A.U. Palencia;Palencia;Palencia;75;Hombre
2025-01-10T16:47:00+01:00;2025-01-14T00:30:00+01:00;Viernes;Lunes;ZBS Sotillo de Adrada;Rural;C.A. Ávila;Ávila;Ávila;73;Hombre
2025-01-10T16:25:00+01:00;2025-01-23T19:39:00+01:00;Viernes;Jueves;ZBS Aguilar de Campoo;Rural;C.A.U. Palencia;Palencia;Palencia;79;Mujer
2025-01-10T12:43:00+01:00;2025-01-22T14:04:00+01:00;Viernes;Miércoles;ZBS Zamora Norte;Rural;C.A. Zamora;Zamora;Zamora;87;Mujer
2025-01-10T12:00:00+01:00;2025-01-16T19:03:00+01:00;Viernes;Jueves;ZBS Briviesca;Urbano;C.A.U. Burgos;Burgos;Burgos;66;Hombre
2025-01-10T11:43:00+01:00;2025-01-11T14:15:00+01:00;Viernes;Sábado;ZBS Gamonal las Torres;Urbano;C.A.U. Burgos;Burgos;Burgos;79;Mujer
2025-01-10T05:43:00+01:00;2025-01-13T19:08:00+01:00;Viernes;Lunes;ZBS Ávila Estación;Urbano;C.A.U. Salamanca;Salamanca;Salamanca;76;Mujer
2025-01-10T03:35:00+01:00;2025-01-15T17:52:00+01:00;Viernes;Miércoles;ZBS Ciudad Rodrigo;Urbano;C.A.U. Salamanca;Salamanca;Salamanca;81;Mujer
2025-01-10T00:12:00+01:00;2025-01-14T12:16:00+01:00;Jueves;Martes;ZBS Circular;Urbano;H.C.U. Valladolid;Valladolid Este;Valladolid;88;Mujer
2025-01-09T20:17:00+01:00;2025-01-13T16:56:00+01:00;Jueves;Lunes;ZBS Trobajo del Camino;Rural;C.A.U. León;León;León;77;Mujer
2025-01-09T20:15:00+01:00;2025-01-20T16:50:00+01:00;Jueves;Lunes;ZBS Briviesca;Urbano;C.A.U. Burgos;Burgos;Burgos;75;Mujer
2025-01-09T20:07:00+01:00;2025-01-17T15:33:00+01:00;Jueves;Viernes;ZBS Medina del Campo Rural;Rural;H. Medina del Campo;Valladolid Este;Valladolid;91;Mujer
2025-01-09T19:44:00+01:00;2025-02-17T10:37:00+01:00;Jueves;Lunes;ZBS San Pablo;Urbano;H.C.U. Valladolid;Valladolid Este;Valladolid;74;Hombre
2025-01-09T19:01:00+01:00;2025-01-10T19:00:00+01:00;Jueves;Viernes;ZBS Aguilar de Campoo;Rural;C.A.U. Burgos;Burgos;Burgos;34;Hombre
2025-01-09T18:42:00+01:00;2025-01-20T16:19:00+01:00;Jueves;Lunes;ZBS Santibañez de Vidriales;Rural;C.A. Zamora;Zamora;Zamora;76;Mujer
2025-01-09T18:06:00+01:00;2025-01-20T15:13:00+01:00;Jueves;Lunes;ZBS Cantalejo;Rural;C.A. Segovia;Segovia;Segovia;64;Mujer
2025-01-09T17:57:00+01:00;2025-01-17T14:51:00+01:00;Jueves;Viernes;ZBS Bierzo;Urbano;H. El Bierzo;Bierzo;León;76;Hombre
2025-01-09T16:58:00+01:00;2025-01-21T17:20:00+01:00;Jueves;Martes;ZBS Nava de la Asunción;Rural;C.A. Segovia;Segovia;Segovia;92;Hombre
2025-01-09T16:22:00+01:00;2025-01-11T07:24:00+01:00;Jueves;Sábado;ZBS Valderas;Rural;H.U. Río Hortega;Valladolid Oeste;Valladolid;67;Hombre
2025-01-09T15:02:00+01:00;2025-01-21T12:19:00+01:00;Jueves;Martes;ZBS Santa Elena;Urbano;C.A. Zamora;Zamora;Zamora;80;Hombre
2025-01-09T13:05:00+01:00;2025-01-13T15:55:00+01:00;Jueves;Lunes;ZBS Parque Alameda-Covaresa;Urbano;H.U. Río Hortega;Valladolid Oeste;Valladolid;75;Hombre
2025-01-09T01:43:00+01:00;2025-01-14T17:00:00+01:00;Jueves;Martes;ZBS Los Comuneros;Urbano;C.A.U. Burgos;Burgos;Burgos;66;Hombre
2025-01-09T00:50:00+01:00;2025-01-23T13:41:00+01:00;Miércoles;Jueves;ZBS De la Puebla;Urbano;H.C.U. Valladolid;Valladolid Este;Valladolid;47;Mujer
2025-01-08T23:25:00+01:00;2025-01-13T17:57:00+01:00;Miércoles;Lunes;ZBS Guijuelo;Rural;C.A.U. Salamanca;Salamanca;Salamanca;89;Hombre
2025-01-08T22:15:00+01:00;2025-01-13T22:27:00+01:00;Miércoles;Lunes;ZBS Pilarica;Urbano;H.C.U. Valladolid;Valladolid Este;Valladolid;95;Hombre
2025-01-08T22:04:00+01:00;2025-01-10T16:05:00+01:00;Miércoles;Viernes;ZBS Villablino;Rural;H. El Bierzo;Bierzo;León;62;Mujer
2025-01-08T21:51:00+01:00;2025-01-16T18:37:00+01:00;Miércoles;Jueves;ZBS Arenas de San Pedro;Rural;C.A. Ávila;Ávila;Ávila;88;Mujer
2025-01-08T21:34:00+01:00;2025-01-09T15:57:00+01:00;Miércoles;Jueves;ZBS Villoria;Rural;C.A. Ávila;Ávila;Ávila;88;Mujer
2025-01-08T21:18:00+01:00;2025-01-13T15:13:00+01:00;Miércoles;Lunes;ZBS Piedrahita;Rural;C.A. Ávila;Ávila;Ávila;71;Mujer
2025-01-08T20:00:00+01:00;2025-01-17T22:29:00+01:00;Miércoles;Viernes;ZBS Almazán;Rural;C.A. Soria;Soria;Soria;86;Mujer
2025-01-08T19:05:00+01:00;2025-01-13T16:43:00+01:00;Miércoles;Lunes;ZBS Segovia Rural;Rural;C.A. Segovia;Segovia;Segovia;47;Hombre
2025-01-08T17:44:00+01:00;2025-01-10T15:40:00+01:00;Miércoles;Viernes;ZBS Armunia;Rural;C.A.U. León;León;León;48;Mujer
2025-01-08T16:00:00+01:00;2025-01-16T12:32:00+01:00;Miércoles;Jueves;ZBS Virgen de la Concha;Urbano;C.A. Zamora;Zamora;Zamora;66;Mujer
2025-01-08T15:24:00+01:00;2025-01-16T16:40:00+01:00;Miércoles;Jueves;ZBS Mansilla Mulas;Rural;C.A.U. León;León;León;78;Hombre
2025-01-08T15:17:00+01:00;2025-01-16T14:02:00+01:00;Miércoles;Jueves;ZBS Carrión de los Condes;Rural;H.C.U. Valladolid;Valladolid Este;Valladolid;65;Hombre
2025-01-08T13:41:00+01:00;2025-01-10T17:01:00+01:00;Miércoles;Viernes;ZBS Sta. María del Páramo;Rural;C.A.U. León;León;León;87;Mujer
2025-01-08T12:37:00+01:00;2025-01-22T10:52:00+01:00;Miércoles;Miércoles;ZBS Eras del Bosque;Urbano;H.C.U. Valladolid;Valladolid Este;Valladolid;51;Hombre
2025-01-08T12:35:00+01:00;2025-01-14T14:54:00+01:00;Miércoles;Martes;ZBS Arturo Eyries;Urbano;H.U. Río Hortega;Valladolid Oeste;Valladolid;66;Hombre
2025-01-08T05:37:00+01:00;2025-01-16T18:18:00+01:00;Miércoles;Jueves;ZBS Paredes de Nava;Rural;H.C.U. Valladolid;Valladolid Este;Valladolid;69;Hombre
2025-01-08T01:22:00+01:00;2025-01-17T15:50:00+01:00;Miércoles;Viernes;ZBS Pedrosillo el Ralo;Rural;C.A.U. Salamanca;Salamanca;Salamanca;78;Hombre
2025-01-07T23:56:00+01:00;2025-01-28T18:00:00+01:00;Martes;Martes;ZBS Aldeadávila de la Ribera;Rural;C.A.U. Salamanca;Salamanca;Salamanca;80;Mujer
2025-01-07T23:36:00+01:00;2025-01-22T09:35:00+01:00;Martes;Miércoles;ZBS Trobajo del Camino;Rural;C.A.U. León;León;León;54;Hombre
2025-01-07T22:24:00+01:00;2025-01-10T14:23:00+01:00;Martes;Viernes;ZBS Mombeltrán;Rural;C.A. Ávila;Ávila;Ávila;82;Mujer
2025-01-07T22:03:00+01:00;2025-01-11T00:55:00+01:00;Martes;Viernes;ZBS Bermillo de Sayago;Rural;C.A. Zamora;Zamora;Zamora;61;Hombre
2025-01-07T21:41:00+01:00;2025-01-13T15:55:00+01:00;Martes;Lunes;ZBS Casa del Barco;Urbano;H.U. Río Hortega;Valladolid Oeste;Valladolid;67;Mujer
2025-01-07T21:38:00+01:00;2025-01-29T15:37:00+01:00;Martes;Miércoles;ZBS Ávila Sur Oeste;Urbano;C.A. Ávila;Ávila;Ávila;79;Hombre
2025-01-07T20:51:00+01:00;2025-01-09T18:51:00+01:00;Martes;Jueves;ZBS Santa Elena;Urbano;C.A.U. Salamanca;Salamanca;Salamanca;80;Hombre
2025-01-07T20:47:00+01:00;2025-01-13T17:57:00+01:00;Martes;Lunes;ZBS Ciudad Rodrigo;Urbano;C.A.U. Salamanca;Salamanca;Salamanca;97;Mujer
2025-01-07T20:39:00+01:00;2025-01-08T19:47:00+01:00;Martes;Miércoles;ZBS Piedrahita;Rural;C.A.U. Salamanca;Salamanca;Salamanca;71;Mujer
2025-01-07T20:31:00+01:00;2025-01-14T19:07:00+01:00;Martes;Martes;ZBS Santa Marta de Tormes;Rural;C.A.U. Salamanca;Salamanca;Salamanca;74;Hombre
2025-01-07T20:18:00+01:00;2025-01-10T21:37:00+01:00;Martes;Viernes;ZBS Segovia III;Urbano;C.A. Segovia;Segovia;Segovia;57;Mujer
2025-01-07T20:14:00+01:00;2025-01-20T20:19:00+01:00;Martes;Lunes;ZBS Cantalejo;Rural;C.A. Segovia;Segovia;Segovia;61;Hombre
2025-01-07T19:44:00+01:00;2025-01-13T19:23:00+01:00;Martes;Lunes;ZBS Arévalo;Urbano;C.A. Ávila;Ávila;Ávila;55;Hombre
2025-01-07T19:34:00+01:00;2025-01-13T15:14:00+01:00;Martes;Lunes;ZBS Bermillo de Sayago;Rural;C.A. Zamora;Zamora;Zamora;84;Hombre
2025-01-07T17:02:00+01:00;2025-01-08T17:15:00+01:00;Martes;Miércoles;ZBS Béjar;Urbano;C.A.U. Salamanca;Salamanca;Salamanca;98;Mujer
2025-01-07T15:43:00+01:00;2025-01-10T19:06:00+01:00;Martes;Viernes;ZBS Delicias II;Urbano;H.C.U. Valladolid;Valladolid Este;Valladolid;87;Hombre
2025-01-07T15:36:00+01:00;2025-01-16T19:16:00+01:00;Martes;Jueves;ZBS F.Villalobos;Urbano;C.A.U. Salamanca;Salamanca;Salamanca;61;Hombre
2025-01-07T14:34:00+01:00;2025-01-22T17:05:00+01:00;Martes;Miércoles;ZBS Cuéllar;Urbano;C.A. Segovia;Segovia;Segovia;65;Hombre
2025-01-07T12:43:00+01:00;2025-01-10T17:20:00+01:00;Martes;Viernes;ZBS Gamonal las Torres;Urbano;C.A.U. Burgos;Burgos;Burgos;66;Hombre
2025-01-07T12:17:00+01:00;2025-01-17T11:39:00+01:00;Martes;Viernes;ZBS Pisuerga;Rural;H.C.U. Valladolid;Valladolid Este;Valladolid;90;Hombre
2025-01-07T11:38:00+01:00;2025-01-24T16:46:00+01:00;Martes;Viernes;ZBS Cristobal Acosta;Urbano;C.A.U. Burgos;Burgos;Burgos;50;Mujer
2025-01-07T09:59:00+01:00;2025-02-04T12:50:00+01:00;Martes;Martes;ZBS Canterac;Urbano;H.C.U. Valladolid;Valladolid Este;Valladolid;83;Hombre
2025-01-07T03:30:00+01:00;2025-01-17T15:37:00+01:00;Martes;Viernes;ZBS Cistierna;Rural;C.A.U. León;León;León;77;Hombre
2025-01-07T02:57:00+01:00;2025-01-08T13:45:00+01:00;Martes;Miércoles;ZBS Olmedo;Rural;H. Medina del Campo;Valladolid Este;Valladolid;97;Mujer
2025-01-07T02:39:00+01:00;2025-01-14T02:35:00+01:00;Martes;Martes;ZBS Mombeltrán;Rural;C.A. Ávila;Ávila;Ávila;76;Hombre
2025-01-07T00:10:00+01:00;2025-01-21T12:45:00+01:00;Lunes;Martes;ZBS La Victoria;Urbano;H.C.U. Valladolid;Valladolid Este;Valladolid;79;Mujer
2025-01-06T21:57:00+01:00;2025-01-13T17:01:00+01:00;Lunes;Lunes;ZBS San Leonardo de Yagüe;Rural;C.A.U. Burgos;Burgos;Burgos;86;Hombre
2025-01-06T19:36:00+01:00;2025-01-13T19:59:00+01:00;Lunes;Lunes;ZBS Los Cubos;Urbano;C.A.U. Burgos;Burgos;Burgos;85;Mujer
2025-01-06T17:57:00+01:00;2025-01-16T18:52:00+01:00;Lunes;Jueves;ZBS De la Puebla;Urbano;C.A.U. Palencia;Palencia;Palencia;71;Hombre
2025-01-06T16:47:00+01:00;2025-01-08T18:50:00+01:00;Lunes;Miércoles;ZBS Parada del Molino;Urbano;C.A.U. Salamanca;Salamanca;Salamanca;51;Hombre
2025-01-06T16:41:00+01:00;2025-01-10T18:11:00+01:00;Lunes;Viernes;ZBS Pedrosillo el Ralo;Rural;C.A.U. Salamanca;Salamanca;Salamanca;52;Hombre
2025-01-06T16:39:00+01:00;2025-01-21T12:45:00+01:00;Lunes;Martes;ZBS Medina del Campo Urbano;Urbano;H.C.U. Valladolid;Valladolid Este;Valladolid;84;Hombre
2025-01-06T15:44:00+01:00;2025-01-09T17:16:00+01:00;Lunes;Jueves;ZBS Pedrosillo el Ralo;Rural;C.A.U. Salamanca;Salamanca;Salamanca;77;Hombre
2025-01-06T07:24:00+01:00;2025-01-08T17:06:00+01:00;Lunes;Miércoles;ZBS Almazán;Rural;C.A.U. Burgos;Burgos;Burgos;86;Mujer
2025-01-06T01:54:00+01:00;2025-01-06T14:20:00+01:00;Lunes;Lunes;Zona Desconocida;Otra;C.A.U. León;León;León;68;Hombre
2025-01-06T01:05:00+01:00;2025-01-09T17:36:00+01:00;Lunes;Jueves;ZBS Nava de la Asunción;Rural;C.A. Segovia;Segovia;Segovia;80;Mujer
2025-01-05T19:50:00+01:00;2025-01-07T19:14:00+01:00;Domingo;Martes;ZBS Parque Alameda-Covaresa;Urbano;H.C.U. Valladolid;Valladolid Este;Valladolid;74;Mujer
2025-01-05T18:21:00+01:00;2025-01-16T03:12:00+01:00;Domingo;Jueves;ZBS San Antonio;Urbano;H. El Bierzo;Bierzo;León;68;Mujer
2025-01-05T17:36:00+01:00;2025-01-08T02:06:00+01:00;Domingo;Miércoles;Zona Desconocida;Otra;C.A. Zamora;Zamora;Zamora;93;Hombre
2025-01-05T16:17:00+01:00;2025-01-16T21:10:00+01:00;Domingo;Jueves;ZBS Santa Marta de Tormes;Rural;C.A.U. Salamanca;Salamanca;Salamanca;94;Hombre
2025-01-05T14:56:00+01:00;2025-01-16T21:13:00+01:00;Domingo;Jueves;ZBS Ledesma;Rural;C.A.U. Salamanca;Salamanca;Salamanca;87;Hombre
2025-01-05T14:42:00+01:00;2025-01-29T17:33:00+01:00;Domingo;Miércoles;ZBS Ponferrada IV;Urbano;C.A.U. León;León;León;61;Mujer
2025-01-05T14:05:00+01:00;2025-01-07T19:03:00+01:00;Domingo;Martes;ZBS Segovia III;Urbano;H.C.U. Valladolid;Valladolid Este;Valladolid;57;Mujer
2025-01-05T13:02:00+01:00;2025-01-23T21:00:00+01:00;Domingo;Jueves;ZBS Pintor Oliva;Urbano;C.A.U. Palencia;Palencia;Palencia;92;Mujer
2025-01-05T10:20:00+01:00;2025-01-05T11:10:00+01:00;Domingo;Domingo;ZBS Segovia III;Urbano;C.A. Segovia;Segovia;Segovia;57;Mujer
2025-01-05T02:41:00+01:00;2025-01-08T18:30:00+01:00;Domingo;Miércoles;ZBS Béjar;Urbano;C.A.U. Salamanca;Salamanca;Salamanca;41;Hombre
2025-01-04T23:51:00+01:00;2025-01-14T19:05:00+01:00;Sábado;Martes;ZBS Vitigudino;Rural;C.A.U. Salamanca;Salamanca;Salamanca;99;Mujer
2025-01-04T23:00:00+01:00;2025-01-28T10:39:00+01:00;Sábado;Martes;ZBS Rondilla I;Urbano;H.C.U. Valladolid;Valladolid Este;Valladolid;74;Hombre
2025-01-04T21:46:00+01:00;2025-01-09T16:35:00+01:00;Sábado;Jueves;ZBS Belorado;Rural;C.A.U. Burgos;Burgos;Burgos;78;Mujer
2025-01-04T19:50:00+01:00;2025-01-07T20:07:00+01:00;Sábado;Martes;ZBS La Guareña;Rural;C.A.U. Salamanca;Salamanca;Salamanca;87;Hombre
2025-01-04T19:45:00+01:00;2025-01-07T15:16:00+01:00;Sábado;Martes;ZBS Sta. María del Páramo;Rural;C.A.U. León;León;León;70;Hombre
2025-01-04T18:30:00+01:00;2025-01-09T16:36:00+01:00;Sábado;Jueves;ZBS San Agustín;Urbano;C.A.U. Burgos;Burgos;Burgos;90;Mujer
2025-01-04T17:04:00+01:00;2025-01-08T20:05:00+01:00;Sábado;Miércoles;ZBS Aranda Norte;Urbano;C.A.U. Burgos;Burgos;Burgos;50;Hombre
2025-01-04T16:10:00+01:00;2025-01-23T18:40:00+01:00;Sábado;Jueves;ZBS Alamedilla;Urbano;C.A.U. Salamanca;Salamanca;Salamanca;75;Mujer
2025-01-04T15:47:00+01:00;2025-01-10T15:06:00+01:00;Sábado;Viernes;ZBS Virgen de la Concha;Urbano;C.A. Zamora;Zamora;Zamora;74;Mujer
2025-01-04T14:58:00+01:00;2025-01-15T13:28:00+01:00;Sábado;Miércoles;ZBS Pintor Oliva;Urbano;H.C.U. Valladolid;Valladolid Este;Valladolid;49;Mujer
2025-01-04T14:51:00+01:00;2025-01-07T19:21:00+01:00;Sábado;Martes;ZBS Bermillo de Sayago;Rural;C.A.U. Salamanca;Salamanca;Salamanca;84;Hombre
2025-01-04T14:09:00+01:00;2025-01-10T17:00:00+01:00;Sábado;Viernes;ZBS La Palomera;Urbano;C.A.U. León;León;León;78;Mujer
2025-01-04T03:50:00+01:00;2025-01-14T20:23:00+01:00;Sábado;Martes;ZBS I. López Sáiz;Urbano;C.A.U. Burgos;Burgos;Burgos;88;Mujer
2025-01-04T01:33:00+01:00;2025-01-07T16:21:00+01:00;Sábado;Martes;ZBS Trobajo del Camino;Rural;C.A.U. León;León;León;50;Hombre
2025-01-03T21:17:00+01:00;2025-01-10T16:54:00+01:00;Viernes;Viernes;ZBS La Palomera;Urbano;C.A.U. León;León;León;69;Hombre
2025-01-03T20:53:00+01:00;2025-01-09T15:01:00+01:00;Viernes;Jueves;ZBS Almazán;Rural;C.A. Soria;Soria;Soria;86;Mujer
2025-01-03T20:32:00+01:00;2025-01-10T19:58:00+01:00;Viernes;Viernes;ZBS Ávila Sur Oeste;Urbano;C.A.U. Salamanca;Salamanca;Salamanca;93;Hombre
2025-01-03T20:19:00+01:00;2025-01-07T17:42:00+01:00;Viernes;Martes;ZBS Villarcayo;Rural;C.A.U. Burgos;Burgos;Burgos;80;Mujer
2025-01-03T19:16:00+01:00;2025-01-04T14:21:00+01:00;Viernes;Sábado;ZBS Valencia de D. Juan;Rural;C.A.U. León;León;León;82;Mujer
2025-01-03T18:58:00+01:00;2025-01-07T08:05:00+01:00;Viernes;Martes;ZBS Eras del Bosque;Urbano;C.A.U. Palencia;Palencia;Palencia;96;Mujer
2025-01-03T18:21:00+01:00;2025-01-08T15:49:00+01:00;Viernes;Miércoles;ZBS Carbajales de Alba;Rural;C.A. Zamora;Zamora;Zamora;88;Mujer
2025-01-03T18:03:00+01:00;2025-01-08T21:20:00+01:00;Viernes;Miércoles;ZBS Arenas de San Pedro;Rural;C.A.U. Salamanca;Salamanca;Salamanca;88;Mujer
2025-01-03T15:03:00+01:00;2025-01-08T01:20:00+01:00;Viernes;Miércoles;ZBS Cistierna;Rural;C.A.U. León;León;León;83;Mujer
2025-01-03T14:43:00+01:00;2025-01-10T14:33:00+01:00;Viernes;Viernes;ZBS Barco de Ávila;Rural;C.A. Ávila;Ávila;Ávila;51;Hombre
2025-01-03T14:11:00+01:00;2025-01-09T16:36:00+01:00;Viernes;Jueves;ZBS Briviesca;Urbano;C.A.U. Burgos;Burgos;Burgos;84;Hombre
2025-01-03T13:34:00+01:00;2025-01-04T14:18:00+01:00;Viernes;Sábado;ZBS Pintor Oliva;Urbano;C.A.U. Palencia;Palencia;Palencia;49;Mujer
2025-01-03T12:48:00+01:00;2025-01-16T21:16:00+01:00;Viernes;Jueves;ZBS La Palomera;Urbano;C.A.U. León;León;León;91;Hombre
2025-01-03T03:49:00+01:00;2025-01-08T11:00:00+01:00;Viernes;Miércoles;ZBS Alba de Tormes;Rural;C.A.U. Salamanca;Salamanca;Salamanca;87;Hombre
2025-01-03T02:46:00+01:00;2025-01-09T17:15:00+01:00;Viernes;Jueves;ZBS Pintor Oliva;Urbano;H.C.U. Valladolid;Valladolid Este;Valladolid;78;Hombre
2025-01-03T02:26:00+01:00;2025-01-07T16:56:00+01:00;Viernes;Martes;ZBS Aranda Rural;Rural;C.A.U. Burgos;Burgos;Burgos;84;Hombre
2025-01-03T02:18:00+01:00;2025-01-13T16:23:00+01:00;Viernes;Lunes;ZBS Béjar;Urbano;C.A.U. Salamanca;Salamanca;Salamanca;79;Hombre
2025-01-03T00:49:00+01:00;2025-01-07T20:47:00+01:00;Jueves;Martes;ZBS Aguilar de Campoo;Rural;C.A.U. Palencia;Palencia;Palencia;93;Hombre
2025-01-03T00:00:00+01:00;2025-01-18T17:24:00+01:00;Jueves;Sábado;ZBS Cacabelos;Rural;C.A.U. León;León;León;72;Hombre
2025-01-02T23:49:00+01:00;2025-01-07T16:56:00+01:00;Jueves;Martes;ZBS Aranda Norte;Urbano;C.A.U. Burgos;Burgos;Burgos;75;Mujer
2025-01-02T22:25:00+01:00;2025-01-08T17:45:00+01:00;Jueves;Miércoles;ZBS Miranda Oeste;Urbano;H. Santiago Apóstol;Burgos;Burgos;87;Hombre
2025-01-02T22:15:00+01:00;2025-01-07T15:28:00+01:00;Jueves;Martes;ZBS Las Huelgas;Urbano;C.A.U. Burgos;Burgos;Burgos;71;Hombre
2025-01-02T21:28:00+01:00;2025-01-10T14:47:00+01:00;Jueves;Viernes;ZBS Ávila Norte;Urbano;C.A. Ávila;Ávila;Ávila;58;Hombre
2025-01-02T21:09:00+01:00;2025-01-10T16:55:00+01:00;Jueves;Viernes;ZBS La Bañeza I;Urbano;C.A.U. León;León;León;54;Hombre
2025-01-02T20:06:00+01:00;2025-01-12T14:46:00+01:00;Jueves;Domingo;ZBS Villalón de Campos;Rural;H.U. Río Hortega;Valladolid Oeste;Valladolid;85;Hombre
2025-01-02T19:25:00+01:00;2025-01-06T13:19:00+01:00;Jueves;Lunes;ZBS Bierzo;Urbano;H. El Bierzo;Bierzo;León;88;Mujer
2025-01-02T19:24:00+01:00;2025-01-10T19:01:00+01:00;Jueves;Viernes;ZBS Jardinillos;Urbano;C.A.U. Palencia;Palencia;Palencia;74;Mujer
2025-01-02T19:03:00+01:00;2025-01-17T19:20:00+01:00;Jueves;Viernes;ZBS Delicias II;Urbano;H.U. Río Hortega;Valladolid Oeste;Valladolid;51;Mujer
2025-01-02T18:50:00+01:00;2025-01-07T13:15:00+01:00;Jueves;Martes;ZBS Benavente Norte;Urbano;C.A. Zamora;Zamora;Zamora;77;Mujer
2025-01-02T18:46:00+01:00;2025-03-21T12:47:00+01:00;Jueves;Viernes;ZBS Ávila Sur Oeste;Urbano;C.A. Ávila;Ávila;Ávila;54;Mujer
2025-01-02T18:36:00+01:00;2025-01-13T15:44:00+01:00;Jueves;Lunes;ZBS San Antonio;Urbano;H. El Bierzo;Bierzo;León;78;Mujer
2025-01-02T18:24:00+01:00;2025-01-13T08:33:00+01:00;Jueves;Lunes;ZBS Ávila Estación;Urbano;C.A. Ávila;Ávila;Ávila;57;Hombre
2025-01-02T18:20:00+01:00;2025-01-13T15:50:00+01:00;Jueves;Lunes;ZBS Zamora Norte;Rural;C.A. Zamora;Zamora;Zamora;35;Mujer
2025-01-02T18:02:00+01:00;2025-01-16T13:22:00+01:00;Jueves;Jueves;ZBS Miranda Este;Urbano;H. Santiago Apóstol;Burgos;Burgos;94;Mujer
2025-01-02T16:44:00+01:00;2025-01-05T15:14:00+01:00;Jueves;Domingo;ZBS Laguna de Duero;Rural;H.U. Río Hortega;Valladolid Oeste;Valladolid;84;Hombre
2025-01-02T14:48:00+01:00;2025-01-08T19:18:00+01:00;Jueves;Miércoles;ZBS Pizarrales-Vidal;Urbano;C.A.U. Salamanca;Salamanca;Salamanca;61;Hombre
2025-01-02T14:38:00+01:00;2025-01-28T13:29:00+01:00;Jueves;Martes;ZBS Valladolid Rural II;Rural;H.U. Río Hortega;Valladolid Oeste;Valladolid;88;Mujer
2025-01-02T04:02:00+01:00;2025-01-15T13:05:00+01:00;Jueves;Miércoles;ZBS Toro;Urbano;C.A. Zamora;Zamora;Zamora;66;Hombre
2025-01-02T02:54:00+01:00;2025-01-07T18:15:00+01:00;Jueves;Martes;ZBS Eras de Renueva;Urbano;C.A.U. León;León;León;93;Mujer
2025-01-01T22:11:00+01:00;2025-01-10T16:55:00+01:00;Miércoles;Viernes;ZBS Valencia de D. Juan;Rural;C.A.U. León;León;León;78;Hombre
2025-01-01T21:30:00+01:00;2025-01-15T21:24:00+01:00;Miércoles;Miércoles;ZBS San Andrés del Rabanedo;Rural;C.A.U. León;León;León;90;Mujer
2025-01-01T21:00:00+01:00;2025-01-03T16:26:00+01:00;Miércoles;Viernes;ZBS Eras del Bosque;Urbano;C.A.U. Palencia;Palencia;Palencia;71;Hombre
2025-01-01T18:40:00+01:00;2025-01-08T16:52:00+01:00;Miércoles;Miércoles;ZBS Segovia I;Urbano;C.A. Segovia;Segovia;Segovia;100;Hombre
2025-01-01T18:36:00+01:00;2025-01-07T06:30:00+01:00;Miércoles;Martes;ZBS Íscar;Rural;H.C.U. Valladolid;Valladolid Este;Valladolid;89;Mujer
2025-01-01T17:58:00+01:00;2025-01-08T18:51:00+01:00;Miércoles;Miércoles;ZBS Pisuerga;Rural;H.U. Río Hortega;Valladolid Oeste;Valladolid;55;Hombre
2025-01-01T12:39:00+01:00;2025-01-04T18:05:00+01:00;Miércoles;Sábado;ZBS Virgen de la Concha;Urbano;C.A.U. Salamanca;Salamanca;Salamanca;74;Mujer
2025-01-01T10:30:00+01:00;2025-01-05T10:00:00+01:00;Miércoles;Domingo;ZBS Circular;Urbano;H.C.U. Valladolid;Valladolid Este;Valladolid;76;Mujer
2025-01-01T09:30:00+01:00;2025-01-10T17:57:00+01:00;Miércoles;Viernes;ZBS José Luis Santamaría;Urbano;C.A.U. Burgos;Burgos;Burgos;83;Mujer
2025-01-01T08:00:00+01:00;2025-01-10T17:00:00+01:00;Miércoles;Viernes;ZBS La Palomera;Urbano;C.A.U. León;León;León;73;Hombre
2025-01-01T03:00:00+01:00;2025-01-08T19:17:00+01:00;Miércoles;Miércoles;Zona Desconocida;Otra;C.A.U. Salamanca;Salamanca;Salamanca;66;Hombre
2025-01-01T01:13:00+01:00;2025-01-02T14:30:00+01:00;Miércoles;Jueves;ZBS Aguilar de Campoo;Rural;C.A.U. Burgos;Burgos;Burgos;75;Hombre
2024-12-31T21:00:00+01:00;2025-01-09T15:00:00+01:00;Martes;Jueves;ZBS Bembibre;Rural;H. El Bierzo;Bierzo;León;85;Mujer
2024-12-31T17:34:00+01:00;2025-01-20T15:42:00+01:00;Martes;Lunes;ZBS Segovia III;Urbano;C.A. Segovia;Segovia;Segovia;88;Mujer
2024-12-31T14:44:00+01:00;2025-01-03T21:42:00+01:00;Martes;Viernes;ZBS Gamazo;Urbano;H.C.U. Valladolid;Valladolid Este;Valladolid;94;Mujer
2024-12-31T14:23:00+01:00;2025-01-25T16:30:00+01:00;Martes;Sábado;ZBS Crucero;Urbano;C.A.U. León;León;León;46;Mujer
2024-12-31T13:49:00+01:00;2025-01-03T17:39:00+01:00;Martes;Viernes;ZBS Trobajo del Camino;Rural;C.A.U. Salamanca;Salamanca;Salamanca;91;Hombre
2024-12-31T13:40:00+01:00;2025-01-04T18:09:00+01:00;Martes;Sábado;ZBS Los Comuneros;Urbano;C.A.U. Burgos;Burgos;Burgos;58;Mujer
2024-12-31T11:55:00+01:00;2025-01-09T18:40:00+01:00;Martes;Jueves;ZBS Villada;Rural;C.A.U. Palencia;Palencia;Palencia;88;Mujer
2024-12-31T05:43:00+01:00;2025-01-02T16:39:00+01:00;Martes;Jueves;ZBS Benavente Norte;Urbano;C.A.U. León;León;León;77;Mujer
2024-12-31T05:09:00+01:00;2025-01-02T20:06:00+01:00;Martes;Jueves;ZBS Parada del Molino;Urbano;C.A.U. Salamanca;Salamanca;Salamanca;84;Mujer
2024-12-31T04:20:00+01:00;2025-01-14T15:42:00+01:00;Martes;Martes;ZBS Pilarica;Urbano;H.C.U. Valladolid;Valladolid Este;Valladolid;84;Hombre
2024-12-31T00:10:00+01:00;2025-01-03T18:40:00+01:00;Lunes;Viernes;ZBS Aranda Norte;Urbano;H. Santos Reyes;Burgos;Burgos;92;Hombre
2024-12-30T23:40:00+01:00;2025-01-03T16:45:00+01:00;Lunes;Viernes;ZBS Villarcayo;Rural;C.A.U. Burgos;Burgos;Burgos;85;Hombre
2024-12-30T21:42:00+01:00;2025-01-03T20:23:00+01:00;Lunes;Viernes;ZBS Ciudad Rodrigo;Urbano;C.A.U. Salamanca;Salamanca;Salamanca;70;Hombre
2024-12-30T21:06:00+01:00;2025-01-03T17:41:00+01:00;Lunes;Viernes;ZBS Carbajales de Alba;Rural;C.A.U. Salamanca;Salamanca;Salamanca;88;Mujer
2024-12-30T21:06:00+01:00;2025-01-03T17:36:00+01:00;Lunes;Viernes;ZBS Ávila Sur Oeste;Urbano;C.A.U. Salamanca;Salamanca;Salamanca;80;Mujer
2024-12-30T21:00:00+01:00;2025-01-08T12:00:00+01:00;Lunes;Miércoles;ZBS Soria Norte;Urbano;C.A. Soria;Soria;Soria;79;Mujer
2024-12-30T20:04:00+01:00;2025-01-15T15:58:00+01:00;Lunes;Miércoles;ZBS Rondilla II;Urbano;H.C.U. Valladolid;Valladolid Este;Valladolid;74;Hombre
2024-12-30T19:34:00+01:00;2025-01-13T09:58:00+01:00;Lunes;Lunes;ZBS Santa Elena;Urbano;C.A. Zamora;Zamora;Zamora;63;Hombre
2024-12-30T19:05:00+01:00;2025-01-03T11:30:00+01:00;Lunes;Viernes;ZBS De la Puebla;Urbano;C.A.U. Palencia;Palencia;Palencia;83;Hombre
2024-12-30T18:53:00+01:00;2025-01-08T15:27:00+01:00;Lunes;Miércoles;ZBS San Pedro Arroyo;Rural;C.A. Ávila;Ávila;Ávila;83;Hombre
2024-12-30T18:46:00+01:00;2025-01-08T15:25:00+01:00;Lunes;Miércoles;ZBS Barco de Ávila;Rural;C.A. Ávila;Ávila;Ávila;84;Hombre
2024-12-30T17:19:00+01:00;2025-01-13T09:47:00+01:00;Lunes;Lunes;ZBS Villalpando;Rural;C.A. Zamora;Zamora;Zamora;56;Hombre
2024-12-30T14:33:00+01:00;2025-01-03T16:47:00+01:00;Lunes;Viernes;ZBS Ávila Rural;Rural;C.A. Ávila;Ávila;Ávila;94;Hombre
2024-12-30T14:13:00+01:00;2025-01-07T16:56:00+01:00;Lunes;Martes;Zona Desconocida;Otra;C.A.U. Burgos;Burgos;Burgos;80;Mujer
2024-12-30T00:41:00+01:00;2025-01-03T16:45:00+01:00;Domingo;Viernes;ZBS Los Cubos;Urbano;C.A.U. Burgos;Burgos;Burgos;91;Mujer
2024-12-29T21:43:00+01:00;2025-01-04T13:36:00+01:00;Domingo;Sábado;ZBS Delicias II;Urbano;H.U. Río Hortega;Valladolid Oeste;Valladolid;84;Mujer
2024-12-29T21:21:00+01:00;2025-01-03T14:58:00+01:00;Domingo;Viernes;ZBS Fabero;Rural;H. El Bierzo;Bierzo;León;52;Mujer
2024-12-29T21:18:00+01:00;2025-01-03T13:24:00+01:00;Domingo;Viernes;ZBS Barco de Ávila;Rural;C.A.U. Salamanca;Salamanca;Salamanca;51;Hombre
2024-12-29T20:50:00+01:00;2025-01-10T14:52:00+01:00;Domingo;Viernes;ZBS Parada del Molino;Urbano;C.A. Zamora;Zamora;Zamora;50;Mujer
2024-12-29T18:51:00+01:00;2025-01-10T19:02:00+01:00;Domingo;Viernes;ZBS Alba de Tormes;Rural;C.A.U. Salamanca;Salamanca;Salamanca;83;Mujer
2024-12-29T17:56:00+01:00;2025-01-03T17:43:00+01:00;Domingo;Viernes;ZBS Valladolid Rural II;Rural;H.U. Río Hortega;Valladolid Oeste;Valladolid;71;Hombre
2024-12-29T11:46:00+01:00;2025-01-01T14:45:00+01:00;Domingo;Miércoles;ZBS Casa del Barco;Urbano;H.U. Río Hortega;Valladolid Oeste;Valladolid;90;Hombre
2024-12-29T02:01:00+01:00;2025-01-02T17:27:00+01:00;Domingo;Jueves;ZBS Trobajo del Camino;Rural;C.A.U. León;León;León;80;Mujer
2024-12-28T20:00:00+01:00;2025-01-02T03:04:00+01:00;Sábado;Jueves;ZBS Bierzo;Urbano;C.A.U. León;León;León;86;Hombre
2024-12-28T19:26:00+01:00;2025-01-13T23:39:00+01:00;Sábado;Lunes;ZBS Miranda Este;Urbano;H. Santiago Apóstol;Burgos;Burgos;89;Mujer
2024-12-28T16:49:00+01:00;2025-01-07T18:35:00+01:00;Sábado;Martes;ZBS Aldeadávila de la Ribera;Rural;C.A.U. Salamanca;Salamanca;Salamanca;79;Hombre
2024-12-28T14:07:00+01:00;2025-01-15T17:38:00+01:00;Sábado;Miércoles;ZBS Parquesol;Urbano;H.U. Río Hortega;Valladolid Oeste;Valladolid;85;Hombre
2024-12-28T12:39:00+01:00;2025-01-08T20:09:00+01:00;Sábado;Miércoles;ZBS Cristobal Acosta;Urbano;C.A.U. Burgos;Burgos;Burgos;88;Hombre
2024-12-28T12:06:00+01:00;2025-01-23T20:02:00+01:00;Sábado;Jueves;ZBS Bañeza II;Rural;C.A.U. León;León;León;59;Hombre
2024-12-28T00:24:00+01:00;2025-01-03T17:44:00+01:00;Viernes;Viernes;ZBS Tudela;Rural;H.C.U. Valladolid;Valladolid Este;Valladolid;77;Hombre
2024-12-27T22:31:00+01:00;2025-01-07T16:56:00+01:00;Viernes;Martes;ZBS El Espinar;Rural;C.A. Segovia;Segovia;Segovia;99;Hombre
2024-12-27T19:09:00+01:00;2025-01-02T12:34:00+01:00;Viernes;Jueves;ZBS Santa Elena;Urbano;C.A. Zamora;Zamora;Zamora;86;Hombre
2024-12-27T18:09:00+01:00;2025-01-02T18:07:00+01:00;Viernes;Jueves;ZBS Eras del Bosque;Urbano;C.A.U. Palencia;Palencia;Palencia;87;Hombre
2024-12-27T15:09:00+01:00;2025-01-02T20:05:00+01:00;Viernes;Jueves;ZBS Periurbana Norte;Rural;C.A.U. Salamanca;Salamanca;Salamanca;77;Hombre
2024-12-27T14:59:00+01:00;2025-01-03T16:41:00+01:00;Viernes;Viernes;ZBS Bañeza II;Rural;C.A.U. León;León;León;76;Hombre
2024-12-27T14:38:00+01:00;2025-01-15T13:03:00+01:00;Viernes;Miércoles;ZBS Segovia I;Urbano;C.A. Segovia;Segovia;Segovia;67;Hombre
2024-12-27T12:10:00+01:00;2025-01-15T17:59:00+01:00;Viernes;Miércoles;Zona Desconocida;Otra;C.A.U. Salamanca;Salamanca;Salamanca;75;Hombre
2024-12-27T09:36:00+01:00;2025-01-14T12:17:00+01:00;Viernes;Martes;ZBS Medina del Campo Urbano;Urbano;H.C.U. Valladolid;Valladolid Este;Valladolid;64;Hombre
2024-12-27T05:14:00+01:00;2025-01-07T20:06:00+01:00;Viernes;Martes;ZBS San José;Urbano;C.A.U. Salamanca;Salamanca;Salamanca;81;Hombre
2024-12-27T01:58:00+01:00;2025-01-20T19:35:00+01:00;Viernes;Lunes;ZBS Aranda Sur;Urbano;C.A.U. Burgos;Burgos;Burgos;80;Mujer
2024-12-27T01:00:00+01:00;2025-01-13T16:56:00+01:00;Viernes;Lunes;ZBS Condesa;Urbano;C.A.U. León;León;León;82;Mujer
2024-12-26T20:18:00+01:00;2025-02-11T15:11:00+01:00;Jueves;Martes;ZBS Carrión de los Condes;Rural;C.A.U. Palencia;Palencia;Palencia;84;Hombre
2024-12-26T18:02:00+01:00;2025-01-03T16:42:00+01:00;Jueves;Viernes;ZBS Bembibre;Rural;C.A.U. León;León;León;69;Hombre
2024-12-26T17:17:00+01:00;2025-01-03T17:50:00+01:00;Jueves;Viernes;ZBS Ribera del Órbigo;Rural;C.A.U. León;León;León;65;Hombre
2024-12-26T17:07:00+01:00;2025-01-10T17:55:00+01:00;Jueves;Viernes;ZBS Parque Alameda-Covaresa;Urbano;H.U. Río Hortega;Valladolid Oeste;Valladolid;66;Hombre
2024-12-26T16:40:00+01:00;2025-01-03T15:38:00+01:00;Jueves;Viernes;ZBS Cuéllar;Urbano;C.A. Segovia;Segovia;Segovia;89;Hombre
2024-12-26T14:22:00+01:00;2025-01-10T16:56:00+01:00;Jueves;Viernes;ZBS Magdalena;Urbano;H.C.U. Valladolid;Valladolid Este;Valladolid;49;Mujer
2024-12-25T20:43:00+01:00;2025-01-03T11:41:00+01:00;Miércoles;Viernes;ZBS Toro;Urbano;C.A. Zamora;Zamora;Zamora;84;Hombre
2024-12-25T19:22:00+01:00;2025-01-03T19:09:00+01:00;Miércoles;Viernes;ZBS Béjar;Urbano;C.A.U. Salamanca;Salamanca;Salamanca;90;Hombre
2024-12-25T19:08:00+01:00;2025-01-08T18:52:00+01:00;Miércoles;Miércoles;ZBS Tordesillas;Rural;H.U. Río Hortega;Valladolid Oeste;Valladolid;60;Hombre
2024-12-25T18:26:00+01:00;2025-01-14T14:53:00+01:00;Miércoles;Martes;ZBS Laguna de Duero;Rural;H.U. Río Hortega;Valladolid Oeste;Valladolid;89;Hombre
2024-12-25T17:41:00+01:00;2025-01-02T18:37:00+01:00;Miércoles;Jueves;ZBS Segovia II;Urbano;C.A. Segovia;Segovia;Segovia;81;Mujer
2024-12-25T16:27:00+01:00;2025-01-02T15:40:00+01:00;Miércoles;Jueves;ZBS Palencia Rural;Rural;C.A.U. Palencia;Palencia;Palencia;89;Mujer
2024-12-25T04:49:00+01:00;2025-01-10T12:12:00+01:00;Miércoles;Viernes;ZBS Laguna de Duero;Rural;H.C.U. Valladolid;Valladolid Este;Valladolid;88;Mujer
2024-12-25T01:03:00+01:00;2025-01-13T21:09:00+01:00;Miércoles;Lunes;ZBS Trobajo del Camino;Rural;C.A.U. León;León;León;54;Mujer
2024-12-25T00:00:00+01:00;2025-01-01T16:21:00+01:00;Martes;Miércoles;ZBS Alamedilla;Urbano;C.A.U. Salamanca;Salamanca;Salamanca;86;Mujer
2024-12-24T22:07:00+01:00;2025-01-14T17:30:00+01:00;Martes;Martes;ZBS Ribera del Órbigo;Rural;C.A.U. León;León;León;72;Hombre
2024-12-24T19:43:00+01:00;2025-01-21T14:08:00+01:00;Martes;Martes;ZBS Guardo;Rural;H.C.U. Valladolid;Valladolid Este;Valladolid;29;Mujer
2024-12-24T16:42:00+01:00;2025-01-07T18:05:00+01:00;Martes;Martes;ZBS Íscar;Rural;H.C.U. Valladolid;Valladolid Este;Valladolid;83;Hombre
2024-12-23T22:11:00+01:00;2025-02-23T15:25:00+01:00;Lunes;Domingo;ZBS Ponferrada IV;Urbano;H. El Bierzo;Bierzo;León;78;Mujer
2024-12-23T21:44:00+01:00;2025-01-09T00:00:00+01:00;Lunes;Miércoles;ZBS Condesa;Urbano;C.A.U. León;León;León;93;Hombre
2024-12-23T19:34:00+01:00;2025-01-03T12:27:00+01:00;Lunes;Viernes;ZBS Mombuey;Rural;C.A. Zamora;Zamora;Zamora;86;Hombre
2024-12-23T19:14:00+01:00;2025-01-08T20:00:00+01:00;Lunes;Miércoles;ZBS Ribera del Órbigo;Rural;C.A.U. León;León;León;73;Hombre
2024-12-23T13:39:00+01:00;2025-01-03T17:44:00+01:00;Lunes;Viernes;ZBS Íscar;Rural;H.C.U. Valladolid;Valladolid Este;Valladolid;86;Mujer
2024-12-23T13:08:00+01:00;2025-01-02T19:11:00+01:00;Lunes;Jueves;ZBS Zamora Norte;Rural;C.A.U. Salamanca;Salamanca;Salamanca;35;Mujer
2024-12-23T01:14:00+01:00;2025-01-02T15:28:00+01:00;Lunes;Jueves;ZBS Villablino;Rural;H. El Bierzo;Bierzo;León;70;Hombre
2024-12-22T18:46:00+01:00;2025-01-02T17:37:00+01:00;Domingo;Jueves;ZBS Aldeadávila de la Ribera;Rural;C.A.U. Salamanca;Salamanca;Salamanca;81;Hombre
2024-12-22T18:34:00+01:00;2025-01-14T21:46:00+01:00;Domingo;Martes;ZBS Villoria;Rural;C.A.U. Salamanca;Salamanca;Salamanca;76;Hombre
2024-12-22T16:02:00+01:00;2025-01-03T18:31:00+01:00;Domingo;Viernes;ZBS Villablino;Rural;C.A.U. León;León;León;66;Mujer
2024-12-22T15:15:00+01:00;2025-02-02T02:30:00+01:00;Domingo;Domingo;ZBS Gamazo;Urbano;H.C.U. Valladolid;Valladolid Este;Valladolid;78;Mujer
2024-12-22T14:07:00+01:00;2025-01-03T13:11:00+01:00;Domingo;Viernes;ZBS La Guareña;Rural;C.A. Zamora;Zamora;Zamora;94;Hombre
2024-12-22T13:54:00+01:00;2025-01-10T16:54:00+01:00;Domingo;Viernes;ZBS Cuenca del Bernesga;Rural;C.A.U. León;León;León;78;Mujer
2024-12-22T13:15:00+01:00;2025-03-26T11:45:00+01:00;Domingo;Miércoles;ZBS Rondilla II;Urbano;H.C.U. Valladolid;Valladolid Este;Valladolid;81;Mujer
2024-12-22T09:39:00+01:00;2025-01-22T17:43:00+01:00;Domingo;Miércoles;ZBS Pintor Oliva;Urbano;H.C.U. Valladolid;Valladolid Este;Valladolid;66;Mujer
2024-12-22T02:00:00+01:00;2025-01-07T17:49:00+01:00;Domingo;Martes;ZBS Arévalo;Urbano;H.C.U. Valladolid;Valladolid Este;Valladolid;55;Hombre
2024-12-21T17:24:00+01:00;2025-01-02T12:32:00+01:00;Sábado;Jueves;ZBS Íscar;Rural;H.C.U. Valladolid;Valladolid Este;Valladolid;61;Hombre
2024-12-21T02:50:00+01:00;2025-01-10T12:46:00+01:00;Sábado;Viernes;ZBS Zamora Sur;Rural;C.A. Zamora;Zamora;Zamora;66;Mujer
2024-12-21T00:51:00+01:00;2025-01-02T18:36:00+01:00;Viernes;Jueves;ZBS San Ildefonso;Rural;C.A. Segovia;Segovia;Segovia;87;Mujer
2024-12-20T20:19:00+01:00;2025-01-22T10:49:00+01:00;Viernes;Miércoles;ZBS San Pablo;Urbano;H.C.U. Valladolid;Valladolid Este;Valladolid;62;Hombre
2024-12-20T16:12:00+01:00;2025-01-07T17:30:00+01:00;Viernes;Martes;ZBS San Andrés del Rabanedo;Rural;C.A.U. León;León;León;81;Mujer
2024-12-20T05:14:00+01:00;2025-02-09T21:55:00+01:00;Viernes;Domingo;ZBS Baltanás;Rural;C.A.U. Palencia;Palencia;Palencia;84;Mujer
2024-12-19T19:12:00+01:00;2025-01-22T04:45:00+01:00;Jueves;Miércoles;ZBS Palencia Rural;Rural;C.A.U. Palencia;Palencia;Palencia;84;Hombre
2024-12-18T22:27:00+01:00;2025-01-09T17:15:00+01:00;Miércoles;Jueves;ZBS Santa Marta de Tormes;Rural;C.A.U. Salamanca;Salamanca;Salamanca;85;Hombre
2024-12-18T20:47:00+01:00;2025-01-07T10:45:00+01:00;Miércoles;Martes;ZBS Pilarica;Urbano;H.C.U. Valladolid;Valladolid Este;Valladolid;73;Hombre
2024-12-18T01:56:00+01:00;2025-01-08T18:10:00+01:00;Miércoles;Miércoles;ZBS Villarramiel;Rural;C.A.U. Palencia;Palencia;Palencia;78;Hombre
2024-12-17T19:39:00+01:00;2025-01-09T14:00:00+01:00;Martes;Jueves;ZBS Burgos Rural Norte;Rural;C.A.U. Burgos;Burgos;Burgos;66;Hombre
2024-12-17T17:05:00+01:00;2025-01-02T18:00:00+01:00;Martes;Jueves;ZBS San Andrés del Rabanedo;Rural;C.A.U. León;León;León;57;Hombre
2024-12-16T20:09:00+01:00;2025-01-08T19:59:00+01:00;Lunes;Miércoles;ZBS Eras de Renueva;Urbano;C.A.U. León;León;León;60;Mujer
2024-12-16T06:08:00+01:00;2025-01-13T17:43:00+01:00;Lunes;Lunes;ZBS Puerta Nueva;Urbano;C.A.U. Salamanca;Salamanca;Salamanca;65;Hombre
2024-12-15T17:35:00+01:00;2025-01-02T17:14:00+01:00;Domingo;Jueves;ZBS Miranda Oeste;Urbano;C.A.U. Burgos;Burgos;Burgos;59;Hombre
2024-12-15T03:46:00+01:00;2025-01-09T17:15:00+01:00;Domingo;Jueves;ZBS Alamedilla;Urbano;C.A.U. Salamanca;Salamanca;Salamanca;55;Hombre
2024-12-14T16:46:00+01:00;2025-01-08T17:15:00+01:00;Sábado;Miércoles;ZBS Segovia Rural;Rural;H.U. Río Hortega;Valladolid Oeste;Valladolid;47;Hombre
2024-12-13T19:26:00+01:00;2025-05-12T14:23:00+02:00;Viernes;Lunes;ZBS Cuéllar;Urbano;H.C.U. Valladolid;Valladolid Este;Valladolid;59;Hombre
2024-12-13T19:17:00+01:00;2025-01-02T11:56:00+01:00;Viernes;Jueves;ZBS Zamora Norte;Rural;C.A. Zamora;Zamora;Zamora;79;Mujer
2024-12-13T13:25:00+01:00;2025-01-02T21:56:00+01:00;Viernes;Jueves;ZBS Delicias II;Urbano;H.U. Río Hortega;Valladolid Oeste;Valladolid;76;Mujer
2024-12-12T23:54:00+01:00;2025-01-05T16:04:00+01:00;Jueves;Domingo;ZBS García Lorca;Urbano;C.A.U. Burgos;Burgos;Burgos;79;Mujer
2024-12-12T20:07:00+01:00;2025-01-16T18:52:00+01:00;Jueves;Jueves;ZBS Aguilar de Campoo;Rural;C.A.U. Palencia;Palencia;Palencia;75;Mujer
2024-12-12T18:57:00+01:00;2025-02-10T18:29:00+01:00;Jueves;Lunes;ZBS Aranda Norte;Urbano;C.A.U. Burgos;Burgos;Burgos;69;Hombre
2024-12-12T03:32:00+01:00;2025-01-15T17:32:00+01:00;Jueves;Miércoles;ZBS Bierzo;Urbano;C.A.U. León;León;León;67;Mujer
2024-12-11T18:17:00+01:00;2025-01-28T10:37:00+01:00;Miércoles;Martes;ZBS Villarramiel;Rural;C.A.U. Palencia;Palencia;Palencia;82;Hombre
2024-12-10T13:47:00+01:00;2025-01-02T17:42:00+01:00;Martes;Jueves;ZBS Ávila Estación;Urbano;C.A.U. Salamanca;Salamanca;Salamanca;57;Hombre
2024-12-08T19:53:00+01:00;2025-01-14T18:59:00+01:00;Domingo;Martes;ZBS Garrido Norte;Urbano;C.A.U. Salamanca;Salamanca;Salamanca;100;Mujer
2024-12-08T00:49:00+01:00;2025-01-07T10:53:00+01:00;Sábado;Martes;ZBS Delicias II;Urbano;H.U. Río Hortega;Valladolid Oeste;Valladolid;93;Hombre
2024-12-07T04:43:00+01:00;2025-01-02T19:40:00+01:00;Sábado;Jueves;ZBS Ávila Sur Oeste;Urbano;C.A.U. Salamanca;Salamanca;Salamanca;54;Mujer
2024-12-03T19:01:00+01:00;2025-01-03T19:18:00+01:00;Martes;Viernes;ZBS De la Puebla;Urbano;C.A.U. Palencia;Palencia;Palencia;58;Hombre
2024-12-02T23:08:00+01:00;2025-01-02T19:57:00+01:00;Lunes;Jueves;ZBS Ávila Norte;Urbano;C.A.U. Salamanca;Salamanca;Salamanca;58;Hombre
2024-11-30T18:49:00+01:00;2025-01-28T09:10:00+01:00;Sábado;Martes;ZBS Circunvalación;Urbano;H.C.U. Valladolid;Valladolid Este;Valladolid;67;Hombre
2024-11-30T02:33:00+01:00;2025-01-02T12:50:00+01:00;Sábado;Jueves;ZBS Eras de Renueva;Urbano;C.A.U. León;León;León;63;Hombre
2024-11-26T18:37:00+01:00;2025-01-17T13:52:00+01:00;Martes;Viernes;ZBS Aguilar de Campoo;Rural;C.A.U. Palencia;Palencia;Palencia;88;Hombre
2024-11-24T09:08:00+01:00;2025-01-30T17:11:00+01:00;Domingo;Jueves;ZBS Alamedilla;Urbano;C.A.U. Salamanca;Salamanca;Salamanca;75;Mujer
2024-11-22T01:36:00+01:00;2025-01-03T12:25:00+01:00;Viernes;Viernes;ZBS Magdalena;Urbano;H.C.U. Valladolid;Valladolid Este;Valladolid;76;Hombre
2024-11-21T19:04:00+01:00;2025-01-28T18:52:00+01:00;Jueves;Martes;ZBS De la Puebla;Urbano;C.A.U. Palencia;Palencia;Palencia;56;Hombre
2024-11-14T21:00:00+01:00;2025-01-28T13:33:00+01:00;Jueves;Martes;ZBS Herrera de Pisuerga;Rural;C.A.U. Palencia;Palencia;Palencia;63;Hombre
2024-10-09T14:09:00+02:00;2025-01-21T17:14:00+01:00;Miércoles;Martes;ZBS José Luis Santamaría;Urbano;C.A.U. Burgos;Burgos;Burgos;43;Hombre
